internalEntityId,siteId,domainId,providerAssetId,displayedTitle,originalTitle,alternativeTitles,normalizedTitles,year,releaseDate,country,language,genres,studio,creators,cast,duration,episodeCount,seasonNumber,providerContentType,currentContentKind,currentSchemaType,currentOgType,sourceRefs,existingExternalIds,conflictReasons,resolutionStatus,providerKind,tagKinds,reason
lords-01:01a03ceb-8309-7452-a66b-bde66e5c6c1f,lords-01,lords-01,01a03ceb-8309-7452-a66b-bde66e5c6c1f,Чаша снега,,,чаша снега,2026,,,,ona|13+,,,,,,,movie,UNKNOWN,,,cdnvideohub-catalog-cache,myanimelist:61569,PROVIDER_TYPE_VS_KIND_TAG,CONFLICTED,MOVIE,ONA,тип поставщика MOVIE и тег ONA из разных групп: эпизодический против единичного. Выбор без внешнего источника был бы угадыванием
lords-01:01a002c9-6b74-74dd-9a07-ae303900ae27,lords-01,lords-01,01a002c9-6b74-74dd-9a07-ae303900ae27,Изобрази отвращение и покажи мне свои трусики 3,,,изобрази отвращение и покажи мне свои трусики 3,2023,,,,ova|13+,,,,,,,movie,UNKNOWN,,,cdnvideohub-catalog-cache,myanimelist:55629,PROVIDER_TYPE_VS_KIND_TAG,CONFLICTED,MOVIE,OVA,тип поставщика MOVIE и тег OVA из разных групп: эпизодический против единичного. Выбор без внешнего источника был бы угадыванием
lords-01:019fe334-df3d-7526-b988-691c0cfddbb6,lords-01,lords-01,019fe334-df3d-7526-b988-691c0cfddbb6,Безупречный мир: Небеса в огне девяти бедствий,,,безупречный мир небеса в огне девяти бедствий,2026,,,,ona|13+,,,,,,,movie,UNKNOWN,,,cdnvideohub-catalog-cache,myanimelist:62723,PROVIDER_TYPE_VS_KIND_TAG,CONFLICTED,MOVIE,ONA,тип поставщика MOVIE и тег ONA из разных групп: эпизодический против единичного. Выбор без внешнего источника был бы угадыванием
lords-01:019fe1c4-3327-7508-a56e-9e314ed41be3,lords-01,lords-01,019fe1c4-3327-7508-a56e-9e314ed41be3,Принцесса-герой,,,принцесса герой,2026,,,,ona,,,,,,,movie,UNKNOWN,,,cdnvideohub-catalog-cache,myanimelist:64012,PROVIDER_TYPE_VS_KIND_TAG,CONFLICTED,MOVIE,ONA,тип поставщика MOVIE и тег ONA из разных групп: эпизодический против единичного. Выбор без внешнего источника был бы угадыванием
lords-01:019fc375-fc24-7a4f-bb61-e56eff258a00,lords-01,lords-01,019fc375-fc24-7a4f-bb61-e56eff258a00,Моя геройская академия: Я тоже герой,,,моя геройская академия я тоже герой,2026,,,,ona,,,,,,,movie,UNKNOWN,,,cdnvideohub-catalog-cache,myanimelist:64107,PROVIDER_TYPE_VS_KIND_TAG,CONFLICTED,MOVIE,ONA,тип поставщика MOVIE и тег ONA из разных групп: эпизодический против единичного. Выбор без внешнего источника был бы угадыванием
lords-01:019fb437-fd96-792c-8717-ef9aead11167,lords-01,lords-01,019fb437-fd96-792c-8717-ef9aead11167,У меня мало друзей: Эпизод 0,,,у меня мало друзей эпизод 0,2011,,,,ova|anime|13+,,,,,,,movie,UNKNOWN,,,cdnvideohub-catalog-cache,imdb:0244585|kinopoisk:707597|myanimelist:10897,PROVIDER_TYPE_VS_KIND_TAG,CONFLICTED,MOVIE,OVA,тип поставщика MOVIE и тег OVA из разных групп: эпизодический против единичного. Выбор без внешнего источника был бы угадыванием
lords-01:019f942f-f088-716c-ae29-35bead81d2db,lords-01,lords-01,019f942f-f088-716c-ae29-35bead81d2db,У меня мало друзей: Дополнение,,,у меня мало друзей дополнение,2012,,,,ova|anime|17+,,,,,,,movie,UNKNOWN,,,cdnvideohub-catalog-cache,kinopoisk:708751|myanimelist:14027,PROVIDER_TYPE_VS_KIND_TAG,CONFLICTED,MOVIE,OVA,тип поставщика MOVIE и тег OVA из разных групп: эпизодический против единичного. Выбор без внешнего источника был бы угадыванием
lords-01:019ecc6f-f6dd-7bca-98dd-496e63967526,lords-01,lords-01,019ecc6f-f6dd-7bca-98dd-496e63967526,Новый Тэнти — лишний! Спецвыпуски,,,новый тэнти лишний спецвыпуски,1997,,,,special|13+,,,,,,,tv,UNKNOWN,,,cdnvideohub-catalog-cache,myanimelist:8767,PROVIDER_TYPE_VS_KIND_TAG,CONFLICTED,SERIES,SPECIAL,тип поставщика SERIES и тег SPECIAL из разных групп: эпизодический против единичного. Выбор без внешнего источника был бы угадыванием
lords-01:019eb78a-3569-73ed-b990-a2863d4e15da,lords-01,lords-01,019eb78a-3569-73ed-b990-a2863d4e15da,Тёмное прошлое перевоплощённой злодейки OVA,,,темное прошлое перевоплощенной злодейки ova,2026,,,,ova|13+,,,,,,,movie,UNKNOWN,,,cdnvideohub-catalog-cache,myanimelist:63266,PROVIDER_TYPE_VS_KIND_TAG,CONFLICTED,MOVIE,OVA,тип поставщика MOVIE и тег OVA из разных групп: эпизодический против единичного. Выбор без внешнего источника был бы угадыванием
lords-01:019e8209-2424-7050-b64f-52b77d93ae07,lords-01,lords-01,019e8209-2424-7050-b64f-52b77d93ae07,Падший мастер: Эпизод 0,,,падший мастер эпизод 0,2023,,,,ona|13+,,,,,,,movie,UNKNOWN,,,cdnvideohub-catalog-cache,myanimelist:55856,PROVIDER_TYPE_VS_KIND_TAG,CONFLICTED,MOVIE,ONA,тип поставщика MOVIE и тег ONA из разных групп: эпизодический против единичного. Выбор без внешнего источника был бы угадыванием
lords-01:019e3628-552e-79fb-b4e5-475272db3b9f,lords-01,lords-01,019e3628-552e-79fb-b4e5-475272db3b9f,Re:Zero. Перерыв с нуля 4,,,re zero перерыв с нуля 4,2026,,,,special|13+,,,,,,,tv,UNKNOWN,,,cdnvideohub-catalog-cache,myanimelist:63830,PROVIDER_TYPE_VS_KIND_TAG,CONFLICTED,SERIES,SPECIAL,тип поставщика SERIES и тег SPECIAL из разных групп: эпизодический против единичного. Выбор без внешнего источника был бы угадыванием
lords-01:019de51b-f542-77d1-b427-afe130751f27,lords-01,lords-01,019de51b-f542-77d1-b427-afe130751f27,Пожиратель звёзд: Битва на Изначальной звезде,,,пожиратель звезд битва на изначальной звезде,2026,,,,ona|13+,,,,,,,movie,UNKNOWN,,,cdnvideohub-catalog-cache,myanimelist:62726,PROVIDER_TYPE_VS_KIND_TAG,CONFLICTED,MOVIE,ONA,тип поставщика MOVIE и тег ONA из разных групп: эпизодический против единичного. Выбор без внешнего источника был бы угадыванием
lords-01:019db974-376a-7bc4-8512-2d9ad2139ab0,lords-01,lords-01,019db974-376a-7bc4-8512-2d9ad2139ab0,Мини-дракон: Спецвыпуски,,,мини дракон спецвыпуски,2021,,,,special|13+,,,,,,,tv,UNKNOWN,,,cdnvideohub-catalog-cache,myanimelist:49483,PROVIDER_TYPE_VS_KIND_TAG,CONFLICTED,SERIES,SPECIAL,тип поставщика SERIES и тег SPECIAL из разных групп: эпизодический против единичного. Выбор без внешнего источника был бы угадыванием
lords-01:019da833-2781-7b1d-80a6-8359b5e4c6d0,lords-01,lords-01,019da833-2781-7b1d-80a6-8359b5e4c6d0,Студия Бадзя: Бадзя на море,,,студия бадзя бадзя на море,2020,,,,ova|cartoon|0+,,,,,,,movie,UNKNOWN,,,cdnvideohub-catalog-cache,imdb:12706930|kinopoisk:1417178|myanimelist:39735,PROVIDER_TYPE_VS_KIND_TAG,CONFLICTED,MOVIE,OVA,тип поставщика MOVIE и тег OVA из разных групп: эпизодический против единичного. Выбор без внешнего источника был бы угадыванием
lords-01:019d5dd9-0483-7af5-afe1-a0b24e5b5c04,lords-01,lords-01,019d5dd9-0483-7af5-afe1-a0b24e5b5c04,Окутывая небеса: Сражение против Тэн Вана с медным гробом,,,окутывая небеса сражение против тэн вана с медным гробом,2026,,,,ona|13+,,,,,,,movie,UNKNOWN,,,cdnvideohub-catalog-cache,myanimelist:63606,PROVIDER_TYPE_VS_KIND_TAG,CONFLICTED,MOVIE,ONA,тип поставщика MOVIE и тег ONA из разных групп: эпизодический против единичного. Выбор без внешнего источника был бы угадыванием
lords-01:019cde4d-41f1-7e11-b171-07d5bd9840ac,lords-01,lords-01,019cde4d-41f1-7e11-b171-07d5bd9840ac,Усио и Тора: Театр комических деформаций,,,усио и тора театр комических деформаций,1993,,,,ova|anime|13+,,,,,,,movie,UNKNOWN,,,cdnvideohub-catalog-cache,kinopoisk:335736|myanimelist:5308,PROVIDER_TYPE_VS_KIND_TAG,CONFLICTED,MOVIE,OVA,тип поставщика MOVIE и тег OVA из разных групп: эпизодический против единичного. Выбор без внешнего источника был бы угадыванием
lords-01:019cc4d1-f195-72e3-9364-0557b543788c,lords-01,lords-01,019cc4d1-f195-72e3-9364-0557b543788c,Открывая дверь,,,открывая дверь,1995,,,,ova|anime|0+,,,,,,,movie,UNKNOWN,,,cdnvideohub-catalog-cache,imdb:2411932|kinopoisk:708995|myanimelist:1979,PROVIDER_TYPE_VS_KIND_TAG,CONFLICTED,MOVIE,OVA,тип поставщика MOVIE и тег OVA из разных групп: эпизодический против единичного. Выбор без внешнего источника был бы угадыванием
lords-01:019cc4cf-22d3-76d7-a7f9-bd718736f7bb,lords-01,lords-01,019cc4cf-22d3-76d7-a7f9-bd718736f7bb,Бандит Бин,,,бандит бин,2021,,,,ova|anime|13+,,,,,,,movie,UNKNOWN,,,cdnvideohub-catalog-cache,imdb:28316364|kinopoisk:5129344|myanimelist:37483,PROVIDER_TYPE_VS_KIND_TAG,CONFLICTED,MOVIE,OVA,тип поставщика MOVIE и тег OVA из разных групп: эпизодический против единичного. Выбор без внешнего источника был бы угадыванием
lords-01:019cc34b-a867-76cb-a255-842f962d732a,lords-01,lords-01,019cc34b-a867-76cb-a255-842f962d732a,Птичья песня,,,птичья песня,2007,,,,ova|anime|13+,,,,,,,movie,UNKNOWN,,,cdnvideohub-catalog-cache,imdb:2495264|kinopoisk:724228|myanimelist:5819,PROVIDER_TYPE_VS_KIND_TAG,CONFLICTED,MOVIE,OVA,тип поставщика MOVIE и тег OVA из разных групп: эпизодический против единичного. Выбор без внешнего источника был бы угадыванием
lords-01:019cb8e6-f453-7b52-a54f-47c9ca90aefe,lords-01,lords-01,019cb8e6-f453-7b52-a54f-47c9ca90aefe,Genshin Impact: Звёздная Одиссея,,,genshin impact звездная одиссея,2025,,,,ona|13+,,,,,,,movie,UNKNOWN,,,cdnvideohub-catalog-cache,myanimelist:61840,PROVIDER_TYPE_VS_KIND_TAG,CONFLICTED,MOVIE,ONA,тип поставщика MOVIE и тег ONA из разных групп: эпизодический против единичного. Выбор без внешнего источника был бы угадыванием
lords-01:019cb87e-5077-7138-960b-9bd5dadc2f58,lords-01,lords-01,019cb87e-5077-7138-960b-9bd5dadc2f58,Genshin Impact: Неизбранный путь,,,genshin impact неизбранный путь,2024,,,,ona|13+,,,,,,,movie,UNKNOWN,,,cdnvideohub-catalog-cache,myanimelist:58930,PROVIDER_TYPE_VS_KIND_TAG,CONFLICTED,MOVIE,ONA,тип поставщика MOVIE и тег ONA из разных групп: эпизодический против единичного. Выбор без внешнего источника был бы угадыванием
lords-01:019cb439-c0da-7d48-ab18-f5a4572bf5b6,lords-01,lords-01,019cb439-c0da-7d48-ab18-f5a4572bf5b6,Ранма 1/2: Музыкальный конкурс,,,ранма 1 2 музыкальный конкурс,1990,,,,ova|cartoon|13+,,,,,,,movie,UNKNOWN,,,cdnvideohub-catalog-cache,imdb:15469286|kinopoisk:4646260|myanimelist:6713,PROVIDER_TYPE_VS_KIND_TAG,CONFLICTED,MOVIE,OVA,тип поставщика MOVIE и тег OVA из разных групп: эпизодический против единичного. Выбор без внешнего источника был бы угадыванием
lords-01:019c9f9f-3555-7f3c-b460-fe18264aec13,lords-01,lords-01,019c9f9f-3555-7f3c-b460-fe18264aec13,Ну не может моя сестрёнка быть такой милой: Анимированный комментарий,,,ну не может моя сестренка быть такой милой анимированный комментарий,2010,,,,special|13+,,,,,,,tv,UNKNOWN,,,cdnvideohub-catalog-cache,myanimelist:10108,PROVIDER_TYPE_VS_KIND_TAG,CONFLICTED,SERIES,SPECIAL,тип поставщика SERIES и тег SPECIAL из разных групп: эпизодический против единичного. Выбор без внешнего источника был бы угадыванием
lords-01:019c9510-325e-7dce-ba78-d722c55f3db9,lords-01,lords-01,019c9510-325e-7dce-ba78-d722c55f3db9,Ужасы дома ужасов,,,ужасы дома ужасов,2026,,,,ona|13+,,,,,,,movie,UNKNOWN,,,cdnvideohub-catalog-cache,myanimelist:63558,PROVIDER_TYPE_VS_KIND_TAG,CONFLICTED,MOVIE,ONA,тип поставщика MOVIE и тег ONA из разных групп: эпизодический против единичного. Выбор без внешнего источника был бы угадыванием
lords-01:019c8662-c9b3-7c9b-be21-1a44aa6c94bf,lords-01,lords-01,019c8662-c9b3-7c9b-be21-1a44aa6c94bf,Уроки современного искусства OVA,,,уроки современного искусства ova,2010,,,,ova|cartoon|13+,,,,,,,movie,UNKNOWN,,,cdnvideohub-catalog-cache,imdb:1785388|kinopoisk:613207|myanimelist:6959,PROVIDER_TYPE_VS_KIND_TAG,CONFLICTED,MOVIE,OVA,тип поставщика MOVIE и тег OVA из разных групп: эпизодический против единичного. Выбор без внешнего источника был бы угадыванием
lords-01:019c6fed-f60b-7843-993d-931360764e50,lords-01,lords-01,019c6fed-f60b-7843-993d-931360764e50,Новогодний альянс: Новогодние скачки,,,новогодний альянс новогодние скачки,2026,,,,ona|0+,,,,,,,movie,UNKNOWN,,,cdnvideohub-catalog-cache,myanimelist:63497,PROVIDER_TYPE_VS_KIND_TAG,CONFLICTED,MOVIE,ONA,тип поставщика MOVIE и тег ONA из разных групп: эпизодический против единичного. Выбор без внешнего источника был бы угадыванием
lords-01:019c6607-5e48-7515-8ec3-0a08fc96d633,lords-01,lords-01,019c6607-5e48-7515-8ec3-0a08fc96d633,Однажды мне пришло письмо из Страны собак,,,однажды мне пришло письмо из страны собак,2015,,,,ova|anime|0+,,,,,,,movie,UNKNOWN,,,cdnvideohub-catalog-cache,imdb:17868090|kinopoisk:957917|myanimelist:31387,PROVIDER_TYPE_VS_KIND_TAG,CONFLICTED,MOVIE,OVA,тип поставщика MOVIE и тег OVA из разных групп: эпизодический против единичного. Выбор без внешнего источника был бы угадыванием
lords-01:019c6115-806a-7bd9-9bee-d8edf16be2d5,lords-01,lords-01,019c6115-806a-7bd9-9bee-d8edf16be2d5,Джентльмен из грёз: Скандальное приключение,,,джентльмен из грез скандальное приключение,1987,,,,ova|anime|13+,,,,,,,movie,UNKNOWN,,,cdnvideohub-catalog-cache,kinopoisk:1185298|myanimelist:8162,PROVIDER_TYPE_VS_KIND_TAG,CONFLICTED,MOVIE,OVA,тип поставщика MOVIE и тег OVA из разных групп: эпизодический против единичного. Выбор без внешнего источника был бы угадыванием
lords-01:019c1e57-4446-7761-8a06-1750be9303df,lords-01,lords-01,019c1e57-4446-7761-8a06-1750be9303df,Тихий дон: Побочная история о якудза,,,тихий дон побочная история о якудза,1991,,,,ova|17+,,,,,,,movie,UNKNOWN,,,cdnvideohub-catalog-cache,myanimelist:9349,PROVIDER_TYPE_VS_KIND_TAG,CONFLICTED,MOVIE,OVA,тип поставщика MOVIE и тег OVA из разных групп: эпизодический против единичного. Выбор без внешнего источника был бы угадыванием
lords-01:019c1524-55e9-79b0-a680-8505dc7dc906,lords-01,lords-01,019c1524-55e9-79b0-a680-8505dc7dc906,"Дурни, тесты, аватары: Рождество",,,дурни тесты аватары рождество,2009,,,,ona|13+,,,,,,,movie,UNKNOWN,,,cdnvideohub-catalog-cache,myanimelist:7805,PROVIDER_TYPE_VS_KIND_TAG,CONFLICTED,MOVIE,ONA,тип поставщика MOVIE и тег ONA из разных групп: эпизодический против единичного. Выбор без внешнего источника был бы угадыванием
lords-01:019c1522-7160-7d9d-b9b7-89732c18adcc,lords-01,lords-01,019c1522-7160-7d9d-b9b7-89732c18adcc,"Дурни, тесты, аватары: Спецвыпуски",,,дурни тесты аватары спецвыпуски,2010,,,,special|13+,,,,,,,tv,UNKNOWN,,,cdnvideohub-catalog-cache,myanimelist:7870,PROVIDER_TYPE_VS_KIND_TAG,CONFLICTED,SERIES,SPECIAL,тип поставщика SERIES и тег SPECIAL из разных групп: эпизодический против единичного. Выбор без внешнего источника был бы угадыванием
lords-01:019c0a16-6234-72e9-8dfc-b8c693f4757c,lords-01,lords-01,019c0a16-6234-72e9-8dfc-b8c693f4757c,Инициал Ди: Боевая стадия 2,,,инициал ди боевая стадия 2,2007,,,,ova|anime|13+,,,,,,,movie,UNKNOWN,,,cdnvideohub-catalog-cache,imdb:11294636|kinopoisk:1321390|myanimelist:3931,PROVIDER_TYPE_VS_KIND_TAG,CONFLICTED,MOVIE,OVA,тип поставщика MOVIE и тег OVA из разных групп: эпизодический против единичного. Выбор без внешнего источника был бы угадыванием
lords-01:019c09e9-6426-7d70-a01c-c8f6cef3cc5d,lords-01,lords-01,019c09e9-6426-7d70-a01c-c8f6cef3cc5d,Баскетбол Куроко: Дураки не могут выиграть!,,,баскетбол куроко дураки не могут выиграть,2013,,,,ova|13+,,,,,,,movie,UNKNOWN,,,cdnvideohub-catalog-cache,myanimelist:19669,PROVIDER_TYPE_VS_KIND_TAG,CONFLICTED,MOVIE,OVA,тип поставщика MOVIE и тег OVA из разных групп: эпизодический против единичного. Выбор без внешнего источника был бы угадыванием
lords-01:019be5b3-dfc4-75bf-874e-2cfe9ef05a8e,lords-01,lords-01,019be5b3-dfc4-75bf-874e-2cfe9ef05a8e,Суперпринцесса Кагуя!,,,суперпринцесса кагуя,2026,,,,ona|anime|13+,,,,,,,movie,UNKNOWN,,,cdnvideohub-catalog-cache,kinopoisk:12267286|myanimelist:62896,PROVIDER_TYPE_VS_KIND_TAG,CONFLICTED,MOVIE,ONA,тип поставщика MOVIE и тег ONA из разных групп: эпизодический против единичного. Выбор без внешнего источника был бы угадыванием
lords-01:019be070-9456-7241-a637-1f73db1f4b96,lords-01,lords-01,019be070-9456-7241-a637-1f73db1f4b96,Боги и духи: Весенний фестиваль,,,боги и духи весенний фестиваль,2024,,,,ona|13+,,,,,,,movie,UNKNOWN,,,cdnvideohub-catalog-cache,myanimelist:58048,PROVIDER_TYPE_VS_KIND_TAG,CONFLICTED,MOVIE,ONA,тип поставщика MOVIE и тег ONA из разных групп: эпизодический против единичного. Выбор без внешнего источника был бы угадыванием
lords-01:019bd655-5c64-711b-aa68-41ef4505f90e,lords-01,lords-01,019bd655-5c64-711b-aa68-41ef4505f90e,Гамера против Кодзамеры,,,гамера против кодзамеры,2023,,,,ona|0+,,,,,,,movie,UNKNOWN,,,cdnvideohub-catalog-cache,myanimelist:56702,PROVIDER_TYPE_VS_KIND_TAG,CONFLICTED,MOVIE,ONA,тип поставщика MOVIE и тег ONA из разных групп: эпизодический против единичного. Выбор без внешнего источника был бы угадыванием
lords-01:019bbcef-e4cb-70e1-b99c-15c78b0ac2d1,lords-01,lords-01,019bbcef-e4cb-70e1-b99c-15c78b0ac2d1,Ложнококон,,,ложнококон,2020,,,,ona|anime|13+,,,,,,,movie,UNKNOWN,,,cdnvideohub-catalog-cache,kinopoisk:10467068|myanimelist:44059,PROVIDER_TYPE_VS_KIND_TAG,CONFLICTED,MOVIE,ONA,тип поставщика MOVIE и тег ONA из разных групп: эпизодический против единичного. Выбор без внешнего источника был бы угадыванием
lords-01:019bbcdc-352d-7303-98f8-2508cebd9736,lords-01,lords-01,019bbcdc-352d-7303-98f8-2508cebd9736,При Пара: Земля идола — Эпизод 0,,,при пара земля идола эпизод 0,2021,,,,ona|13+,,,,,,,movie,UNKNOWN,,,cdnvideohub-catalog-cache,myanimelist:56561,PROVIDER_TYPE_VS_KIND_TAG,CONFLICTED,MOVIE,ONA,тип поставщика MOVIE и тег ONA из разных групп: эпизодический против единичного. Выбор без внешнего источника был бы угадыванием
lords-01:019bbbae-5385-7fc2-b495-24bb06968e33,lords-01,lords-01,019bbbae-5385-7fc2-b495-24bb06968e33,Город поп-поп,,,город поп поп,2024,,,,ona|13+,,,,,,,movie,UNKNOWN,,,cdnvideohub-catalog-cache,myanimelist:58318,PROVIDER_TYPE_VS_KIND_TAG,CONFLICTED,MOVIE,ONA,тип поставщика MOVIE и тег ONA из разных групп: эпизодический против единичного. Выбор без внешнего источника был бы угадыванием
lords-01:019bbba8-9e33-75be-a8b3-63f91806a8e9,lords-01,lords-01,019bbba8-9e33-75be-a8b3-63f91806a8e9,Мост: Мои маленькие друзья,,,мост мои маленькие друзья,2024,,,,ona|0+,,,,,,,movie,UNKNOWN,,,cdnvideohub-catalog-cache,myanimelist:58319,PROVIDER_TYPE_VS_KIND_TAG,CONFLICTED,MOVIE,ONA,тип поставщика MOVIE и тег ONA из разных групп: эпизодический против единичного. Выбор без внешнего источника был бы угадыванием
lords-01:019bbba5-cfae-72ee-85d4-b6b45e6dcbd0,lords-01,lords-01,019bbba5-cfae-72ee-85d4-b6b45e6dcbd0,Кроссовки и панк,,,кроссовки и панк,2024,,,,ona|13+,,,,,,,movie,UNKNOWN,,,cdnvideohub-catalog-cache,myanimelist:58320,PROVIDER_TYPE_VS_KIND_TAG,CONFLICTED,MOVIE,ONA,тип поставщика MOVIE и тег ONA из разных групп: эпизодический против единичного. Выбор без внешнего источника был бы угадыванием
lords-01:019b9d36-a85d-71c8-b032-4b2de5d93cb2,lords-01,lords-01,019b9d36-a85d-71c8-b032-4b2de5d93cb2,«Торчащий язык» Тёмма,,,торчащий язык темма,1987,,,,ova|6+,,,,,,,movie,UNKNOWN,,,cdnvideohub-catalog-cache,myanimelist:30984,PROVIDER_TYPE_VS_KIND_TAG,CONFLICTED,MOVIE,OVA,тип поставщика MOVIE и тег OVA из разных групп: эпизодический против единичного. Выбор без внешнего источника был бы угадыванием
lords-01:019b983c-0355-7142-a3c2-8d54a8842249,lords-01,lords-01,019b983c-0355-7142-a3c2-8d54a8842249,Золотое божество: Молниеносный разбойник и Гадюка Огин/Длиннохвостая синица,,,золотое божество молниеносный разбойник и гадюка огин длиннохвостая синица,2025,,,,ova|17+,,,,,,,movie,UNKNOWN,,,cdnvideohub-catalog-cache,myanimelist:61834,PROVIDER_TYPE_VS_KIND_TAG,CONFLICTED,MOVIE,OVA,тип поставщика MOVIE и тег OVA из разных групп: эпизодический против единичного. Выбор без внешнего источника был бы угадыванием
lords-01:019b839a-8d6a-73bb-8dff-12b804496a87,lords-01,lords-01,019b839a-8d6a-73bb-8dff-12b804496a87,Туманный холм пяти стихий ONA,,,туманный холм пяти стихий ona,2016,,,,ona|13+,,,,,,,movie,UNKNOWN,,,cdnvideohub-catalog-cache,myanimelist:51195,PROVIDER_TYPE_VS_KIND_TAG,CONFLICTED,MOVIE,ONA,тип поставщика MOVIE и тег ONA из разных групп: эпизодический против единичного. Выбор без внешнего источника был бы угадыванием
lords-01:019b4a5e-8028-7d7d-b88e-b9a4abd425fa,lords-01,lords-01,019b4a5e-8028-7d7d-b88e-b9a4abd425fa,Левша: Пилотный выпуск,,,левша пилотный выпуск,2023,,,,ona|13+,,,,,,,movie,UNKNOWN,,,cdnvideohub-catalog-cache,myanimelist:55191,PROVIDER_TYPE_VS_KIND_TAG,CONFLICTED,MOVIE,ONA,тип поставщика MOVIE и тег ONA из разных групп: эпизодический против единичного. Выбор без внешнего источника был бы угадыванием
lords-01:019b45d5-4562-754d-84fa-2aa6a279a5ed,lords-01,lords-01,019b45d5-4562-754d-84fa-2aa6a279a5ed,Принц тенниса: День выживания в горах,,,принц тенниса день выживания в горах,2003,,,,ova|anime|13+,,,,,,,movie,UNKNOWN,,,cdnvideohub-catalog-cache,kinopoisk:1404932|myanimelist:1190,PROVIDER_TYPE_VS_KIND_TAG,CONFLICTED,MOVIE,OVA,тип поставщика MOVIE и тег OVA из разных групп: эпизодический против единичного. Выбор без внешнего источника был бы угадыванием
lords-01:019b288f-5f35-77c3-8ff9-1dc563a598f2,lords-01,lords-01,019b288f-5f35-77c3-8ff9-1dc563a598f2,Бестия,,,бестия,2025,,,,ona|13+,,,,,,,movie,UNKNOWN,,,cdnvideohub-catalog-cache,myanimelist:61302,PROVIDER_TYPE_VS_KIND_TAG,CONFLICTED,MOVIE,ONA,тип поставщика MOVIE и тег ONA из разных групп: эпизодический против единичного. Выбор без внешнего источника был бы угадыванием
lords-01:019b2783-7b41-7aa0-859f-6ab8412a556d,lords-01,lords-01,019b2783-7b41-7aa0-859f-6ab8412a556d,Трусливый велосипедист: Специальная поездка,,,трусливый велосипедист специальная поездка,2013,,,,ova|anime|13+,,,,,,,movie,UNKNOWN,,,cdnvideohub-catalog-cache,kinopoisk:4536410|myanimelist:18177,PROVIDER_TYPE_VS_KIND_TAG,CONFLICTED,MOVIE,OVA,тип поставщика MOVIE и тег OVA из разных групп: эпизодический против единичного. Выбор без внешнего источника был бы угадыванием
lords-01:019b2186-2df2-7d04-b13a-b01f5eeef742,lords-01,lords-01,019b2186-2df2-7d04-b13a-b01f5eeef742,"Исиномаки, город, который меняется и может измениться feat. Jun",,,исиномаки город который меняется и может измениться feat jun,2022,,,,ona|0+,,,,,,,movie,UNKNOWN,,,cdnvideohub-catalog-cache,myanimelist:51008,PROVIDER_TYPE_VS_KIND_TAG,CONFLICTED,MOVIE,ONA,тип поставщика MOVIE и тег ONA из разных групп: эпизодический против единичного. Выбор без внешнего источника был бы угадыванием
lords-01:019b1c37-781b-7afe-8be9-d27452cdcdc4,lords-01,lords-01,019b1c37-781b-7afe-8be9-d27452cdcdc4,Дракон Раджа: Эпизод 0,,,дракон раджа эпизод 0,2022,,,,ona|13+,,,,,,,movie,UNKNOWN,,,cdnvideohub-catalog-cache,myanimelist:52890,PROVIDER_TYPE_VS_KIND_TAG,CONFLICTED,MOVIE,ONA,тип поставщика MOVIE и тег ONA из разных групп: эпизодический против единичного. Выбор без внешнего источника был бы угадыванием
lords-01:019b1c16-b8d9-71e6-aeff-c3621993d403,lords-01,lords-01,019b1c16-b8d9-71e6-aeff-c3621993d403,Звёздный рай,,,звездный рай,1991,,,,ova|13+,,,,,,,movie,UNKNOWN,,,cdnvideohub-catalog-cache,myanimelist:4452,PROVIDER_TYPE_VS_KIND_TAG,CONFLICTED,MOVIE,OVA,тип поставщика MOVIE и тег OVA из разных групп: эпизодический против единичного. Выбор без внешнего источника был бы угадыванием
lords-01:019b0db4-ad85-716c-af20-933d1787d533,lords-01,lords-01,019b0db4-ad85-716c-af20-933d1787d533,Охотник х Охотник: Пилотная серия,,,охотник х охотник пилотная серия,1998,,,,ova|anime|13+,,,,,,,movie,UNKNOWN,,,cdnvideohub-catalog-cache,imdb:13034722|kinopoisk:678772|myanimelist:10189,PROVIDER_TYPE_VS_KIND_TAG,CONFLICTED,MOVIE,OVA,тип поставщика MOVIE и тег OVA из разных групп: эпизодический против единичного. Выбор без внешнего источника был бы угадыванием
lords-01:019b0d52-0a50-76b0-8fef-c9863aea5cd6,lords-01,lords-01,019b0d52-0a50-76b0-8fef-c9863aea5cd6,Сага о Винланде 2: Утопающий в тени,,,сага о винланде 2 утопающий в тени,2023,,,,ona|17+,,,,,,,movie,UNKNOWN,,,cdnvideohub-catalog-cache,myanimelist:54463,PROVIDER_TYPE_VS_KIND_TAG,CONFLICTED,MOVIE,ONA,тип поставщика MOVIE и тег ONA из разных групп: эпизодический против единичного. Выбор без внешнего источника был бы угадыванием
lords-01:019ae409-e912-7e71-a94c-a22f190f20b1,lords-01,lords-01,019ae409-e912-7e71-a94c-a22f190f20b1,"Очень приятно, Бог: Будьте счастливы",,,очень приятно бог будьте счастливы,2016,,,,ova|13+,,,,,,,movie,UNKNOWN,,,cdnvideohub-catalog-cache,myanimelist:33323,PROVIDER_TYPE_VS_KIND_TAG,CONFLICTED,MOVIE,OVA,тип поставщика MOVIE и тег OVA из разных групп: эпизодический против единичного. Выбор без внешнего источника был бы угадыванием
lords-01:019ab577-5089-759a-b93c-36dd024d167e,lords-01,lords-01,019ab577-5089-759a-b93c-36dd024d167e,Галверс: Возрождение,,,галверс возрождение,2025,,,,ona|17+,,,,,,,movie,UNKNOWN,,,cdnvideohub-catalog-cache,myanimelist:61672,PROVIDER_TYPE_VS_KIND_TAG,CONFLICTED,MOVIE,ONA,тип поставщика MOVIE и тег ONA из разных групп: эпизодический против единичного. Выбор без внешнего источника был бы угадыванием
lords-01:019ab539-5831-71cc-a9af-dc3783a1946b,lords-01,lords-01,019ab539-5831-71cc-a9af-dc3783a1946b,Портрет Цзянху: Реки и озёра 6,,,портрет цзянху реки и озера 6,2023,,,,ona|13+,,,,,,,movie,UNKNOWN,,,cdnvideohub-catalog-cache,myanimelist:51897,PROVIDER_TYPE_VS_KIND_TAG,CONFLICTED,MOVIE,ONA,тип поставщика MOVIE и тег ONA из разных групп: эпизодический против единичного. Выбор без внешнего источника был бы угадыванием
lords-01:019a9745-ef9f-777d-9aba-38a189ee9652,lords-01,lords-01,019a9745-ef9f-777d-9aba-38a189ee9652,"Рэм, охотница на мечту III",,,рэм охотница на мечту 3,1992,,,,ova|anime|17+,,,,,,,movie,UNKNOWN,,,cdnvideohub-catalog-cache,imdb:16370002|kinopoisk:949196|myanimelist:5584,PROVIDER_TYPE_VS_KIND_TAG,CONFLICTED,MOVIE,OVA,тип поставщика MOVIE и тег OVA из разных групп: эпизодический против единичного. Выбор без внешнего источника был бы угадыванием
lords-01:019a973f-6db3-7ba8-b10d-cf54484359c1,lords-01,lords-01,019a973f-6db3-7ba8-b10d-cf54484359c1,"Рэм, охотница на мечту II",,,рэм охотница на мечту 2,1990,,,,ova|anime|17+,,,,,,,movie,UNKNOWN,,,cdnvideohub-catalog-cache,kinopoisk:949198|myanimelist:5585,PROVIDER_TYPE_VS_KIND_TAG,CONFLICTED,MOVIE,OVA,тип поставщика MOVIE и тег OVA из разных групп: эпизодический против единичного. Выбор без внешнего источника был бы угадыванием
lords-01:019a7352-e3e7-7c5c-a34e-a3a214350286,lords-01,lords-01,019a7352-e3e7-7c5c-a34e-a3a214350286,Куроми работает над аниме,,,куроми работает над аниме,2001,,,,ova|anime|13+,,,,,,,movie,UNKNOWN,,,cdnvideohub-catalog-cache,imdb:1728601|kinopoisk:602400|myanimelist:1797,PROVIDER_TYPE_VS_KIND_TAG,CONFLICTED,MOVIE,OVA,тип поставщика MOVIE и тег OVA из разных групп: эпизодический против единичного. Выбор без внешнего источника был бы угадыванием
lords-01:019a733f-0398-7643-885e-fe5b9cd5ec81,lords-01,lords-01,019a733f-0398-7643-885e-fe5b9cd5ec81,Клёвый мальчик,,,клевый мальчик,1993,,,,ova|13+,,,,,,,movie,UNKNOWN,,,cdnvideohub-catalog-cache,myanimelist:2091,PROVIDER_TYPE_VS_KIND_TAG,CONFLICTED,MOVIE,OVA,тип поставщика MOVIE и тег OVA из разных групп: эпизодический против единичного. Выбор без внешнего источника был бы угадыванием
lords-01:019a20fb-2103-7c19-8122-44bffbf845bf,lords-01,lords-01,019a20fb-2103-7c19-8122-44bffbf845bf,Ультраманьяк OVA,,,ультраманьяк ova,2002,,,,ova|cartoon|0+,,,,,,,movie,UNKNOWN,,,cdnvideohub-catalog-cache,kinopoisk:5157219|myanimelist:179,PROVIDER_TYPE_VS_KIND_TAG,CONFLICTED,MOVIE,OVA,тип поставщика MOVIE и тег OVA из разных групп: эпизодический против единичного. Выбор без внешнего источника был бы угадыванием
lords-01:019a1c39-2a06-72ec-ba4d-8a93f841ad64,lords-01,lords-01,019a1c39-2a06-72ec-ba4d-8a93f841ad64,"Пожалуйста, учитель! Секретная пара",,,пожалуйста учитель секретная пара,2002,,,,ova|13+,,,,,,,movie,UNKNOWN,,,cdnvideohub-catalog-cache,myanimelist:443,PROVIDER_TYPE_VS_KIND_TAG,CONFLICTED,MOVIE,OVA,тип поставщика MOVIE и тег OVA из разных групп: эпизодический против единичного. Выбор без внешнего источника был бы угадыванием
lords-01:019a1038-7679-7b90-8f8e-7bbd5a055b12,lords-01,lords-01,019a1038-7679-7b90-8f8e-7bbd5a055b12,Вандред OVA,,,вандред ova,2001,,,,ova|anime|13+,,,,,,,movie,UNKNOWN,,,cdnvideohub-catalog-cache,imdb:4161238|kinopoisk:864327|myanimelist:1112,PROVIDER_TYPE_VS_KIND_TAG,CONFLICTED,MOVIE,OVA,тип поставщика MOVIE и тег OVA из разных групп: эпизодический против единичного. Выбор без внешнего источника был бы угадыванием
lords-01:019a1038-7872-7714-b512-4e94a97a2d58,lords-01,lords-01,019a1038-7872-7714-b512-4e94a97a2d58,Вандред: Второй уровень OVA,,,вандред второй уровень ova,2002,,,,ova|anime|13+,,,,,,,movie,UNKNOWN,,,cdnvideohub-catalog-cache,imdb:4164440|kinopoisk:854031|myanimelist:1111,PROVIDER_TYPE_VS_KIND_TAG,CONFLICTED,MOVIE,OVA,тип поставщика MOVIE и тег OVA из разных групп: эпизодический против единичного. Выбор без внешнего источника был бы угадыванием
lords-01:019a0c82-f085-7fd2-ab9c-1caaace0ac02,lords-01,lords-01,019a0c82-f085-7fd2-ab9c-1caaace0ac02,Такэда Тацуя: До восхода Луны,,,такэда тацуя до восхода луны,1991,,,,ova|anime|0+,,,,,,,movie,UNKNOWN,,,cdnvideohub-catalog-cache,kinopoisk:949171|myanimelist:12905,PROVIDER_TYPE_VS_KIND_TAG,CONFLICTED,MOVIE,OVA,тип поставщика MOVIE и тег OVA из разных групп: эпизодический против единичного. Выбор без внешнего источника был бы угадыванием
lords-01:0199f207-574f-78fb-b018-3ebaa5366825,lords-01,lords-01,0199f207-574f-78fb-b018-3ebaa5366825,Моя жена — президент студенческого совета! OVA,,,моя жена президент студенческого совета ova,2016,,,,ova|anime|17+,,,,,,,movie,UNKNOWN,,,cdnvideohub-catalog-cache,imdb:5373222|kinopoisk:1110941|myanimelist:31980,PROVIDER_TYPE_VS_KIND_TAG,CONFLICTED,MOVIE,OVA,тип поставщика MOVIE и тег OVA из разных групп: эпизодический против единичного. Выбор без внешнего источника был бы угадыванием
lords-01:0199f1fc-1e05-74c4-be4e-028df8592a0b,lords-01,lords-01,0199f1fc-1e05-74c4-be4e-028df8592a0b,Моя девушка — убеждённая извращенка-девственница OVA,,,моя девушка убежденная извращенка девственница ova,2018,,,,ova|anime|17+,,,,,,,movie,UNKNOWN,,,cdnvideohub-catalog-cache,kinopoisk:4633275|myanimelist:36560,PROVIDER_TYPE_VS_KIND_TAG,CONFLICTED,MOVIE,OVA,тип поставщика MOVIE и тег OVA из разных групп: эпизодический против единичного. Выбор без внешнего источника был бы угадыванием
lords-01:0199f1f4-8364-75bb-8450-040476253962,lords-01,lords-01,0199f1f4-8364-75bb-8450-040476253962,Тирания вооружённых девушек OVA,,,тирания вооруженных девушек ova,2017,,,,ova|13+,,,,,,,movie,UNKNOWN,,,cdnvideohub-catalog-cache,myanimelist:35314,PROVIDER_TYPE_VS_KIND_TAG,CONFLICTED,MOVIE,OVA,тип поставщика MOVIE и тег OVA из разных групп: эпизодический против единичного. Выбор без внешнего источника был бы угадыванием
lords-01:0199f1f1-85e1-7da8-8d2d-ecce40c55f2e,lords-01,lords-01,0199f1f1-85e1-7da8-8d2d-ecce40c55f2e,Клёст OVA,,,клест ova,2015,,,,ova|17+,,,,,,,movie,UNKNOWN,,,cdnvideohub-catalog-cache,myanimelist:28713,PROVIDER_TYPE_VS_KIND_TAG,CONFLICTED,MOVIE,OVA,тип поставщика MOVIE и тег OVA из разных групп: эпизодический против единичного. Выбор без внешнего источника был бы угадыванием
lords-01:0199c429-444f-7234-9a08-7c80e6204e20,lords-01,lords-01,0199c429-444f-7234-9a08-7c80e6204e20,Агент времени: Спецвыпуск,,,агент времени спецвыпуск,2021,,,,ona|13+,,,,,,,movie,UNKNOWN,,,cdnvideohub-catalog-cache,myanimelist:49652,PROVIDER_TYPE_VS_KIND_TAG,CONFLICTED,MOVIE,ONA,тип поставщика MOVIE и тег ONA из разных групп: эпизодический против единичного. Выбор без внешнего источника был бы угадыванием
lords-01:019966f5-0be5-7507-95aa-5a4bbf7bec44,lords-01,lords-01,019966f5-0be5-7507-95aa-5a4bbf7bec44,Пылающее солнце Небесного Пути,,,пылающее солнце небесного пути,2020,,,,ona|13+,,,,,,,movie,UNKNOWN,,,cdnvideohub-catalog-cache,myanimelist:44571,PROVIDER_TYPE_VS_KIND_TAG,CONFLICTED,MOVIE,ONA,тип поставщика MOVIE и тег ONA из разных групп: эпизодический против единичного. Выбор без внешнего источника был бы угадыванием
lords-01:019952be-ccf6-7626-b338-9e1aabed629a,lords-01,lords-01,019952be-ccf6-7626-b338-9e1aabed629a,Я Сяо Бай Цзян (2018),,,я сяо бай цзян,2018,,,,ona|13+,,,,,,,movie,UNKNOWN,,,cdnvideohub-catalog-cache,kinopoisk:5207947|myanimelist:37886,PROVIDER_TYPE_VS_KIND_TAG,CONFLICTED,MOVIE,ONA,тип поставщика MOVIE и тег ONA из разных групп: эпизодический против единичного. Выбор без внешнего источника был бы угадыванием
lords-01:01995228-be4f-7023-8e5b-533723168630,lords-01,lords-01,01995228-be4f-7023-8e5b-533723168630,Песнь о ноже под подушкой: Скитание по миру,,,песнь о ноже под подушкой скитание по миру,2022,,,,ona|13+,,,,,,,movie,UNKNOWN,,,cdnvideohub-catalog-cache,myanimelist:48914,PROVIDER_TYPE_VS_KIND_TAG,CONFLICTED,MOVIE,ONA,тип поставщика MOVIE и тег ONA из разных групп: эпизодический против единичного. Выбор без внешнего источника был бы угадыванием
lords-01:0193a4df-2102-772a-b633-8826056bd287,lords-01,lords-01,0193a4df-2102-772a-b633-8826056bd287,Пожиратель звёзд: Континент застывшей крови,,,пожиратель звезд континент застывшей крови,2024,,,,ona|13+,,,,,,,movie,UNKNOWN,,,cdnvideohub-catalog-cache,myanimelist:59939,PROVIDER_TYPE_VS_KIND_TAG,CONFLICTED,MOVIE,ONA,тип поставщика MOVIE и тег ONA из разных групп: эпизодический против единичного. Выбор без внешнего источника был бы угадыванием
lords-01:019174d4-0f5d-7b1c-a837-dd48a0deb0ce,lords-01,lords-01,019174d4-0f5d-7b1c-a837-dd48a0deb0ce,Неприятности одной девушки-зомби,,,неприятности одной девушки зомби,2018,,,,ona|anime|17+,,,,,,,movie,UNKNOWN,,,cdnvideohub-catalog-cache,imdb:8286670|kinopoisk:1121075|myanimelist:37735,PROVIDER_TYPE_VS_KIND_TAG,CONFLICTED,MOVIE,ONA,тип поставщика MOVIE и тег ONA из разных групп: эпизодический против единичного. Выбор без внешнего источника был бы угадыванием
lords-01:019191cd-21ae-7f04-b77b-02a86e89ff24,lords-01,lords-01,019191cd-21ae-7f04-b77b-02a86e89ff24,Баки Ханма против Кэнгана Асуры,,,баки ханма против кэнгана асуры,2024,,,,ona|anime|17+,,,,,,,movie,UNKNOWN,,,cdnvideohub-catalog-cache,imdb:31869664|kinopoisk:5581061|myanimelist:58510,PROVIDER_TYPE_VS_KIND_TAG,CONFLICTED,MOVIE,ONA,тип поставщика MOVIE и тег ONA из разных групп: эпизодический против единичного. Выбор без внешнего источника был бы угадыванием
lords-01:01920085-aef8-7a08-b6e3-2916b5958268,lords-01,lords-01,01920085-aef8-7a08-b6e3-2916b5958268,Путешествие в Титибу,,,путешествие в титибу,2018,,,,ona|13+,,,,,,,movie,UNKNOWN,,,cdnvideohub-catalog-cache,myanimelist:37174,PROVIDER_TYPE_VS_KIND_TAG,CONFLICTED,MOVIE,ONA,тип поставщика MOVIE и тег ONA из разных групп: эпизодический против единичного. Выбор без внешнего источника был бы угадыванием
lords-02:01a03ceb-8309-7452-a66b-bde66e5c6c1f,lords-02,lords-02,01a03ceb-8309-7452-a66b-bde66e5c6c1f,Чаша снега,,,чаша снега,2026,,,,ona|13+,,,,,,,movie,UNKNOWN,,,cdnvideohub-catalog-cache,myanimelist:61569,PROVIDER_TYPE_VS_KIND_TAG,CONFLICTED,MOVIE,ONA,тип поставщика MOVIE и тег ONA из разных групп: эпизодический против единичного. Выбор без внешнего источника был бы угадыванием
lords-02:01a002c9-6b74-74dd-9a07-ae303900ae27,lords-02,lords-02,01a002c9-6b74-74dd-9a07-ae303900ae27,Изобрази отвращение и покажи мне свои трусики 3,,,изобрази отвращение и покажи мне свои трусики 3,2023,,,,ova|13+,,,,,,,movie,UNKNOWN,,,cdnvideohub-catalog-cache,myanimelist:55629,PROVIDER_TYPE_VS_KIND_TAG,CONFLICTED,MOVIE,OVA,тип поставщика MOVIE и тег OVA из разных групп: эпизодический против единичного. Выбор без внешнего источника был бы угадыванием
lords-02:019fe334-df3d-7526-b988-691c0cfddbb6,lords-02,lords-02,019fe334-df3d-7526-b988-691c0cfddbb6,Безупречный мир: Небеса в огне девяти бедствий,,,безупречный мир небеса в огне девяти бедствий,2026,,,,ona|13+,,,,,,,movie,UNKNOWN,,,cdnvideohub-catalog-cache,myanimelist:62723,PROVIDER_TYPE_VS_KIND_TAG,CONFLICTED,MOVIE,ONA,тип поставщика MOVIE и тег ONA из разных групп: эпизодический против единичного. Выбор без внешнего источника был бы угадыванием
lords-02:019fe1c4-3327-7508-a56e-9e314ed41be3,lords-02,lords-02,019fe1c4-3327-7508-a56e-9e314ed41be3,Принцесса-герой,,,принцесса герой,2026,,,,ona,,,,,,,movie,UNKNOWN,,,cdnvideohub-catalog-cache,myanimelist:64012,PROVIDER_TYPE_VS_KIND_TAG,CONFLICTED,MOVIE,ONA,тип поставщика MOVIE и тег ONA из разных групп: эпизодический против единичного. Выбор без внешнего источника был бы угадыванием
lords-02:019fc375-fc24-7a4f-bb61-e56eff258a00,lords-02,lords-02,019fc375-fc24-7a4f-bb61-e56eff258a00,Моя геройская академия: Я тоже герой,,,моя геройская академия я тоже герой,2026,,,,ona,,,,,,,movie,UNKNOWN,,,cdnvideohub-catalog-cache,myanimelist:64107,PROVIDER_TYPE_VS_KIND_TAG,CONFLICTED,MOVIE,ONA,тип поставщика MOVIE и тег ONA из разных групп: эпизодический против единичного. Выбор без внешнего источника был бы угадыванием
lords-02:019fb437-fd96-792c-8717-ef9aead11167,lords-02,lords-02,019fb437-fd96-792c-8717-ef9aead11167,У меня мало друзей: Эпизод 0,,,у меня мало друзей эпизод 0,2011,,,,ova|anime|13+,,,,,,,movie,UNKNOWN,,,cdnvideohub-catalog-cache,imdb:0244585|kinopoisk:707597|myanimelist:10897,PROVIDER_TYPE_VS_KIND_TAG,CONFLICTED,MOVIE,OVA,тип поставщика MOVIE и тег OVA из разных групп: эпизодический против единичного. Выбор без внешнего источника был бы угадыванием
lords-02:019f942f-f088-716c-ae29-35bead81d2db,lords-02,lords-02,019f942f-f088-716c-ae29-35bead81d2db,У меня мало друзей: Дополнение,,,у меня мало друзей дополнение,2012,,,,ova|anime|17+,,,,,,,movie,UNKNOWN,,,cdnvideohub-catalog-cache,kinopoisk:708751|myanimelist:14027,PROVIDER_TYPE_VS_KIND_TAG,CONFLICTED,MOVIE,OVA,тип поставщика MOVIE и тег OVA из разных групп: эпизодический против единичного. Выбор без внешнего источника был бы угадыванием
lords-02:019ecc6f-f6dd-7bca-98dd-496e63967526,lords-02,lords-02,019ecc6f-f6dd-7bca-98dd-496e63967526,Новый Тэнти — лишний! Спецвыпуски,,,новый тэнти лишний спецвыпуски,1997,,,,special|13+,,,,,,,tv,UNKNOWN,,,cdnvideohub-catalog-cache,myanimelist:8767,PROVIDER_TYPE_VS_KIND_TAG,CONFLICTED,SERIES,SPECIAL,тип поставщика SERIES и тег SPECIAL из разных групп: эпизодический против единичного. Выбор без внешнего источника был бы угадыванием
lords-02:019eb78a-3569-73ed-b990-a2863d4e15da,lords-02,lords-02,019eb78a-3569-73ed-b990-a2863d4e15da,Тёмное прошлое перевоплощённой злодейки OVA,,,темное прошлое перевоплощенной злодейки ova,2026,,,,ova|13+,,,,,,,movie,UNKNOWN,,,cdnvideohub-catalog-cache,myanimelist:63266,PROVIDER_TYPE_VS_KIND_TAG,CONFLICTED,MOVIE,OVA,тип поставщика MOVIE и тег OVA из разных групп: эпизодический против единичного. Выбор без внешнего источника был бы угадыванием
lords-02:019e8209-2424-7050-b64f-52b77d93ae07,lords-02,lords-02,019e8209-2424-7050-b64f-52b77d93ae07,Падший мастер: Эпизод 0,,,падший мастер эпизод 0,2023,,,,ona|13+,,,,,,,movie,UNKNOWN,,,cdnvideohub-catalog-cache,myanimelist:55856,PROVIDER_TYPE_VS_KIND_TAG,CONFLICTED,MOVIE,ONA,тип поставщика MOVIE и тег ONA из разных групп: эпизодический против единичного. Выбор без внешнего источника был бы угадыванием
lords-02:019e3628-552e-79fb-b4e5-475272db3b9f,lords-02,lords-02,019e3628-552e-79fb-b4e5-475272db3b9f,Re:Zero. Перерыв с нуля 4,,,re zero перерыв с нуля 4,2026,,,,special|13+,,,,,,,tv,UNKNOWN,,,cdnvideohub-catalog-cache,myanimelist:63830,PROVIDER_TYPE_VS_KIND_TAG,CONFLICTED,SERIES,SPECIAL,тип поставщика SERIES и тег SPECIAL из разных групп: эпизодический против единичного. Выбор без внешнего источника был бы угадыванием
lords-02:019de51b-f542-77d1-b427-afe130751f27,lords-02,lords-02,019de51b-f542-77d1-b427-afe130751f27,Пожиратель звёзд: Битва на Изначальной звезде,,,пожиратель звезд битва на изначальной звезде,2026,,,,ona|13+,,,,,,,movie,UNKNOWN,,,cdnvideohub-catalog-cache,myanimelist:62726,PROVIDER_TYPE_VS_KIND_TAG,CONFLICTED,MOVIE,ONA,тип поставщика MOVIE и тег ONA из разных групп: эпизодический против единичного. Выбор без внешнего источника был бы угадыванием
lords-02:019db974-376a-7bc4-8512-2d9ad2139ab0,lords-02,lords-02,019db974-376a-7bc4-8512-2d9ad2139ab0,Мини-дракон: Спецвыпуски,,,мини дракон спецвыпуски,2021,,,,special|13+,,,,,,,tv,UNKNOWN,,,cdnvideohub-catalog-cache,myanimelist:49483,PROVIDER_TYPE_VS_KIND_TAG,CONFLICTED,SERIES,SPECIAL,тип поставщика SERIES и тег SPECIAL из разных групп: эпизодический против единичного. Выбор без внешнего источника был бы угадыванием
lords-02:019da833-2781-7b1d-80a6-8359b5e4c6d0,lords-02,lords-02,019da833-2781-7b1d-80a6-8359b5e4c6d0,Студия Бадзя: Бадзя на море,,,студия бадзя бадзя на море,2020,,,,ova|cartoon|0+,,,,,,,movie,UNKNOWN,,,cdnvideohub-catalog-cache,imdb:12706930|kinopoisk:1417178|myanimelist:39735,PROVIDER_TYPE_VS_KIND_TAG,CONFLICTED,MOVIE,OVA,тип поставщика MOVIE и тег OVA из разных групп: эпизодический против единичного. Выбор без внешнего источника был бы угадыванием
lords-02:019d5dd9-0483-7af5-afe1-a0b24e5b5c04,lords-02,lords-02,019d5dd9-0483-7af5-afe1-a0b24e5b5c04,Окутывая небеса: Сражение против Тэн Вана с медным гробом,,,окутывая небеса сражение против тэн вана с медным гробом,2026,,,,ona|13+,,,,,,,movie,UNKNOWN,,,cdnvideohub-catalog-cache,myanimelist:63606,PROVIDER_TYPE_VS_KIND_TAG,CONFLICTED,MOVIE,ONA,тип поставщика MOVIE и тег ONA из разных групп: эпизодический против единичного. Выбор без внешнего источника был бы угадыванием
lords-02:019cde4d-41f1-7e11-b171-07d5bd9840ac,lords-02,lords-02,019cde4d-41f1-7e11-b171-07d5bd9840ac,Усио и Тора: Театр комических деформаций,,,усио и тора театр комических деформаций,1993,,,,ova|anime|13+,,,,,,,movie,UNKNOWN,,,cdnvideohub-catalog-cache,kinopoisk:335736|myanimelist:5308,PROVIDER_TYPE_VS_KIND_TAG,CONFLICTED,MOVIE,OVA,тип поставщика MOVIE и тег OVA из разных групп: эпизодический против единичного. Выбор без внешнего источника был бы угадыванием
lords-02:019cc4d1-f195-72e3-9364-0557b543788c,lords-02,lords-02,019cc4d1-f195-72e3-9364-0557b543788c,Открывая дверь,,,открывая дверь,1995,,,,ova|anime|0+,,,,,,,movie,UNKNOWN,,,cdnvideohub-catalog-cache,imdb:2411932|kinopoisk:708995|myanimelist:1979,PROVIDER_TYPE_VS_KIND_TAG,CONFLICTED,MOVIE,OVA,тип поставщика MOVIE и тег OVA из разных групп: эпизодический против единичного. Выбор без внешнего источника был бы угадыванием
lords-02:019cc4cf-22d3-76d7-a7f9-bd718736f7bb,lords-02,lords-02,019cc4cf-22d3-76d7-a7f9-bd718736f7bb,Бандит Бин,,,бандит бин,2021,,,,ova|anime|13+,,,,,,,movie,UNKNOWN,,,cdnvideohub-catalog-cache,imdb:28316364|kinopoisk:5129344|myanimelist:37483,PROVIDER_TYPE_VS_KIND_TAG,CONFLICTED,MOVIE,OVA,тип поставщика MOVIE и тег OVA из разных групп: эпизодический против единичного. Выбор без внешнего источника был бы угадыванием
lords-02:019cc34b-a867-76cb-a255-842f962d732a,lords-02,lords-02,019cc34b-a867-76cb-a255-842f962d732a,Птичья песня,,,птичья песня,2007,,,,ova|anime|13+,,,,,,,movie,UNKNOWN,,,cdnvideohub-catalog-cache,imdb:2495264|kinopoisk:724228|myanimelist:5819,PROVIDER_TYPE_VS_KIND_TAG,CONFLICTED,MOVIE,OVA,тип поставщика MOVIE и тег OVA из разных групп: эпизодический против единичного. Выбор без внешнего источника был бы угадыванием
lords-02:019cb8e6-f453-7b52-a54f-47c9ca90aefe,lords-02,lords-02,019cb8e6-f453-7b52-a54f-47c9ca90aefe,Genshin Impact: Звёздная Одиссея,,,genshin impact звездная одиссея,2025,,,,ona|13+,,,,,,,movie,UNKNOWN,,,cdnvideohub-catalog-cache,myanimelist:61840,PROVIDER_TYPE_VS_KIND_TAG,CONFLICTED,MOVIE,ONA,тип поставщика MOVIE и тег ONA из разных групп: эпизодический против единичного. Выбор без внешнего источника был бы угадыванием
lords-02:019cb87e-5077-7138-960b-9bd5dadc2f58,lords-02,lords-02,019cb87e-5077-7138-960b-9bd5dadc2f58,Genshin Impact: Неизбранный путь,,,genshin impact неизбранный путь,2024,,,,ona|13+,,,,,,,movie,UNKNOWN,,,cdnvideohub-catalog-cache,myanimelist:58930,PROVIDER_TYPE_VS_KIND_TAG,CONFLICTED,MOVIE,ONA,тип поставщика MOVIE и тег ONA из разных групп: эпизодический против единичного. Выбор без внешнего источника был бы угадыванием
lords-02:019cb439-c0da-7d48-ab18-f5a4572bf5b6,lords-02,lords-02,019cb439-c0da-7d48-ab18-f5a4572bf5b6,Ранма 1/2: Музыкальный конкурс,,,ранма 1 2 музыкальный конкурс,1990,,,,ova|cartoon|13+,,,,,,,movie,UNKNOWN,,,cdnvideohub-catalog-cache,imdb:15469286|kinopoisk:4646260|myanimelist:6713,PROVIDER_TYPE_VS_KIND_TAG,CONFLICTED,MOVIE,OVA,тип поставщика MOVIE и тег OVA из разных групп: эпизодический против единичного. Выбор без внешнего источника был бы угадыванием
lords-02:019c9f9f-3555-7f3c-b460-fe18264aec13,lords-02,lords-02,019c9f9f-3555-7f3c-b460-fe18264aec13,Ну не может моя сестрёнка быть такой милой: Анимированный комментарий,,,ну не может моя сестренка быть такой милой анимированный комментарий,2010,,,,special|13+,,,,,,,tv,UNKNOWN,,,cdnvideohub-catalog-cache,myanimelist:10108,PROVIDER_TYPE_VS_KIND_TAG,CONFLICTED,SERIES,SPECIAL,тип поставщика SERIES и тег SPECIAL из разных групп: эпизодический против единичного. Выбор без внешнего источника был бы угадыванием
lords-02:019c9510-325e-7dce-ba78-d722c55f3db9,lords-02,lords-02,019c9510-325e-7dce-ba78-d722c55f3db9,Ужасы дома ужасов,,,ужасы дома ужасов,2026,,,,ona|13+,,,,,,,movie,UNKNOWN,,,cdnvideohub-catalog-cache,myanimelist:63558,PROVIDER_TYPE_VS_KIND_TAG,CONFLICTED,MOVIE,ONA,тип поставщика MOVIE и тег ONA из разных групп: эпизодический против единичного. Выбор без внешнего источника был бы угадыванием
lords-02:019c8662-c9b3-7c9b-be21-1a44aa6c94bf,lords-02,lords-02,019c8662-c9b3-7c9b-be21-1a44aa6c94bf,Уроки современного искусства OVA,,,уроки современного искусства ova,2010,,,,ova|cartoon|13+,,,,,,,movie,UNKNOWN,,,cdnvideohub-catalog-cache,imdb:1785388|kinopoisk:613207|myanimelist:6959,PROVIDER_TYPE_VS_KIND_TAG,CONFLICTED,MOVIE,OVA,тип поставщика MOVIE и тег OVA из разных групп: эпизодический против единичного. Выбор без внешнего источника был бы угадыванием
lords-02:019c6fed-f60b-7843-993d-931360764e50,lords-02,lords-02,019c6fed-f60b-7843-993d-931360764e50,Новогодний альянс: Новогодние скачки,,,новогодний альянс новогодние скачки,2026,,,,ona|0+,,,,,,,movie,UNKNOWN,,,cdnvideohub-catalog-cache,myanimelist:63497,PROVIDER_TYPE_VS_KIND_TAG,CONFLICTED,MOVIE,ONA,тип поставщика MOVIE и тег ONA из разных групп: эпизодический против единичного. Выбор без внешнего источника был бы угадыванием
lords-02:019c6607-5e48-7515-8ec3-0a08fc96d633,lords-02,lords-02,019c6607-5e48-7515-8ec3-0a08fc96d633,Однажды мне пришло письмо из Страны собак,,,однажды мне пришло письмо из страны собак,2015,,,,ova|anime|0+,,,,,,,movie,UNKNOWN,,,cdnvideohub-catalog-cache,imdb:17868090|kinopoisk:957917|myanimelist:31387,PROVIDER_TYPE_VS_KIND_TAG,CONFLICTED,MOVIE,OVA,тип поставщика MOVIE и тег OVA из разных групп: эпизодический против единичного. Выбор без внешнего источника был бы угадыванием
lords-02:019c6115-806a-7bd9-9bee-d8edf16be2d5,lords-02,lords-02,019c6115-806a-7bd9-9bee-d8edf16be2d5,Джентльмен из грёз: Скандальное приключение,,,джентльмен из грез скандальное приключение,1987,,,,ova|anime|13+,,,,,,,movie,UNKNOWN,,,cdnvideohub-catalog-cache,kinopoisk:1185298|myanimelist:8162,PROVIDER_TYPE_VS_KIND_TAG,CONFLICTED,MOVIE,OVA,тип поставщика MOVIE и тег OVA из разных групп: эпизодический против единичного. Выбор без внешнего источника был бы угадыванием
lords-02:019c1e57-4446-7761-8a06-1750be9303df,lords-02,lords-02,019c1e57-4446-7761-8a06-1750be9303df,Тихий дон: Побочная история о якудза,,,тихий дон побочная история о якудза,1991,,,,ova|17+,,,,,,,movie,UNKNOWN,,,cdnvideohub-catalog-cache,myanimelist:9349,PROVIDER_TYPE_VS_KIND_TAG,CONFLICTED,MOVIE,OVA,тип поставщика MOVIE и тег OVA из разных групп: эпизодический против единичного. Выбор без внешнего источника был бы угадыванием
lords-02:019c1524-55e9-79b0-a680-8505dc7dc906,lords-02,lords-02,019c1524-55e9-79b0-a680-8505dc7dc906,"Дурни, тесты, аватары: Рождество",,,дурни тесты аватары рождество,2009,,,,ona|13+,,,,,,,movie,UNKNOWN,,,cdnvideohub-catalog-cache,myanimelist:7805,PROVIDER_TYPE_VS_KIND_TAG,CONFLICTED,MOVIE,ONA,тип поставщика MOVIE и тег ONA из разных групп: эпизодический против единичного. Выбор без внешнего источника был бы угадыванием
lords-02:019c1522-7160-7d9d-b9b7-89732c18adcc,lords-02,lords-02,019c1522-7160-7d9d-b9b7-89732c18adcc,"Дурни, тесты, аватары: Спецвыпуски",,,дурни тесты аватары спецвыпуски,2010,,,,special|13+,,,,,,,tv,UNKNOWN,,,cdnvideohub-catalog-cache,myanimelist:7870,PROVIDER_TYPE_VS_KIND_TAG,CONFLICTED,SERIES,SPECIAL,тип поставщика SERIES и тег SPECIAL из разных групп: эпизодический против единичного. Выбор без внешнего источника был бы угадыванием
lords-02:019c0a16-6234-72e9-8dfc-b8c693f4757c,lords-02,lords-02,019c0a16-6234-72e9-8dfc-b8c693f4757c,Инициал Ди: Боевая стадия 2,,,инициал ди боевая стадия 2,2007,,,,ova|anime|13+,,,,,,,movie,UNKNOWN,,,cdnvideohub-catalog-cache,imdb:11294636|kinopoisk:1321390|myanimelist:3931,PROVIDER_TYPE_VS_KIND_TAG,CONFLICTED,MOVIE,OVA,тип поставщика MOVIE и тег OVA из разных групп: эпизодический против единичного. Выбор без внешнего источника был бы угадыванием
lords-02:019c09e9-6426-7d70-a01c-c8f6cef3cc5d,lords-02,lords-02,019c09e9-6426-7d70-a01c-c8f6cef3cc5d,Баскетбол Куроко: Дураки не могут выиграть!,,,баскетбол куроко дураки не могут выиграть,2013,,,,ova|13+,,,,,,,movie,UNKNOWN,,,cdnvideohub-catalog-cache,myanimelist:19669,PROVIDER_TYPE_VS_KIND_TAG,CONFLICTED,MOVIE,OVA,тип поставщика MOVIE и тег OVA из разных групп: эпизодический против единичного. Выбор без внешнего источника был бы угадыванием
lords-02:019be5b3-dfc4-75bf-874e-2cfe9ef05a8e,lords-02,lords-02,019be5b3-dfc4-75bf-874e-2cfe9ef05a8e,Суперпринцесса Кагуя!,,,суперпринцесса кагуя,2026,,,,ona|anime|13+,,,,,,,movie,UNKNOWN,,,cdnvideohub-catalog-cache,kinopoisk:12267286|myanimelist:62896,PROVIDER_TYPE_VS_KIND_TAG,CONFLICTED,MOVIE,ONA,тип поставщика MOVIE и тег ONA из разных групп: эпизодический против единичного. Выбор без внешнего источника был бы угадыванием
lords-02:019be070-9456-7241-a637-1f73db1f4b96,lords-02,lords-02,019be070-9456-7241-a637-1f73db1f4b96,Боги и духи: Весенний фестиваль,,,боги и духи весенний фестиваль,2024,,,,ona|13+,,,,,,,movie,UNKNOWN,,,cdnvideohub-catalog-cache,myanimelist:58048,PROVIDER_TYPE_VS_KIND_TAG,CONFLICTED,MOVIE,ONA,тип поставщика MOVIE и тег ONA из разных групп: эпизодический против единичного. Выбор без внешнего источника был бы угадыванием
lords-02:019bd655-5c64-711b-aa68-41ef4505f90e,lords-02,lords-02,019bd655-5c64-711b-aa68-41ef4505f90e,Гамера против Кодзамеры,,,гамера против кодзамеры,2023,,,,ona|0+,,,,,,,movie,UNKNOWN,,,cdnvideohub-catalog-cache,myanimelist:56702,PROVIDER_TYPE_VS_KIND_TAG,CONFLICTED,MOVIE,ONA,тип поставщика MOVIE и тег ONA из разных групп: эпизодический против единичного. Выбор без внешнего источника был бы угадыванием
lords-02:019bbcef-e4cb-70e1-b99c-15c78b0ac2d1,lords-02,lords-02,019bbcef-e4cb-70e1-b99c-15c78b0ac2d1,Ложнококон,,,ложнококон,2020,,,,ona|anime|13+,,,,,,,movie,UNKNOWN,,,cdnvideohub-catalog-cache,kinopoisk:10467068|myanimelist:44059,PROVIDER_TYPE_VS_KIND_TAG,CONFLICTED,MOVIE,ONA,тип поставщика MOVIE и тег ONA из разных групп: эпизодический против единичного. Выбор без внешнего источника был бы угадыванием
lords-02:019bbcdc-352d-7303-98f8-2508cebd9736,lords-02,lords-02,019bbcdc-352d-7303-98f8-2508cebd9736,При Пара: Земля идола — Эпизод 0,,,при пара земля идола эпизод 0,2021,,,,ona|13+,,,,,,,movie,UNKNOWN,,,cdnvideohub-catalog-cache,myanimelist:56561,PROVIDER_TYPE_VS_KIND_TAG,CONFLICTED,MOVIE,ONA,тип поставщика MOVIE и тег ONA из разных групп: эпизодический против единичного. Выбор без внешнего источника был бы угадыванием
lords-02:019bbbae-5385-7fc2-b495-24bb06968e33,lords-02,lords-02,019bbbae-5385-7fc2-b495-24bb06968e33,Город поп-поп,,,город поп поп,2024,,,,ona|13+,,,,,,,movie,UNKNOWN,,,cdnvideohub-catalog-cache,myanimelist:58318,PROVIDER_TYPE_VS_KIND_TAG,CONFLICTED,MOVIE,ONA,тип поставщика MOVIE и тег ONA из разных групп: эпизодический против единичного. Выбор без внешнего источника был бы угадыванием
lords-02:019bbba8-9e33-75be-a8b3-63f91806a8e9,lords-02,lords-02,019bbba8-9e33-75be-a8b3-63f91806a8e9,Мост: Мои маленькие друзья,,,мост мои маленькие друзья,2024,,,,ona|0+,,,,,,,movie,UNKNOWN,,,cdnvideohub-catalog-cache,myanimelist:58319,PROVIDER_TYPE_VS_KIND_TAG,CONFLICTED,MOVIE,ONA,тип поставщика MOVIE и тег ONA из разных групп: эпизодический против единичного. Выбор без внешнего источника был бы угадыванием
lords-02:019bbba5-cfae-72ee-85d4-b6b45e6dcbd0,lords-02,lords-02,019bbba5-cfae-72ee-85d4-b6b45e6dcbd0,Кроссовки и панк,,,кроссовки и панк,2024,,,,ona|13+,,,,,,,movie,UNKNOWN,,,cdnvideohub-catalog-cache,myanimelist:58320,PROVIDER_TYPE_VS_KIND_TAG,CONFLICTED,MOVIE,ONA,тип поставщика MOVIE и тег ONA из разных групп: эпизодический против единичного. Выбор без внешнего источника был бы угадыванием
lords-02:019b9d36-a85d-71c8-b032-4b2de5d93cb2,lords-02,lords-02,019b9d36-a85d-71c8-b032-4b2de5d93cb2,«Торчащий язык» Тёмма,,,торчащий язык темма,1987,,,,ova|6+,,,,,,,movie,UNKNOWN,,,cdnvideohub-catalog-cache,myanimelist:30984,PROVIDER_TYPE_VS_KIND_TAG,CONFLICTED,MOVIE,OVA,тип поставщика MOVIE и тег OVA из разных групп: эпизодический против единичного. Выбор без внешнего источника был бы угадыванием
lords-02:019b983c-0355-7142-a3c2-8d54a8842249,lords-02,lords-02,019b983c-0355-7142-a3c2-8d54a8842249,Золотое божество: Молниеносный разбойник и Гадюка Огин/Длиннохвостая синица,,,золотое божество молниеносный разбойник и гадюка огин длиннохвостая синица,2025,,,,ova|17+,,,,,,,movie,UNKNOWN,,,cdnvideohub-catalog-cache,myanimelist:61834,PROVIDER_TYPE_VS_KIND_TAG,CONFLICTED,MOVIE,OVA,тип поставщика MOVIE и тег OVA из разных групп: эпизодический против единичного. Выбор без внешнего источника был бы угадыванием
lords-02:019b839a-8d6a-73bb-8dff-12b804496a87,lords-02,lords-02,019b839a-8d6a-73bb-8dff-12b804496a87,Туманный холм пяти стихий ONA,,,туманный холм пяти стихий ona,2016,,,,ona|13+,,,,,,,movie,UNKNOWN,,,cdnvideohub-catalog-cache,myanimelist:51195,PROVIDER_TYPE_VS_KIND_TAG,CONFLICTED,MOVIE,ONA,тип поставщика MOVIE и тег ONA из разных групп: эпизодический против единичного. Выбор без внешнего источника был бы угадыванием
lords-02:019b4a5e-8028-7d7d-b88e-b9a4abd425fa,lords-02,lords-02,019b4a5e-8028-7d7d-b88e-b9a4abd425fa,Левша: Пилотный выпуск,,,левша пилотный выпуск,2023,,,,ona|13+,,,,,,,movie,UNKNOWN,,,cdnvideohub-catalog-cache,myanimelist:55191,PROVIDER_TYPE_VS_KIND_TAG,CONFLICTED,MOVIE,ONA,тип поставщика MOVIE и тег ONA из разных групп: эпизодический против единичного. Выбор без внешнего источника был бы угадыванием
lords-02:019b45d5-4562-754d-84fa-2aa6a279a5ed,lords-02,lords-02,019b45d5-4562-754d-84fa-2aa6a279a5ed,Принц тенниса: День выживания в горах,,,принц тенниса день выживания в горах,2003,,,,ova|anime|13+,,,,,,,movie,UNKNOWN,,,cdnvideohub-catalog-cache,kinopoisk:1404932|myanimelist:1190,PROVIDER_TYPE_VS_KIND_TAG,CONFLICTED,MOVIE,OVA,тип поставщика MOVIE и тег OVA из разных групп: эпизодический против единичного. Выбор без внешнего источника был бы угадыванием
lords-02:019b288f-5f35-77c3-8ff9-1dc563a598f2,lords-02,lords-02,019b288f-5f35-77c3-8ff9-1dc563a598f2,Бестия,,,бестия,2025,,,,ona|13+,,,,,,,movie,UNKNOWN,,,cdnvideohub-catalog-cache,myanimelist:61302,PROVIDER_TYPE_VS_KIND_TAG,CONFLICTED,MOVIE,ONA,тип поставщика MOVIE и тег ONA из разных групп: эпизодический против единичного. Выбор без внешнего источника был бы угадыванием
lords-02:019b2783-7b41-7aa0-859f-6ab8412a556d,lords-02,lords-02,019b2783-7b41-7aa0-859f-6ab8412a556d,Трусливый велосипедист: Специальная поездка,,,трусливый велосипедист специальная поездка,2013,,,,ova|anime|13+,,,,,,,movie,UNKNOWN,,,cdnvideohub-catalog-cache,kinopoisk:4536410|myanimelist:18177,PROVIDER_TYPE_VS_KIND_TAG,CONFLICTED,MOVIE,OVA,тип поставщика MOVIE и тег OVA из разных групп: эпизодический против единичного. Выбор без внешнего источника был бы угадыванием
lords-02:019b2186-2df2-7d04-b13a-b01f5eeef742,lords-02,lords-02,019b2186-2df2-7d04-b13a-b01f5eeef742,"Исиномаки, город, который меняется и может измениться feat. Jun",,,исиномаки город который меняется и может измениться feat jun,2022,,,,ona|0+,,,,,,,movie,UNKNOWN,,,cdnvideohub-catalog-cache,myanimelist:51008,PROVIDER_TYPE_VS_KIND_TAG,CONFLICTED,MOVIE,ONA,тип поставщика MOVIE и тег ONA из разных групп: эпизодический против единичного. Выбор без внешнего источника был бы угадыванием
lords-02:019b1c37-781b-7afe-8be9-d27452cdcdc4,lords-02,lords-02,019b1c37-781b-7afe-8be9-d27452cdcdc4,Дракон Раджа: Эпизод 0,,,дракон раджа эпизод 0,2022,,,,ona|13+,,,,,,,movie,UNKNOWN,,,cdnvideohub-catalog-cache,myanimelist:52890,PROVIDER_TYPE_VS_KIND_TAG,CONFLICTED,MOVIE,ONA,тип поставщика MOVIE и тег ONA из разных групп: эпизодический против единичного. Выбор без внешнего источника был бы угадыванием
lords-02:019b1c16-b8d9-71e6-aeff-c3621993d403,lords-02,lords-02,019b1c16-b8d9-71e6-aeff-c3621993d403,Звёздный рай,,,звездный рай,1991,,,,ova|13+,,,,,,,movie,UNKNOWN,,,cdnvideohub-catalog-cache,myanimelist:4452,PROVIDER_TYPE_VS_KIND_TAG,CONFLICTED,MOVIE,OVA,тип поставщика MOVIE и тег OVA из разных групп: эпизодический против единичного. Выбор без внешнего источника был бы угадыванием
lords-02:019b0db4-ad85-716c-af20-933d1787d533,lords-02,lords-02,019b0db4-ad85-716c-af20-933d1787d533,Охотник х Охотник: Пилотная серия,,,охотник х охотник пилотная серия,1998,,,,ova|anime|13+,,,,,,,movie,UNKNOWN,,,cdnvideohub-catalog-cache,imdb:13034722|kinopoisk:678772|myanimelist:10189,PROVIDER_TYPE_VS_KIND_TAG,CONFLICTED,MOVIE,OVA,тип поставщика MOVIE и тег OVA из разных групп: эпизодический против единичного. Выбор без внешнего источника был бы угадыванием
lords-02:019b0d52-0a50-76b0-8fef-c9863aea5cd6,lords-02,lords-02,019b0d52-0a50-76b0-8fef-c9863aea5cd6,Сага о Винланде 2: Утопающий в тени,,,сага о винланде 2 утопающий в тени,2023,,,,ona|17+,,,,,,,movie,UNKNOWN,,,cdnvideohub-catalog-cache,myanimelist:54463,PROVIDER_TYPE_VS_KIND_TAG,CONFLICTED,MOVIE,ONA,тип поставщика MOVIE и тег ONA из разных групп: эпизодический против единичного. Выбор без внешнего источника был бы угадыванием
lords-02:019ae409-e912-7e71-a94c-a22f190f20b1,lords-02,lords-02,019ae409-e912-7e71-a94c-a22f190f20b1,"Очень приятно, Бог: Будьте счастливы",,,очень приятно бог будьте счастливы,2016,,,,ova|13+,,,,,,,movie,UNKNOWN,,,cdnvideohub-catalog-cache,myanimelist:33323,PROVIDER_TYPE_VS_KIND_TAG,CONFLICTED,MOVIE,OVA,тип поставщика MOVIE и тег OVA из разных групп: эпизодический против единичного. Выбор без внешнего источника был бы угадыванием
lords-02:019ab577-5089-759a-b93c-36dd024d167e,lords-02,lords-02,019ab577-5089-759a-b93c-36dd024d167e,Галверс: Возрождение,,,галверс возрождение,2025,,,,ona|17+,,,,,,,movie,UNKNOWN,,,cdnvideohub-catalog-cache,myanimelist:61672,PROVIDER_TYPE_VS_KIND_TAG,CONFLICTED,MOVIE,ONA,тип поставщика MOVIE и тег ONA из разных групп: эпизодический против единичного. Выбор без внешнего источника был бы угадыванием
lords-02:019ab539-5831-71cc-a9af-dc3783a1946b,lords-02,lords-02,019ab539-5831-71cc-a9af-dc3783a1946b,Портрет Цзянху: Реки и озёра 6,,,портрет цзянху реки и озера 6,2023,,,,ona|13+,,,,,,,movie,UNKNOWN,,,cdnvideohub-catalog-cache,myanimelist:51897,PROVIDER_TYPE_VS_KIND_TAG,CONFLICTED,MOVIE,ONA,тип поставщика MOVIE и тег ONA из разных групп: эпизодический против единичного. Выбор без внешнего источника был бы угадыванием
lords-02:019a9745-ef9f-777d-9aba-38a189ee9652,lords-02,lords-02,019a9745-ef9f-777d-9aba-38a189ee9652,"Рэм, охотница на мечту III",,,рэм охотница на мечту 3,1992,,,,ova|anime|17+,,,,,,,movie,UNKNOWN,,,cdnvideohub-catalog-cache,imdb:16370002|kinopoisk:949196|myanimelist:5584,PROVIDER_TYPE_VS_KIND_TAG,CONFLICTED,MOVIE,OVA,тип поставщика MOVIE и тег OVA из разных групп: эпизодический против единичного. Выбор без внешнего источника был бы угадыванием
lords-02:019a973f-6db3-7ba8-b10d-cf54484359c1,lords-02,lords-02,019a973f-6db3-7ba8-b10d-cf54484359c1,"Рэм, охотница на мечту II",,,рэм охотница на мечту 2,1990,,,,ova|anime|17+,,,,,,,movie,UNKNOWN,,,cdnvideohub-catalog-cache,kinopoisk:949198|myanimelist:5585,PROVIDER_TYPE_VS_KIND_TAG,CONFLICTED,MOVIE,OVA,тип поставщика MOVIE и тег OVA из разных групп: эпизодический против единичного. Выбор без внешнего источника был бы угадыванием
lords-02:019a7352-e3e7-7c5c-a34e-a3a214350286,lords-02,lords-02,019a7352-e3e7-7c5c-a34e-a3a214350286,Куроми работает над аниме,,,куроми работает над аниме,2001,,,,ova|anime|13+,,,,,,,movie,UNKNOWN,,,cdnvideohub-catalog-cache,imdb:1728601|kinopoisk:602400|myanimelist:1797,PROVIDER_TYPE_VS_KIND_TAG,CONFLICTED,MOVIE,OVA,тип поставщика MOVIE и тег OVA из разных групп: эпизодический против единичного. Выбор без внешнего источника был бы угадыванием
lords-02:019a733f-0398-7643-885e-fe5b9cd5ec81,lords-02,lords-02,019a733f-0398-7643-885e-fe5b9cd5ec81,Клёвый мальчик,,,клевый мальчик,1993,,,,ova|13+,,,,,,,movie,UNKNOWN,,,cdnvideohub-catalog-cache,myanimelist:2091,PROVIDER_TYPE_VS_KIND_TAG,CONFLICTED,MOVIE,OVA,тип поставщика MOVIE и тег OVA из разных групп: эпизодический против единичного. Выбор без внешнего источника был бы угадыванием
lords-02:019a20fb-2103-7c19-8122-44bffbf845bf,lords-02,lords-02,019a20fb-2103-7c19-8122-44bffbf845bf,Ультраманьяк OVA,,,ультраманьяк ova,2002,,,,ova|cartoon|0+,,,,,,,movie,UNKNOWN,,,cdnvideohub-catalog-cache,kinopoisk:5157219|myanimelist:179,PROVIDER_TYPE_VS_KIND_TAG,CONFLICTED,MOVIE,OVA,тип поставщика MOVIE и тег OVA из разных групп: эпизодический против единичного. Выбор без внешнего источника был бы угадыванием
lords-02:019a1c39-2a06-72ec-ba4d-8a93f841ad64,lords-02,lords-02,019a1c39-2a06-72ec-ba4d-8a93f841ad64,"Пожалуйста, учитель! Секретная пара",,,пожалуйста учитель секретная пара,2002,,,,ova|13+,,,,,,,movie,UNKNOWN,,,cdnvideohub-catalog-cache,myanimelist:443,PROVIDER_TYPE_VS_KIND_TAG,CONFLICTED,MOVIE,OVA,тип поставщика MOVIE и тег OVA из разных групп: эпизодический против единичного. Выбор без внешнего источника был бы угадыванием
lords-02:019a1038-7679-7b90-8f8e-7bbd5a055b12,lords-02,lords-02,019a1038-7679-7b90-8f8e-7bbd5a055b12,Вандред OVA,,,вандред ova,2001,,,,ova|anime|13+,,,,,,,movie,UNKNOWN,,,cdnvideohub-catalog-cache,imdb:4161238|kinopoisk:864327|myanimelist:1112,PROVIDER_TYPE_VS_KIND_TAG,CONFLICTED,MOVIE,OVA,тип поставщика MOVIE и тег OVA из разных групп: эпизодический против единичного. Выбор без внешнего источника был бы угадыванием
lords-02:019a1038-7872-7714-b512-4e94a97a2d58,lords-02,lords-02,019a1038-7872-7714-b512-4e94a97a2d58,Вандред: Второй уровень OVA,,,вандред второй уровень ova,2002,,,,ova|anime|13+,,,,,,,movie,UNKNOWN,,,cdnvideohub-catalog-cache,imdb:4164440|kinopoisk:854031|myanimelist:1111,PROVIDER_TYPE_VS_KIND_TAG,CONFLICTED,MOVIE,OVA,тип поставщика MOVIE и тег OVA из разных групп: эпизодический против единичного. Выбор без внешнего источника был бы угадыванием
lords-02:019a0c82-f085-7fd2-ab9c-1caaace0ac02,lords-02,lords-02,019a0c82-f085-7fd2-ab9c-1caaace0ac02,Такэда Тацуя: До восхода Луны,,,такэда тацуя до восхода луны,1991,,,,ova|anime|0+,,,,,,,movie,UNKNOWN,,,cdnvideohub-catalog-cache,kinopoisk:949171|myanimelist:12905,PROVIDER_TYPE_VS_KIND_TAG,CONFLICTED,MOVIE,OVA,тип поставщика MOVIE и тег OVA из разных групп: эпизодический против единичного. Выбор без внешнего источника был бы угадыванием
lords-02:0199f207-574f-78fb-b018-3ebaa5366825,lords-02,lords-02,0199f207-574f-78fb-b018-3ebaa5366825,Моя жена — президент студенческого совета! OVA,,,моя жена президент студенческого совета ova,2016,,,,ova|anime|17+,,,,,,,movie,UNKNOWN,,,cdnvideohub-catalog-cache,imdb:5373222|kinopoisk:1110941|myanimelist:31980,PROVIDER_TYPE_VS_KIND_TAG,CONFLICTED,MOVIE,OVA,тип поставщика MOVIE и тег OVA из разных групп: эпизодический против единичного. Выбор без внешнего источника был бы угадыванием
lords-02:0199f1fc-1e05-74c4-be4e-028df8592a0b,lords-02,lords-02,0199f1fc-1e05-74c4-be4e-028df8592a0b,Моя девушка — убеждённая извращенка-девственница OVA,,,моя девушка убежденная извращенка девственница ova,2018,,,,ova|anime|17+,,,,,,,movie,UNKNOWN,,,cdnvideohub-catalog-cache,kinopoisk:4633275|myanimelist:36560,PROVIDER_TYPE_VS_KIND_TAG,CONFLICTED,MOVIE,OVA,тип поставщика MOVIE и тег OVA из разных групп: эпизодический против единичного. Выбор без внешнего источника был бы угадыванием
lords-02:0199f1f4-8364-75bb-8450-040476253962,lords-02,lords-02,0199f1f4-8364-75bb-8450-040476253962,Тирания вооружённых девушек OVA,,,тирания вооруженных девушек ova,2017,,,,ova|13+,,,,,,,movie,UNKNOWN,,,cdnvideohub-catalog-cache,myanimelist:35314,PROVIDER_TYPE_VS_KIND_TAG,CONFLICTED,MOVIE,OVA,тип поставщика MOVIE и тег OVA из разных групп: эпизодический против единичного. Выбор без внешнего источника был бы угадыванием
lords-02:0199f1f1-85e1-7da8-8d2d-ecce40c55f2e,lords-02,lords-02,0199f1f1-85e1-7da8-8d2d-ecce40c55f2e,Клёст OVA,,,клест ova,2015,,,,ova|17+,,,,,,,movie,UNKNOWN,,,cdnvideohub-catalog-cache,myanimelist:28713,PROVIDER_TYPE_VS_KIND_TAG,CONFLICTED,MOVIE,OVA,тип поставщика MOVIE и тег OVA из разных групп: эпизодический против единичного. Выбор без внешнего источника был бы угадыванием
lords-02:0199c429-444f-7234-9a08-7c80e6204e20,lords-02,lords-02,0199c429-444f-7234-9a08-7c80e6204e20,Агент времени: Спецвыпуск,,,агент времени спецвыпуск,2021,,,,ona|13+,,,,,,,movie,UNKNOWN,,,cdnvideohub-catalog-cache,myanimelist:49652,PROVIDER_TYPE_VS_KIND_TAG,CONFLICTED,MOVIE,ONA,тип поставщика MOVIE и тег ONA из разных групп: эпизодический против единичного. Выбор без внешнего источника был бы угадыванием
lords-02:019966f5-0be5-7507-95aa-5a4bbf7bec44,lords-02,lords-02,019966f5-0be5-7507-95aa-5a4bbf7bec44,Пылающее солнце Небесного Пути,,,пылающее солнце небесного пути,2020,,,,ona|13+,,,,,,,movie,UNKNOWN,,,cdnvideohub-catalog-cache,myanimelist:44571,PROVIDER_TYPE_VS_KIND_TAG,CONFLICTED,MOVIE,ONA,тип поставщика MOVIE и тег ONA из разных групп: эпизодический против единичного. Выбор без внешнего источника был бы угадыванием
lords-02:019952be-ccf6-7626-b338-9e1aabed629a,lords-02,lords-02,019952be-ccf6-7626-b338-9e1aabed629a,Я Сяо Бай Цзян (2018),,,я сяо бай цзян,2018,,,,ona|13+,,,,,,,movie,UNKNOWN,,,cdnvideohub-catalog-cache,kinopoisk:5207947|myanimelist:37886,PROVIDER_TYPE_VS_KIND_TAG,CONFLICTED,MOVIE,ONA,тип поставщика MOVIE и тег ONA из разных групп: эпизодический против единичного. Выбор без внешнего источника был бы угадыванием
lords-02:01995228-be4f-7023-8e5b-533723168630,lords-02,lords-02,01995228-be4f-7023-8e5b-533723168630,Песнь о ноже под подушкой: Скитание по миру,,,песнь о ноже под подушкой скитание по миру,2022,,,,ona|13+,,,,,,,movie,UNKNOWN,,,cdnvideohub-catalog-cache,myanimelist:48914,PROVIDER_TYPE_VS_KIND_TAG,CONFLICTED,MOVIE,ONA,тип поставщика MOVIE и тег ONA из разных групп: эпизодический против единичного. Выбор без внешнего источника был бы угадыванием
lords-02:0193a4df-2102-772a-b633-8826056bd287,lords-02,lords-02,0193a4df-2102-772a-b633-8826056bd287,Пожиратель звёзд: Континент застывшей крови,,,пожиратель звезд континент застывшей крови,2024,,,,ona|13+,,,,,,,movie,UNKNOWN,,,cdnvideohub-catalog-cache,myanimelist:59939,PROVIDER_TYPE_VS_KIND_TAG,CONFLICTED,MOVIE,ONA,тип поставщика MOVIE и тег ONA из разных групп: эпизодический против единичного. Выбор без внешнего источника был бы угадыванием
lords-02:019174d4-0f5d-7b1c-a837-dd48a0deb0ce,lords-02,lords-02,019174d4-0f5d-7b1c-a837-dd48a0deb0ce,Неприятности одной девушки-зомби,,,неприятности одной девушки зомби,2018,,,,ona|anime|17+,,,,,,,movie,UNKNOWN,,,cdnvideohub-catalog-cache,imdb:8286670|kinopoisk:1121075|myanimelist:37735,PROVIDER_TYPE_VS_KIND_TAG,CONFLICTED,MOVIE,ONA,тип поставщика MOVIE и тег ONA из разных групп: эпизодический против единичного. Выбор без внешнего источника был бы угадыванием
lords-02:019191cd-21ae-7f04-b77b-02a86e89ff24,lords-02,lords-02,019191cd-21ae-7f04-b77b-02a86e89ff24,Баки Ханма против Кэнгана Асуры,,,баки ханма против кэнгана асуры,2024,,,,ona|anime|17+,,,,,,,movie,UNKNOWN,,,cdnvideohub-catalog-cache,imdb:31869664|kinopoisk:5581061|myanimelist:58510,PROVIDER_TYPE_VS_KIND_TAG,CONFLICTED,MOVIE,ONA,тип поставщика MOVIE и тег ONA из разных групп: эпизодический против единичного. Выбор без внешнего источника был бы угадыванием
lords-02:01920085-aef8-7a08-b6e3-2916b5958268,lords-02,lords-02,01920085-aef8-7a08-b6e3-2916b5958268,Путешествие в Титибу,,,путешествие в титибу,2018,,,,ona|13+,,,,,,,movie,UNKNOWN,,,cdnvideohub-catalog-cache,myanimelist:37174,PROVIDER_TYPE_VS_KIND_TAG,CONFLICTED,MOVIE,ONA,тип поставщика MOVIE и тег ONA из разных групп: эпизодический против единичного. Выбор без внешнего источника был бы угадыванием
lords-03:01a03ceb-8309-7452-a66b-bde66e5c6c1f,lords-03,lords-03,01a03ceb-8309-7452-a66b-bde66e5c6c1f,Чаша снега,,,чаша снега,2026,,,,ona|13+,,,,,,,movie,UNKNOWN,,,cdnvideohub-catalog-cache,myanimelist:61569,PROVIDER_TYPE_VS_KIND_TAG,CONFLICTED,MOVIE,ONA,тип поставщика MOVIE и тег ONA из разных групп: эпизодический против единичного. Выбор без внешнего источника был бы угадыванием
lords-03:01a002c9-6b74-74dd-9a07-ae303900ae27,lords-03,lords-03,01a002c9-6b74-74dd-9a07-ae303900ae27,Изобрази отвращение и покажи мне свои трусики 3,,,изобрази отвращение и покажи мне свои трусики 3,2023,,,,ova|13+,,,,,,,movie,UNKNOWN,,,cdnvideohub-catalog-cache,myanimelist:55629,PROVIDER_TYPE_VS_KIND_TAG,CONFLICTED,MOVIE,OVA,тип поставщика MOVIE и тег OVA из разных групп: эпизодический против единичного. Выбор без внешнего источника был бы угадыванием
lords-03:019fe334-df3d-7526-b988-691c0cfddbb6,lords-03,lords-03,019fe334-df3d-7526-b988-691c0cfddbb6,Безупречный мир: Небеса в огне девяти бедствий,,,безупречный мир небеса в огне девяти бедствий,2026,,,,ona|13+,,,,,,,movie,UNKNOWN,,,cdnvideohub-catalog-cache,myanimelist:62723,PROVIDER_TYPE_VS_KIND_TAG,CONFLICTED,MOVIE,ONA,тип поставщика MOVIE и тег ONA из разных групп: эпизодический против единичного. Выбор без внешнего источника был бы угадыванием
lords-03:019fe1c4-3327-7508-a56e-9e314ed41be3,lords-03,lords-03,019fe1c4-3327-7508-a56e-9e314ed41be3,Принцесса-герой,,,принцесса герой,2026,,,,ona,,,,,,,movie,UNKNOWN,,,cdnvideohub-catalog-cache,myanimelist:64012,PROVIDER_TYPE_VS_KIND_TAG,CONFLICTED,MOVIE,ONA,тип поставщика MOVIE и тег ONA из разных групп: эпизодический против единичного. Выбор без внешнего источника был бы угадыванием
lords-03:019fc375-fc24-7a4f-bb61-e56eff258a00,lords-03,lords-03,019fc375-fc24-7a4f-bb61-e56eff258a00,Моя геройская академия: Я тоже герой,,,моя геройская академия я тоже герой,2026,,,,ona,,,,,,,movie,UNKNOWN,,,cdnvideohub-catalog-cache,myanimelist:64107,PROVIDER_TYPE_VS_KIND_TAG,CONFLICTED,MOVIE,ONA,тип поставщика MOVIE и тег ONA из разных групп: эпизодический против единичного. Выбор без внешнего источника был бы угадыванием
lords-03:019fb437-fd96-792c-8717-ef9aead11167,lords-03,lords-03,019fb437-fd96-792c-8717-ef9aead11167,У меня мало друзей: Эпизод 0,,,у меня мало друзей эпизод 0,2011,,,,ova|anime|13+,,,,,,,movie,UNKNOWN,,,cdnvideohub-catalog-cache,imdb:0244585|kinopoisk:707597|myanimelist:10897,PROVIDER_TYPE_VS_KIND_TAG,CONFLICTED,MOVIE,OVA,тип поставщика MOVIE и тег OVA из разных групп: эпизодический против единичного. Выбор без внешнего источника был бы угадыванием
lords-03:019f942f-f088-716c-ae29-35bead81d2db,lords-03,lords-03,019f942f-f088-716c-ae29-35bead81d2db,У меня мало друзей: Дополнение,,,у меня мало друзей дополнение,2012,,,,ova|anime|17+,,,,,,,movie,UNKNOWN,,,cdnvideohub-catalog-cache,kinopoisk:708751|myanimelist:14027,PROVIDER_TYPE_VS_KIND_TAG,CONFLICTED,MOVIE,OVA,тип поставщика MOVIE и тег OVA из разных групп: эпизодический против единичного. Выбор без внешнего источника был бы угадыванием
lords-03:019ecc6f-f6dd-7bca-98dd-496e63967526,lords-03,lords-03,019ecc6f-f6dd-7bca-98dd-496e63967526,Новый Тэнти — лишний! Спецвыпуски,,,новый тэнти лишний спецвыпуски,1997,,,,special|13+,,,,,,,tv,UNKNOWN,,,cdnvideohub-catalog-cache,myanimelist:8767,PROVIDER_TYPE_VS_KIND_TAG,CONFLICTED,SERIES,SPECIAL,тип поставщика SERIES и тег SPECIAL из разных групп: эпизодический против единичного. Выбор без внешнего источника был бы угадыванием
lords-03:019eb78a-3569-73ed-b990-a2863d4e15da,lords-03,lords-03,019eb78a-3569-73ed-b990-a2863d4e15da,Тёмное прошлое перевоплощённой злодейки OVA,,,темное прошлое перевоплощенной злодейки ova,2026,,,,ova|13+,,,,,,,movie,UNKNOWN,,,cdnvideohub-catalog-cache,myanimelist:63266,PROVIDER_TYPE_VS_KIND_TAG,CONFLICTED,MOVIE,OVA,тип поставщика MOVIE и тег OVA из разных групп: эпизодический против единичного. Выбор без внешнего источника был бы угадыванием
lords-03:019e8209-2424-7050-b64f-52b77d93ae07,lords-03,lords-03,019e8209-2424-7050-b64f-52b77d93ae07,Падший мастер: Эпизод 0,,,падший мастер эпизод 0,2023,,,,ona|13+,,,,,,,movie,UNKNOWN,,,cdnvideohub-catalog-cache,myanimelist:55856,PROVIDER_TYPE_VS_KIND_TAG,CONFLICTED,MOVIE,ONA,тип поставщика MOVIE и тег ONA из разных групп: эпизодический против единичного. Выбор без внешнего источника был бы угадыванием
lords-03:019e3628-552e-79fb-b4e5-475272db3b9f,lords-03,lords-03,019e3628-552e-79fb-b4e5-475272db3b9f,Re:Zero. Перерыв с нуля 4,,,re zero перерыв с нуля 4,2026,,,,special|13+,,,,,,,tv,UNKNOWN,,,cdnvideohub-catalog-cache,myanimelist:63830,PROVIDER_TYPE_VS_KIND_TAG,CONFLICTED,SERIES,SPECIAL,тип поставщика SERIES и тег SPECIAL из разных групп: эпизодический против единичного. Выбор без внешнего источника был бы угадыванием
lords-03:019de51b-f542-77d1-b427-afe130751f27,lords-03,lords-03,019de51b-f542-77d1-b427-afe130751f27,Пожиратель звёзд: Битва на Изначальной звезде,,,пожиратель звезд битва на изначальной звезде,2026,,,,ona|13+,,,,,,,movie,UNKNOWN,,,cdnvideohub-catalog-cache,myanimelist:62726,PROVIDER_TYPE_VS_KIND_TAG,CONFLICTED,MOVIE,ONA,тип поставщика MOVIE и тег ONA из разных групп: эпизодический против единичного. Выбор без внешнего источника был бы угадыванием
lords-03:019db974-376a-7bc4-8512-2d9ad2139ab0,lords-03,lords-03,019db974-376a-7bc4-8512-2d9ad2139ab0,Мини-дракон: Спецвыпуски,,,мини дракон спецвыпуски,2021,,,,special|13+,,,,,,,tv,UNKNOWN,,,cdnvideohub-catalog-cache,myanimelist:49483,PROVIDER_TYPE_VS_KIND_TAG,CONFLICTED,SERIES,SPECIAL,тип поставщика SERIES и тег SPECIAL из разных групп: эпизодический против единичного. Выбор без внешнего источника был бы угадыванием
lords-03:019da833-2781-7b1d-80a6-8359b5e4c6d0,lords-03,lords-03,019da833-2781-7b1d-80a6-8359b5e4c6d0,Студия Бадзя: Бадзя на море,,,студия бадзя бадзя на море,2020,,,,ova|cartoon|0+,,,,,,,movie,UNKNOWN,,,cdnvideohub-catalog-cache,imdb:12706930|kinopoisk:1417178|myanimelist:39735,PROVIDER_TYPE_VS_KIND_TAG,CONFLICTED,MOVIE,OVA,тип поставщика MOVIE и тег OVA из разных групп: эпизодический против единичного. Выбор без внешнего источника был бы угадыванием
lords-03:019d5dd9-0483-7af5-afe1-a0b24e5b5c04,lords-03,lords-03,019d5dd9-0483-7af5-afe1-a0b24e5b5c04,Окутывая небеса: Сражение против Тэн Вана с медным гробом,,,окутывая небеса сражение против тэн вана с медным гробом,2026,,,,ona|13+,,,,,,,movie,UNKNOWN,,,cdnvideohub-catalog-cache,myanimelist:63606,PROVIDER_TYPE_VS_KIND_TAG,CONFLICTED,MOVIE,ONA,тип поставщика MOVIE и тег ONA из разных групп: эпизодический против единичного. Выбор без внешнего источника был бы угадыванием
lords-03:019cde4d-41f1-7e11-b171-07d5bd9840ac,lords-03,lords-03,019cde4d-41f1-7e11-b171-07d5bd9840ac,Усио и Тора: Театр комических деформаций,,,усио и тора театр комических деформаций,1993,,,,ova|anime|13+,,,,,,,movie,UNKNOWN,,,cdnvideohub-catalog-cache,kinopoisk:335736|myanimelist:5308,PROVIDER_TYPE_VS_KIND_TAG,CONFLICTED,MOVIE,OVA,тип поставщика MOVIE и тег OVA из разных групп: эпизодический против единичного. Выбор без внешнего источника был бы угадыванием
lords-03:019cc4d1-f195-72e3-9364-0557b543788c,lords-03,lords-03,019cc4d1-f195-72e3-9364-0557b543788c,Открывая дверь,,,открывая дверь,1995,,,,ova|anime|0+,,,,,,,movie,UNKNOWN,,,cdnvideohub-catalog-cache,imdb:2411932|kinopoisk:708995|myanimelist:1979,PROVIDER_TYPE_VS_KIND_TAG,CONFLICTED,MOVIE,OVA,тип поставщика MOVIE и тег OVA из разных групп: эпизодический против единичного. Выбор без внешнего источника был бы угадыванием
lords-03:019cc4cf-22d3-76d7-a7f9-bd718736f7bb,lords-03,lords-03,019cc4cf-22d3-76d7-a7f9-bd718736f7bb,Бандит Бин,,,бандит бин,2021,,,,ova|anime|13+,,,,,,,movie,UNKNOWN,,,cdnvideohub-catalog-cache,imdb:28316364|kinopoisk:5129344|myanimelist:37483,PROVIDER_TYPE_VS_KIND_TAG,CONFLICTED,MOVIE,OVA,тип поставщика MOVIE и тег OVA из разных групп: эпизодический против единичного. Выбор без внешнего источника был бы угадыванием
lords-03:019cc34b-a867-76cb-a255-842f962d732a,lords-03,lords-03,019cc34b-a867-76cb-a255-842f962d732a,Птичья песня,,,птичья песня,2007,,,,ova|anime|13+,,,,,,,movie,UNKNOWN,,,cdnvideohub-catalog-cache,imdb:2495264|kinopoisk:724228|myanimelist:5819,PROVIDER_TYPE_VS_KIND_TAG,CONFLICTED,MOVIE,OVA,тип поставщика MOVIE и тег OVA из разных групп: эпизодический против единичного. Выбор без внешнего источника был бы угадыванием
lords-03:019cb8e6-f453-7b52-a54f-47c9ca90aefe,lords-03,lords-03,019cb8e6-f453-7b52-a54f-47c9ca90aefe,Genshin Impact: Звёздная Одиссея,,,genshin impact звездная одиссея,2025,,,,ona|13+,,,,,,,movie,UNKNOWN,,,cdnvideohub-catalog-cache,myanimelist:61840,PROVIDER_TYPE_VS_KIND_TAG,CONFLICTED,MOVIE,ONA,тип поставщика MOVIE и тег ONA из разных групп: эпизодический против единичного. Выбор без внешнего источника был бы угадыванием
lords-03:019cb87e-5077-7138-960b-9bd5dadc2f58,lords-03,lords-03,019cb87e-5077-7138-960b-9bd5dadc2f58,Genshin Impact: Неизбранный путь,,,genshin impact неизбранный путь,2024,,,,ona|13+,,,,,,,movie,UNKNOWN,,,cdnvideohub-catalog-cache,myanimelist:58930,PROVIDER_TYPE_VS_KIND_TAG,CONFLICTED,MOVIE,ONA,тип поставщика MOVIE и тег ONA из разных групп: эпизодический против единичного. Выбор без внешнего источника был бы угадыванием
lords-03:019cb439-c0da-7d48-ab18-f5a4572bf5b6,lords-03,lords-03,019cb439-c0da-7d48-ab18-f5a4572bf5b6,Ранма 1/2: Музыкальный конкурс,,,ранма 1 2 музыкальный конкурс,1990,,,,ova|cartoon|13+,,,,,,,movie,UNKNOWN,,,cdnvideohub-catalog-cache,imdb:15469286|kinopoisk:4646260|myanimelist:6713,PROVIDER_TYPE_VS_KIND_TAG,CONFLICTED,MOVIE,OVA,тип поставщика MOVIE и тег OVA из разных групп: эпизодический против единичного. Выбор без внешнего источника был бы угадыванием
lords-03:019c9f9f-3555-7f3c-b460-fe18264aec13,lords-03,lords-03,019c9f9f-3555-7f3c-b460-fe18264aec13,Ну не может моя сестрёнка быть такой милой: Анимированный комментарий,,,ну не может моя сестренка быть такой милой анимированный комментарий,2010,,,,special|13+,,,,,,,tv,UNKNOWN,,,cdnvideohub-catalog-cache,myanimelist:10108,PROVIDER_TYPE_VS_KIND_TAG,CONFLICTED,SERIES,SPECIAL,тип поставщика SERIES и тег SPECIAL из разных групп: эпизодический против единичного. Выбор без внешнего источника был бы угадыванием
lords-03:019c9510-325e-7dce-ba78-d722c55f3db9,lords-03,lords-03,019c9510-325e-7dce-ba78-d722c55f3db9,Ужасы дома ужасов,,,ужасы дома ужасов,2026,,,,ona|13+,,,,,,,movie,UNKNOWN,,,cdnvideohub-catalog-cache,myanimelist:63558,PROVIDER_TYPE_VS_KIND_TAG,CONFLICTED,MOVIE,ONA,тип поставщика MOVIE и тег ONA из разных групп: эпизодический против единичного. Выбор без внешнего источника был бы угадыванием
lords-03:019c8662-c9b3-7c9b-be21-1a44aa6c94bf,lords-03,lords-03,019c8662-c9b3-7c9b-be21-1a44aa6c94bf,Уроки современного искусства OVA,,,уроки современного искусства ova,2010,,,,ova|cartoon|13+,,,,,,,movie,UNKNOWN,,,cdnvideohub-catalog-cache,imdb:1785388|kinopoisk:613207|myanimelist:6959,PROVIDER_TYPE_VS_KIND_TAG,CONFLICTED,MOVIE,OVA,тип поставщика MOVIE и тег OVA из разных групп: эпизодический против единичного. Выбор без внешнего источника был бы угадыванием
lords-03:019c6fed-f60b-7843-993d-931360764e50,lords-03,lords-03,019c6fed-f60b-7843-993d-931360764e50,Новогодний альянс: Новогодние скачки,,,новогодний альянс новогодние скачки,2026,,,,ona|0+,,,,,,,movie,UNKNOWN,,,cdnvideohub-catalog-cache,myanimelist:63497,PROVIDER_TYPE_VS_KIND_TAG,CONFLICTED,MOVIE,ONA,тип поставщика MOVIE и тег ONA из разных групп: эпизодический против единичного. Выбор без внешнего источника был бы угадыванием
lords-03:019c6607-5e48-7515-8ec3-0a08fc96d633,lords-03,lords-03,019c6607-5e48-7515-8ec3-0a08fc96d633,Однажды мне пришло письмо из Страны собак,,,однажды мне пришло письмо из страны собак,2015,,,,ova|anime|0+,,,,,,,movie,UNKNOWN,,,cdnvideohub-catalog-cache,imdb:17868090|kinopoisk:957917|myanimelist:31387,PROVIDER_TYPE_VS_KIND_TAG,CONFLICTED,MOVIE,OVA,тип поставщика MOVIE и тег OVA из разных групп: эпизодический против единичного. Выбор без внешнего источника был бы угадыванием
lords-03:019c6115-806a-7bd9-9bee-d8edf16be2d5,lords-03,lords-03,019c6115-806a-7bd9-9bee-d8edf16be2d5,Джентльмен из грёз: Скандальное приключение,,,джентльмен из грез скандальное приключение,1987,,,,ova|anime|13+,,,,,,,movie,UNKNOWN,,,cdnvideohub-catalog-cache,kinopoisk:1185298|myanimelist:8162,PROVIDER_TYPE_VS_KIND_TAG,CONFLICTED,MOVIE,OVA,тип поставщика MOVIE и тег OVA из разных групп: эпизодический против единичного. Выбор без внешнего источника был бы угадыванием
lords-03:019c1e57-4446-7761-8a06-1750be9303df,lords-03,lords-03,019c1e57-4446-7761-8a06-1750be9303df,Тихий дон: Побочная история о якудза,,,тихий дон побочная история о якудза,1991,,,,ova|17+,,,,,,,movie,UNKNOWN,,,cdnvideohub-catalog-cache,myanimelist:9349,PROVIDER_TYPE_VS_KIND_TAG,CONFLICTED,MOVIE,OVA,тип поставщика MOVIE и тег OVA из разных групп: эпизодический против единичного. Выбор без внешнего источника был бы угадыванием
lords-03:019c1524-55e9-79b0-a680-8505dc7dc906,lords-03,lords-03,019c1524-55e9-79b0-a680-8505dc7dc906,"Дурни, тесты, аватары: Рождество",,,дурни тесты аватары рождество,2009,,,,ona|13+,,,,,,,movie,UNKNOWN,,,cdnvideohub-catalog-cache,myanimelist:7805,PROVIDER_TYPE_VS_KIND_TAG,CONFLICTED,MOVIE,ONA,тип поставщика MOVIE и тег ONA из разных групп: эпизодический против единичного. Выбор без внешнего источника был бы угадыванием
lords-03:019c1522-7160-7d9d-b9b7-89732c18adcc,lords-03,lords-03,019c1522-7160-7d9d-b9b7-89732c18adcc,"Дурни, тесты, аватары: Спецвыпуски",,,дурни тесты аватары спецвыпуски,2010,,,,special|13+,,,,,,,tv,UNKNOWN,,,cdnvideohub-catalog-cache,myanimelist:7870,PROVIDER_TYPE_VS_KIND_TAG,CONFLICTED,SERIES,SPECIAL,тип поставщика SERIES и тег SPECIAL из разных групп: эпизодический против единичного. Выбор без внешнего источника был бы угадыванием
lords-03:019c0a16-6234-72e9-8dfc-b8c693f4757c,lords-03,lords-03,019c0a16-6234-72e9-8dfc-b8c693f4757c,Инициал Ди: Боевая стадия 2,,,инициал ди боевая стадия 2,2007,,,,ova|anime|13+,,,,,,,movie,UNKNOWN,,,cdnvideohub-catalog-cache,imdb:11294636|kinopoisk:1321390|myanimelist:3931,PROVIDER_TYPE_VS_KIND_TAG,CONFLICTED,MOVIE,OVA,тип поставщика MOVIE и тег OVA из разных групп: эпизодический против единичного. Выбор без внешнего источника был бы угадыванием
lords-03:019c09e9-6426-7d70-a01c-c8f6cef3cc5d,lords-03,lords-03,019c09e9-6426-7d70-a01c-c8f6cef3cc5d,Баскетбол Куроко: Дураки не могут выиграть!,,,баскетбол куроко дураки не могут выиграть,2013,,,,ova|13+,,,,,,,movie,UNKNOWN,,,cdnvideohub-catalog-cache,myanimelist:19669,PROVIDER_TYPE_VS_KIND_TAG,CONFLICTED,MOVIE,OVA,тип поставщика MOVIE и тег OVA из разных групп: эпизодический против единичного. Выбор без внешнего источника был бы угадыванием
lords-03:019be5b3-dfc4-75bf-874e-2cfe9ef05a8e,lords-03,lords-03,019be5b3-dfc4-75bf-874e-2cfe9ef05a8e,Суперпринцесса Кагуя!,,,суперпринцесса кагуя,2026,,,,ona|anime|13+,,,,,,,movie,UNKNOWN,,,cdnvideohub-catalog-cache,kinopoisk:12267286|myanimelist:62896,PROVIDER_TYPE_VS_KIND_TAG,CONFLICTED,MOVIE,ONA,тип поставщика MOVIE и тег ONA из разных групп: эпизодический против единичного. Выбор без внешнего источника был бы угадыванием
lords-03:019be070-9456-7241-a637-1f73db1f4b96,lords-03,lords-03,019be070-9456-7241-a637-1f73db1f4b96,Боги и духи: Весенний фестиваль,,,боги и духи весенний фестиваль,2024,,,,ona|13+,,,,,,,movie,UNKNOWN,,,cdnvideohub-catalog-cache,myanimelist:58048,PROVIDER_TYPE_VS_KIND_TAG,CONFLICTED,MOVIE,ONA,тип поставщика MOVIE и тег ONA из разных групп: эпизодический против единичного. Выбор без внешнего источника был бы угадыванием
lords-03:019bd655-5c64-711b-aa68-41ef4505f90e,lords-03,lords-03,019bd655-5c64-711b-aa68-41ef4505f90e,Гамера против Кодзамеры,,,гамера против кодзамеры,2023,,,,ona|0+,,,,,,,movie,UNKNOWN,,,cdnvideohub-catalog-cache,myanimelist:56702,PROVIDER_TYPE_VS_KIND_TAG,CONFLICTED,MOVIE,ONA,тип поставщика MOVIE и тег ONA из разных групп: эпизодический против единичного. Выбор без внешнего источника был бы угадыванием
lords-03:019bbcef-e4cb-70e1-b99c-15c78b0ac2d1,lords-03,lords-03,019bbcef-e4cb-70e1-b99c-15c78b0ac2d1,Ложнококон,,,ложнококон,2020,,,,ona|anime|13+,,,,,,,movie,UNKNOWN,,,cdnvideohub-catalog-cache,kinopoisk:10467068|myanimelist:44059,PROVIDER_TYPE_VS_KIND_TAG,CONFLICTED,MOVIE,ONA,тип поставщика MOVIE и тег ONA из разных групп: эпизодический против единичного. Выбор без внешнего источника был бы угадыванием
lords-03:019bbcdc-352d-7303-98f8-2508cebd9736,lords-03,lords-03,019bbcdc-352d-7303-98f8-2508cebd9736,При Пара: Земля идола — Эпизод 0,,,при пара земля идола эпизод 0,2021,,,,ona|13+,,,,,,,movie,UNKNOWN,,,cdnvideohub-catalog-cache,myanimelist:56561,PROVIDER_TYPE_VS_KIND_TAG,CONFLICTED,MOVIE,ONA,тип поставщика MOVIE и тег ONA из разных групп: эпизодический против единичного. Выбор без внешнего источника был бы угадыванием
lords-03:019bbbae-5385-7fc2-b495-24bb06968e33,lords-03,lords-03,019bbbae-5385-7fc2-b495-24bb06968e33,Город поп-поп,,,город поп поп,2024,,,,ona|13+,,,,,,,movie,UNKNOWN,,,cdnvideohub-catalog-cache,myanimelist:58318,PROVIDER_TYPE_VS_KIND_TAG,CONFLICTED,MOVIE,ONA,тип поставщика MOVIE и тег ONA из разных групп: эпизодический против единичного. Выбор без внешнего источника был бы угадыванием
lords-03:019bbba8-9e33-75be-a8b3-63f91806a8e9,lords-03,lords-03,019bbba8-9e33-75be-a8b3-63f91806a8e9,Мост: Мои маленькие друзья,,,мост мои маленькие друзья,2024,,,,ona|0+,,,,,,,movie,UNKNOWN,,,cdnvideohub-catalog-cache,myanimelist:58319,PROVIDER_TYPE_VS_KIND_TAG,CONFLICTED,MOVIE,ONA,тип поставщика MOVIE и тег ONA из разных групп: эпизодический против единичного. Выбор без внешнего источника был бы угадыванием
lords-03:019bbba5-cfae-72ee-85d4-b6b45e6dcbd0,lords-03,lords-03,019bbba5-cfae-72ee-85d4-b6b45e6dcbd0,Кроссовки и панк,,,кроссовки и панк,2024,,,,ona|13+,,,,,,,movie,UNKNOWN,,,cdnvideohub-catalog-cache,myanimelist:58320,PROVIDER_TYPE_VS_KIND_TAG,CONFLICTED,MOVIE,ONA,тип поставщика MOVIE и тег ONA из разных групп: эпизодический против единичного. Выбор без внешнего источника был бы угадыванием
lords-03:019b9d36-a85d-71c8-b032-4b2de5d93cb2,lords-03,lords-03,019b9d36-a85d-71c8-b032-4b2de5d93cb2,«Торчащий язык» Тёмма,,,торчащий язык темма,1987,,,,ova|6+,,,,,,,movie,UNKNOWN,,,cdnvideohub-catalog-cache,myanimelist:30984,PROVIDER_TYPE_VS_KIND_TAG,CONFLICTED,MOVIE,OVA,тип поставщика MOVIE и тег OVA из разных групп: эпизодический против единичного. Выбор без внешнего источника был бы угадыванием
lords-03:019b983c-0355-7142-a3c2-8d54a8842249,lords-03,lords-03,019b983c-0355-7142-a3c2-8d54a8842249,Золотое божество: Молниеносный разбойник и Гадюка Огин/Длиннохвостая синица,,,золотое божество молниеносный разбойник и гадюка огин длиннохвостая синица,2025,,,,ova|17+,,,,,,,movie,UNKNOWN,,,cdnvideohub-catalog-cache,myanimelist:61834,PROVIDER_TYPE_VS_KIND_TAG,CONFLICTED,MOVIE,OVA,тип поставщика MOVIE и тег OVA из разных групп: эпизодический против единичного. Выбор без внешнего источника был бы угадыванием
lords-03:019b839a-8d6a-73bb-8dff-12b804496a87,lords-03,lords-03,019b839a-8d6a-73bb-8dff-12b804496a87,Туманный холм пяти стихий ONA,,,туманный холм пяти стихий ona,2016,,,,ona|13+,,,,,,,movie,UNKNOWN,,,cdnvideohub-catalog-cache,myanimelist:51195,PROVIDER_TYPE_VS_KIND_TAG,CONFLICTED,MOVIE,ONA,тип поставщика MOVIE и тег ONA из разных групп: эпизодический против единичного. Выбор без внешнего источника был бы угадыванием
lords-03:019b4a5e-8028-7d7d-b88e-b9a4abd425fa,lords-03,lords-03,019b4a5e-8028-7d7d-b88e-b9a4abd425fa,Левша: Пилотный выпуск,,,левша пилотный выпуск,2023,,,,ona|13+,,,,,,,movie,UNKNOWN,,,cdnvideohub-catalog-cache,myanimelist:55191,PROVIDER_TYPE_VS_KIND_TAG,CONFLICTED,MOVIE,ONA,тип поставщика MOVIE и тег ONA из разных групп: эпизодический против единичного. Выбор без внешнего источника был бы угадыванием
lords-03:019b45d5-4562-754d-84fa-2aa6a279a5ed,lords-03,lords-03,019b45d5-4562-754d-84fa-2aa6a279a5ed,Принц тенниса: День выживания в горах,,,принц тенниса день выживания в горах,2003,,,,ova|anime|13+,,,,,,,movie,UNKNOWN,,,cdnvideohub-catalog-cache,kinopoisk:1404932|myanimelist:1190,PROVIDER_TYPE_VS_KIND_TAG,CONFLICTED,MOVIE,OVA,тип поставщика MOVIE и тег OVA из разных групп: эпизодический против единичного. Выбор без внешнего источника был бы угадыванием
lords-03:019b288f-5f35-77c3-8ff9-1dc563a598f2,lords-03,lords-03,019b288f-5f35-77c3-8ff9-1dc563a598f2,Бестия,,,бестия,2025,,,,ona|13+,,,,,,,movie,UNKNOWN,,,cdnvideohub-catalog-cache,myanimelist:61302,PROVIDER_TYPE_VS_KIND_TAG,CONFLICTED,MOVIE,ONA,тип поставщика MOVIE и тег ONA из разных групп: эпизодический против единичного. Выбор без внешнего источника был бы угадыванием
lords-03:019b2783-7b41-7aa0-859f-6ab8412a556d,lords-03,lords-03,019b2783-7b41-7aa0-859f-6ab8412a556d,Трусливый велосипедист: Специальная поездка,,,трусливый велосипедист специальная поездка,2013,,,,ova|anime|13+,,,,,,,movie,UNKNOWN,,,cdnvideohub-catalog-cache,kinopoisk:4536410|myanimelist:18177,PROVIDER_TYPE_VS_KIND_TAG,CONFLICTED,MOVIE,OVA,тип поставщика MOVIE и тег OVA из разных групп: эпизодический против единичного. Выбор без внешнего источника был бы угадыванием
lords-03:019b2186-2df2-7d04-b13a-b01f5eeef742,lords-03,lords-03,019b2186-2df2-7d04-b13a-b01f5eeef742,"Исиномаки, город, который меняется и может измениться feat. Jun",,,исиномаки город который меняется и может измениться feat jun,2022,,,,ona|0+,,,,,,,movie,UNKNOWN,,,cdnvideohub-catalog-cache,myanimelist:51008,PROVIDER_TYPE_VS_KIND_TAG,CONFLICTED,MOVIE,ONA,тип поставщика MOVIE и тег ONA из разных групп: эпизодический против единичного. Выбор без внешнего источника был бы угадыванием
lords-03:019b1c37-781b-7afe-8be9-d27452cdcdc4,lords-03,lords-03,019b1c37-781b-7afe-8be9-d27452cdcdc4,Дракон Раджа: Эпизод 0,,,дракон раджа эпизод 0,2022,,,,ona|13+,,,,,,,movie,UNKNOWN,,,cdnvideohub-catalog-cache,myanimelist:52890,PROVIDER_TYPE_VS_KIND_TAG,CONFLICTED,MOVIE,ONA,тип поставщика MOVIE и тег ONA из разных групп: эпизодический против единичного. Выбор без внешнего источника был бы угадыванием
lords-03:019b1c16-b8d9-71e6-aeff-c3621993d403,lords-03,lords-03,019b1c16-b8d9-71e6-aeff-c3621993d403,Звёздный рай,,,звездный рай,1991,,,,ova|13+,,,,,,,movie,UNKNOWN,,,cdnvideohub-catalog-cache,myanimelist:4452,PROVIDER_TYPE_VS_KIND_TAG,CONFLICTED,MOVIE,OVA,тип поставщика MOVIE и тег OVA из разных групп: эпизодический против единичного. Выбор без внешнего источника был бы угадыванием
lords-03:019b0db4-ad85-716c-af20-933d1787d533,lords-03,lords-03,019b0db4-ad85-716c-af20-933d1787d533,Охотник х Охотник: Пилотная серия,,,охотник х охотник пилотная серия,1998,,,,ova|anime|13+,,,,,,,movie,UNKNOWN,,,cdnvideohub-catalog-cache,imdb:13034722|kinopoisk:678772|myanimelist:10189,PROVIDER_TYPE_VS_KIND_TAG,CONFLICTED,MOVIE,OVA,тип поставщика MOVIE и тег OVA из разных групп: эпизодический против единичного. Выбор без внешнего источника был бы угадыванием
lords-03:019b0d52-0a50-76b0-8fef-c9863aea5cd6,lords-03,lords-03,019b0d52-0a50-76b0-8fef-c9863aea5cd6,Сага о Винланде 2: Утопающий в тени,,,сага о винланде 2 утопающий в тени,2023,,,,ona|17+,,,,,,,movie,UNKNOWN,,,cdnvideohub-catalog-cache,myanimelist:54463,PROVIDER_TYPE_VS_KIND_TAG,CONFLICTED,MOVIE,ONA,тип поставщика MOVIE и тег ONA из разных групп: эпизодический против единичного. Выбор без внешнего источника был бы угадыванием
lords-03:019ae409-e912-7e71-a94c-a22f190f20b1,lords-03,lords-03,019ae409-e912-7e71-a94c-a22f190f20b1,"Очень приятно, Бог: Будьте счастливы",,,очень приятно бог будьте счастливы,2016,,,,ova|13+,,,,,,,movie,UNKNOWN,,,cdnvideohub-catalog-cache,myanimelist:33323,PROVIDER_TYPE_VS_KIND_TAG,CONFLICTED,MOVIE,OVA,тип поставщика MOVIE и тег OVA из разных групп: эпизодический против единичного. Выбор без внешнего источника был бы угадыванием
lords-03:019ab577-5089-759a-b93c-36dd024d167e,lords-03,lords-03,019ab577-5089-759a-b93c-36dd024d167e,Галверс: Возрождение,,,галверс возрождение,2025,,,,ona|17+,,,,,,,movie,UNKNOWN,,,cdnvideohub-catalog-cache,myanimelist:61672,PROVIDER_TYPE_VS_KIND_TAG,CONFLICTED,MOVIE,ONA,тип поставщика MOVIE и тег ONA из разных групп: эпизодический против единичного. Выбор без внешнего источника был бы угадыванием
lords-03:019ab539-5831-71cc-a9af-dc3783a1946b,lords-03,lords-03,019ab539-5831-71cc-a9af-dc3783a1946b,Портрет Цзянху: Реки и озёра 6,,,портрет цзянху реки и озера 6,2023,,,,ona|13+,,,,,,,movie,UNKNOWN,,,cdnvideohub-catalog-cache,myanimelist:51897,PROVIDER_TYPE_VS_KIND_TAG,CONFLICTED,MOVIE,ONA,тип поставщика MOVIE и тег ONA из разных групп: эпизодический против единичного. Выбор без внешнего источника был бы угадыванием
lords-03:019a9745-ef9f-777d-9aba-38a189ee9652,lords-03,lords-03,019a9745-ef9f-777d-9aba-38a189ee9652,"Рэм, охотница на мечту III",,,рэм охотница на мечту 3,1992,,,,ova|anime|17+,,,,,,,movie,UNKNOWN,,,cdnvideohub-catalog-cache,imdb:16370002|kinopoisk:949196|myanimelist:5584,PROVIDER_TYPE_VS_KIND_TAG,CONFLICTED,MOVIE,OVA,тип поставщика MOVIE и тег OVA из разных групп: эпизодический против единичного. Выбор без внешнего источника был бы угадыванием
lords-03:019a973f-6db3-7ba8-b10d-cf54484359c1,lords-03,lords-03,019a973f-6db3-7ba8-b10d-cf54484359c1,"Рэм, охотница на мечту II",,,рэм охотница на мечту 2,1990,,,,ova|anime|17+,,,,,,,movie,UNKNOWN,,,cdnvideohub-catalog-cache,kinopoisk:949198|myanimelist:5585,PROVIDER_TYPE_VS_KIND_TAG,CONFLICTED,MOVIE,OVA,тип поставщика MOVIE и тег OVA из разных групп: эпизодический против единичного. Выбор без внешнего источника был бы угадыванием
lords-03:019a7352-e3e7-7c5c-a34e-a3a214350286,lords-03,lords-03,019a7352-e3e7-7c5c-a34e-a3a214350286,Куроми работает над аниме,,,куроми работает над аниме,2001,,,,ova|anime|13+,,,,,,,movie,UNKNOWN,,,cdnvideohub-catalog-cache,imdb:1728601|kinopoisk:602400|myanimelist:1797,PROVIDER_TYPE_VS_KIND_TAG,CONFLICTED,MOVIE,OVA,тип поставщика MOVIE и тег OVA из разных групп: эпизодический против единичного. Выбор без внешнего источника был бы угадыванием
lords-03:019a733f-0398-7643-885e-fe5b9cd5ec81,lords-03,lords-03,019a733f-0398-7643-885e-fe5b9cd5ec81,Клёвый мальчик,,,клевый мальчик,1993,,,,ova|13+,,,,,,,movie,UNKNOWN,,,cdnvideohub-catalog-cache,myanimelist:2091,PROVIDER_TYPE_VS_KIND_TAG,CONFLICTED,MOVIE,OVA,тип поставщика MOVIE и тег OVA из разных групп: эпизодический против единичного. Выбор без внешнего источника был бы угадыванием
lords-03:019a20fb-2103-7c19-8122-44bffbf845bf,lords-03,lords-03,019a20fb-2103-7c19-8122-44bffbf845bf,Ультраманьяк OVA,,,ультраманьяк ova,2002,,,,ova|cartoon|0+,,,,,,,movie,UNKNOWN,,,cdnvideohub-catalog-cache,kinopoisk:5157219|myanimelist:179,PROVIDER_TYPE_VS_KIND_TAG,CONFLICTED,MOVIE,OVA,тип поставщика MOVIE и тег OVA из разных групп: эпизодический против единичного. Выбор без внешнего источника был бы угадыванием
lords-03:019a1c39-2a06-72ec-ba4d-8a93f841ad64,lords-03,lords-03,019a1c39-2a06-72ec-ba4d-8a93f841ad64,"Пожалуйста, учитель! Секретная пара",,,пожалуйста учитель секретная пара,2002,,,,ova|13+,,,,,,,movie,UNKNOWN,,,cdnvideohub-catalog-cache,myanimelist:443,PROVIDER_TYPE_VS_KIND_TAG,CONFLICTED,MOVIE,OVA,тип поставщика MOVIE и тег OVA из разных групп: эпизодический против единичного. Выбор без внешнего источника был бы угадыванием
lords-03:019a1038-7679-7b90-8f8e-7bbd5a055b12,lords-03,lords-03,019a1038-7679-7b90-8f8e-7bbd5a055b12,Вандред OVA,,,вандред ova,2001,,,,ova|anime|13+,,,,,,,movie,UNKNOWN,,,cdnvideohub-catalog-cache,imdb:4161238|kinopoisk:864327|myanimelist:1112,PROVIDER_TYPE_VS_KIND_TAG,CONFLICTED,MOVIE,OVA,тип поставщика MOVIE и тег OVA из разных групп: эпизодический против единичного. Выбор без внешнего источника был бы угадыванием
lords-03:019a1038-7872-7714-b512-4e94a97a2d58,lords-03,lords-03,019a1038-7872-7714-b512-4e94a97a2d58,Вандред: Второй уровень OVA,,,вандред второй уровень ova,2002,,,,ova|anime|13+,,,,,,,movie,UNKNOWN,,,cdnvideohub-catalog-cache,imdb:4164440|kinopoisk:854031|myanimelist:1111,PROVIDER_TYPE_VS_KIND_TAG,CONFLICTED,MOVIE,OVA,тип поставщика MOVIE и тег OVA из разных групп: эпизодический против единичного. Выбор без внешнего источника был бы угадыванием
lords-03:019a0c82-f085-7fd2-ab9c-1caaace0ac02,lords-03,lords-03,019a0c82-f085-7fd2-ab9c-1caaace0ac02,Такэда Тацуя: До восхода Луны,,,такэда тацуя до восхода луны,1991,,,,ova|anime|0+,,,,,,,movie,UNKNOWN,,,cdnvideohub-catalog-cache,kinopoisk:949171|myanimelist:12905,PROVIDER_TYPE_VS_KIND_TAG,CONFLICTED,MOVIE,OVA,тип поставщика MOVIE и тег OVA из разных групп: эпизодический против единичного. Выбор без внешнего источника был бы угадыванием
lords-03:0199f207-574f-78fb-b018-3ebaa5366825,lords-03,lords-03,0199f207-574f-78fb-b018-3ebaa5366825,Моя жена — президент студенческого совета! OVA,,,моя жена президент студенческого совета ova,2016,,,,ova|anime|17+,,,,,,,movie,UNKNOWN,,,cdnvideohub-catalog-cache,imdb:5373222|kinopoisk:1110941|myanimelist:31980,PROVIDER_TYPE_VS_KIND_TAG,CONFLICTED,MOVIE,OVA,тип поставщика MOVIE и тег OVA из разных групп: эпизодический против единичного. Выбор без внешнего источника был бы угадыванием
lords-03:0199f1fc-1e05-74c4-be4e-028df8592a0b,lords-03,lords-03,0199f1fc-1e05-74c4-be4e-028df8592a0b,Моя девушка — убеждённая извращенка-девственница OVA,,,моя девушка убежденная извращенка девственница ova,2018,,,,ova|anime|17+,,,,,,,movie,UNKNOWN,,,cdnvideohub-catalog-cache,kinopoisk:4633275|myanimelist:36560,PROVIDER_TYPE_VS_KIND_TAG,CONFLICTED,MOVIE,OVA,тип поставщика MOVIE и тег OVA из разных групп: эпизодический против единичного. Выбор без внешнего источника был бы угадыванием
lords-03:0199f1f4-8364-75bb-8450-040476253962,lords-03,lords-03,0199f1f4-8364-75bb-8450-040476253962,Тирания вооружённых девушек OVA,,,тирания вооруженных девушек ova,2017,,,,ova|13+,,,,,,,movie,UNKNOWN,,,cdnvideohub-catalog-cache,myanimelist:35314,PROVIDER_TYPE_VS_KIND_TAG,CONFLICTED,MOVIE,OVA,тип поставщика MOVIE и тег OVA из разных групп: эпизодический против единичного. Выбор без внешнего источника был бы угадыванием
lords-03:0199f1f1-85e1-7da8-8d2d-ecce40c55f2e,lords-03,lords-03,0199f1f1-85e1-7da8-8d2d-ecce40c55f2e,Клёст OVA,,,клест ova,2015,,,,ova|17+,,,,,,,movie,UNKNOWN,,,cdnvideohub-catalog-cache,myanimelist:28713,PROVIDER_TYPE_VS_KIND_TAG,CONFLICTED,MOVIE,OVA,тип поставщика MOVIE и тег OVA из разных групп: эпизодический против единичного. Выбор без внешнего источника был бы угадыванием
lords-03:0199c429-444f-7234-9a08-7c80e6204e20,lords-03,lords-03,0199c429-444f-7234-9a08-7c80e6204e20,Агент времени: Спецвыпуск,,,агент времени спецвыпуск,2021,,,,ona|13+,,,,,,,movie,UNKNOWN,,,cdnvideohub-catalog-cache,myanimelist:49652,PROVIDER_TYPE_VS_KIND_TAG,CONFLICTED,MOVIE,ONA,тип поставщика MOVIE и тег ONA из разных групп: эпизодический против единичного. Выбор без внешнего источника был бы угадыванием
lords-03:019966f5-0be5-7507-95aa-5a4bbf7bec44,lords-03,lords-03,019966f5-0be5-7507-95aa-5a4bbf7bec44,Пылающее солнце Небесного Пути,,,пылающее солнце небесного пути,2020,,,,ona|13+,,,,,,,movie,UNKNOWN,,,cdnvideohub-catalog-cache,myanimelist:44571,PROVIDER_TYPE_VS_KIND_TAG,CONFLICTED,MOVIE,ONA,тип поставщика MOVIE и тег ONA из разных групп: эпизодический против единичного. Выбор без внешнего источника был бы угадыванием
lords-03:019952be-ccf6-7626-b338-9e1aabed629a,lords-03,lords-03,019952be-ccf6-7626-b338-9e1aabed629a,Я Сяо Бай Цзян (2018),,,я сяо бай цзян,2018,,,,ona|13+,,,,,,,movie,UNKNOWN,,,cdnvideohub-catalog-cache,kinopoisk:5207947|myanimelist:37886,PROVIDER_TYPE_VS_KIND_TAG,CONFLICTED,MOVIE,ONA,тип поставщика MOVIE и тег ONA из разных групп: эпизодический против единичного. Выбор без внешнего источника был бы угадыванием
lords-03:01995228-be4f-7023-8e5b-533723168630,lords-03,lords-03,01995228-be4f-7023-8e5b-533723168630,Песнь о ноже под подушкой: Скитание по миру,,,песнь о ноже под подушкой скитание по миру,2022,,,,ona|13+,,,,,,,movie,UNKNOWN,,,cdnvideohub-catalog-cache,myanimelist:48914,PROVIDER_TYPE_VS_KIND_TAG,CONFLICTED,MOVIE,ONA,тип поставщика MOVIE и тег ONA из разных групп: эпизодический против единичного. Выбор без внешнего источника был бы угадыванием
lords-03:0193a4df-2102-772a-b633-8826056bd287,lords-03,lords-03,0193a4df-2102-772a-b633-8826056bd287,Пожиратель звёзд: Континент застывшей крови,,,пожиратель звезд континент застывшей крови,2024,,,,ona|13+,,,,,,,movie,UNKNOWN,,,cdnvideohub-catalog-cache,myanimelist:59939,PROVIDER_TYPE_VS_KIND_TAG,CONFLICTED,MOVIE,ONA,тип поставщика MOVIE и тег ONA из разных групп: эпизодический против единичного. Выбор без внешнего источника был бы угадыванием
lords-03:019174d4-0f5d-7b1c-a837-dd48a0deb0ce,lords-03,lords-03,019174d4-0f5d-7b1c-a837-dd48a0deb0ce,Неприятности одной девушки-зомби,,,неприятности одной девушки зомби,2018,,,,ona|anime|17+,,,,,,,movie,UNKNOWN,,,cdnvideohub-catalog-cache,imdb:8286670|kinopoisk:1121075|myanimelist:37735,PROVIDER_TYPE_VS_KIND_TAG,CONFLICTED,MOVIE,ONA,тип поставщика MOVIE и тег ONA из разных групп: эпизодический против единичного. Выбор без внешнего источника был бы угадыванием
lords-03:019191cd-21ae-7f04-b77b-02a86e89ff24,lords-03,lords-03,019191cd-21ae-7f04-b77b-02a86e89ff24,Баки Ханма против Кэнгана Асуры,,,баки ханма против кэнгана асуры,2024,,,,ona|anime|17+,,,,,,,movie,UNKNOWN,,,cdnvideohub-catalog-cache,imdb:31869664|kinopoisk:5581061|myanimelist:58510,PROVIDER_TYPE_VS_KIND_TAG,CONFLICTED,MOVIE,ONA,тип поставщика MOVIE и тег ONA из разных групп: эпизодический против единичного. Выбор без внешнего источника был бы угадыванием
lords-03:01920085-aef8-7a08-b6e3-2916b5958268,lords-03,lords-03,01920085-aef8-7a08-b6e3-2916b5958268,Путешествие в Титибу,,,путешествие в титибу,2018,,,,ona|13+,,,,,,,movie,UNKNOWN,,,cdnvideohub-catalog-cache,myanimelist:37174,PROVIDER_TYPE_VS_KIND_TAG,CONFLICTED,MOVIE,ONA,тип поставщика MOVIE и тег ONA из разных групп: эпизодический против единичного. Выбор без внешнего источника был бы угадыванием
