title_id,reason,has_details_row,quality_flags
master-lda-i-plameni-2,TRULY_MISSING,True,
eho-kamera,TRULY_MISSING,True,
vpered-anpanman-davayte-pobedim-korabl-s-privideniyami,TRULY_MISSING,True,
prishedshiy-iz-drevnosti-2,TRULY_MISSING,True,
dikie-yasli-prirody-vospityvaya-novoe-pokolenie,TRULY_MISSING,True,
tikava-tayna-ostrova-rusalok,TRULY_MISSING,True,
istoriya-epohi-seva-film,TRULY_MISSING,True,
proekt-kirameki,TRULY_MISSING,True,
ubiyca-bogov-final,TRULY_MISSING,True,
spisok-nano,TRULY_MISSING,True,
poketun-2025,TRULY_MISSING,True,
poketun-2024,TRULY_MISSING,True,
bog-bogatstva-chzhanlun-dou,TRULY_MISSING,True,
asy-i-malenkaya-lindan,TRULY_MISSING,True,
mificheskie-zveri-6,TRULY_MISSING,True,
zadniy-pereulok-ulicy-guyuy,TRULY_MISSING,True,
absolyutnaya-vershina-boga-voyny,TRULY_MISSING,True,
master-budte-skromnee,TRULY_MISSING,True,
malenkoe-lekarstvo-fei-horoshenkogo-lekarstva,TRULY_MISSING,True,
malenkoe-lekarstvo-fei-horoshenkogo-lekarstva-2,TRULY_MISSING,True,
malenkoe-lekarstvo-fei-horoshenkogo-lekarstva-3,TRULY_MISSING,True,
syunmao-li,TRULY_MISSING,True,
rassekaya-nebosvod,TRULY_MISSING,True,
gintama-istoriya-micuby,TRULY_MISSING,True,
vosem-nebozhiteley,TRULY_MISSING,True,
eto-korol-6,TRULY_MISSING,True,
voennaya-hronika-milenkoy-devochki-2-ona,TRULY_MISSING,True,
kiborg-009-vozmezdie,TRULY_MISSING,True,
silneyshiy-istoriya-yunsyao-li,TRULY_MISSING,True,
den-moego-vozneseniya,TRULY_MISSING,True,
skazaniya-o-demonah-i-bogah-10,TRULY_MISSING,True,
vostochnyy-universitet-vysshih-boevyh-iskusstv,TRULY_MISSING,True,
detektiv-konan-padshiy-angel-avtostrady,TRULY_MISSING,True,
gintama-eshivara-v-ogne,TRULY_MISSING,True,
lazurnoe-nasledie-3,TRULY_MISSING,True,
bananya-domashnyaya-vecherinka,TRULY_MISSING,True,
troynoy-shtorm,TRULY_MISSING,True,
grobnica-bogov-3,TRULY_MISSING,True,
grobnica-bogov-2,TRULY_MISSING,True,
van-pis-geroini,TRULY_MISSING,True,
sto-devushek-kotorye-ochen-ochen-ochen-ochen-ochen-silno-tebya-lyubyat-3,TRULY_MISSING,True,
lulu-angel-cvetov-protivostoyanie-volshebnyh-aromatov,TRULY_MISSING,True,
shou-dlya-vzroslyh-cirk-podsolnuh,TRULY_MISSING,True,
za-spinoy-kamui,TRULY_MISSING,True,
dlya-tebya-vo-vsem-cvetu-2-2,TRULY_MISSING,True,
keln-v-moem-serdce,TRULY_MISSING,True,
palach-bogov-mezhdu-smertnym-i-bozhestvennym-carstvom-2,TRULY_MISSING,True,
podstavnuyu-dvoryanku-spasla-lyubov-bezzhalostnogo-ledyanogo-princa,TRULY_MISSING,True,
ty-i-ya-polnye-protivopolozhnosti-2,TRULY_MISSING,True,
pyl-mebiusa,TRULY_MISSING,True,
krasnaya-reka,TRULY_MISSING,True,
rekomendaciya-starsheklassnika-ivamoto,TRULY_MISSING,True,
zheleznyy-kotelok-zhana,TRULY_MISSING,True,
pozhaluysta-prostite-moih-mladshih-bratev,TRULY_MISSING,True,
ya-vlyubilsya-v-tebya-kogda-ty-bezhala-v-lunnoy-nochi,TRULY_MISSING,True,
vpered-otryad-mistiki,TRULY_MISSING,True,
klevatess-2-korol-demonicheskih-zverey-i-legenda-o-lozhnom-geroe,TRULY_MISSING,True,
viktoriya-s-mnozhestvom-kozyrey,TRULY_MISSING,True,
ura-mechte-beskonechnaya-mechta,TRULY_MISSING,True,
starik-iz-derevni-stanovitsya-svyatym-mechom-2,TRULY_MISSING,True,
krestyanin-devyatsot-devyanosto-devyatogo-urovnya,TRULY_MISSING,True,
razgnevannaya-ledi-poklyalas-otomstit-ya-razrushu-svoyu-stranu-s-pomoschyu-sily-,TRULY_MISSING,True,
moi-svodnye-sestry-i-macheha-ne-zlye,TRULY_MISSING,True,
zabyvchivaya-svyataya-deva-neosoznanno-izlivaet-svoyu-silu,TRULY_MISSING,True,
nevesta-demona,TRULY_MISSING,True,
geroinya-svyataya-net-ya-vsemoguschaya-gornichnaya,TRULY_MISSING,True,
shater-charodeya,TRULY_MISSING,True,
narisuy-eto-potom-umri,TRULY_MISSING,True,
kot-i-drakon,TRULY_MISSING,True,
lirichnaya-volshebnica-nanoha-operediteli-ognennyy-vystrel-vozmezdiya,TRULY_MISSING,True,
kompaniya-magi-lyumer-2,TRULY_MISSING,True,
lazurnyy-put-malyy-vpered-2,TRULY_MISSING,True,
yunyy-lord-master-pobega-2,TRULY_MISSING,True,
proschay-lara,TRULY_MISSING,True,
taynaya-bitva-za-prestol-silneyshego-princa-duraleya,TRULY_MISSING,True,
put-baki-chast-2,TRULY_MISSING,True,
grezy-v-bezdne-oblakov-bitva-pri-chzhumine,TRULY_MISSING,True,
novyy-tenti-lishniy-specvypuski,TRULY_MISSING,True,
ukroy-poceluem-proshu-pust-nas-ne-uslyshat,TRULY_MISSING,True,
muzh-zhena-i-dvoe-lishnih,TRULY_MISSING,True,
pozvonite-doktoru-czyanu,TRULY_MISSING,True,
maloveroyatnyy-roman,TRULY_MISSING,True,
rashititel-grobnic,TRULY_MISSING,True,
mne-nravilis-vse-moi-odnoklassnicy,TRULY_MISSING,True,
posledniy-povar,TRULY_MISSING,True,
rondali,TRULY_MISSING,True,
korol-kayfa,TRULY_MISSING,True,
medvezhya-shkura,TRULY_MISSING,True,
pomni-o-nas,TRULY_MISSING,True,
riki,TRULY_MISSING,True,
to-chto-ne-bylo-skazano,TRULY_MISSING,True,
svidaniya-s-elis-peres,TRULY_MISSING,True,
stupivshie-vne-zakona-ochischayuschiy-ogon,TRULY_MISSING,True,
vosstanie-bedlenda,TRULY_MISSING,True,
zabroshennaya-zemlya,TRULY_MISSING,True,
zhivaya-yarost,TRULY_MISSING,True,
giperzvuk,TRULY_MISSING,True,
zolushka-mechty,TRULY_MISSING,True,
dom-na-krayu-lesa,TRULY_MISSING,True,
broshennyy,TRULY_MISSING,True,
13-dush,TRULY_MISSING,True,
volshebnik-strany-oz,TRULY_MISSING,True,
serdechno-sol,TRULY_MISSING,True,
doktor-glas,TRULY_MISSING,True,
roman-krasnogo-feniksa,TRULY_MISSING,True,
novoispechennye-detektivy,TRULY_MISSING,True,
zloy-advokat,TRULY_MISSING,True,
mama-naprokat,TRULY_MISSING,True,
otdel-po-raskrytiyu-anomaliy,TRULY_MISSING,True,
realnaya-lyubov-5,TRULY_MISSING,True,
novoispechennye-detektivy-2,TRULY_MISSING,True,
palcem-v-kartu-tehas,TRULY_MISSING,True,
exo-bezumnoe-puteshestvie-po-chedzhu,TRULY_MISSING,True,
sestry-i-kurochka,TRULY_MISSING,True,
bezumnyy-tur,TRULY_MISSING,True,
shkatulka-dibbuka,TRULY_MISSING,True,
ubiystva-v-kruzhevah,TRULY_MISSING,True,
instinkt,TRULY_MISSING,True,
v-lovushke,TRULY_MISSING,True,
vopreki-tradiciyam,TRULY_MISSING,True,
brak,TRULY_MISSING,True,
mister-iks,TRULY_MISSING,True,
logovo,TRULY_MISSING,True,
arena-rezhissera,TRULY_MISSING,True,
krusheniya,TRULY_MISSING,True,
grezy-v-plenu-razuma,TRULY_MISSING,True,
uchenyy-iz-missisipi,TRULY_MISSING,True,
cvet-zla-chernyy,TRULY_MISSING,True,
futbolka-boga,TRULY_MISSING,True,
davay-lyubit,TRULY_MISSING,True,
put-zvezd-i-luny,TRULY_MISSING,True,
master-hogo,TRULY_MISSING,True,
videoray,TRULY_MISSING,True,
vosem-synovey,TRULY_MISSING,True,
krabolov,TRULY_MISSING,True,
zdes-ya-doma,TRULY_MISSING,True,
moya-lyubimaya-istoriya-lyubvi,TRULY_MISSING,True,
policeyskiy-uchastok-s-privedeniyami,TRULY_MISSING,True,
mulan-hua,TRULY_MISSING,True,
v-lovushke-2,TRULY_MISSING,True,
solnechnyy-klub,TRULY_MISSING,True,
serye-lyudi-2,TRULY_MISSING,True,
svetyaschiysya-obekt,TRULY_MISSING,True,
torgovlya-grehom,TRULY_MISSING,True,
zerkalnyy-labirint,TRULY_MISSING,True,
aktivy,TRULY_MISSING,True,
puzyri,TRULY_MISSING,True,
ispytanie,TRULY_MISSING,True,
hudey-i-molchi,TRULY_MISSING,True,
nikakih-zhenschin-nikakih-detey,TRULY_MISSING,True,
102-predlozhenie-ruki-i-serdca,TRULY_MISSING,True,
zavtra-ya-snova-polyublyu-tebya,TRULY_MISSING,True,
detektiv-vozvraschenie-k-nachalu,TRULY_MISSING,True,
istoriya-lyubvi-iz-treh-stran,TRULY_MISSING,True,
sibuya-15,TRULY_MISSING,True,
d-i-s-k-o,TRULY_MISSING,True,
krasnoe-i-chernoe,TRULY_MISSING,True,
ya-zamuzhem-v-adu,TRULY_MISSING,True,
pravda-otkroetsya,TRULY_MISSING,True,
rayon-chistoy-melodramy,TRULY_MISSING,True,
norvegiya-temnaya-loshadka,TRULY_MISSING,True,
ne-zabudu-tebya,TRULY_MISSING,True,
obezyana-ramune,TRULY_MISSING,True,
kumusta,TRULY_MISSING,True,
sunim-sonim-puteshestvie-dushi-v-indiyu,TRULY_MISSING,True,
puteshestvie-billa-beyli-po-vetnamu,TRULY_MISSING,True,
horoshaya-sestra,TRULY_MISSING,True,
bandity-na-pensii,TRULY_MISSING,True,
cvety-rascveli-a-ty-uhodish,TRULY_MISSING,True,
iskushenie-gospodina-fu,TRULY_MISSING,True,
obrechen-lyubit-tebya,TRULY_MISSING,True,
dom-dlya-vzroslyh,TRULY_MISSING,True,
konsultant-chelovek-pishuschiy-o-smerti,TRULY_MISSING,True,
gde-chert-vozmi,TRULY_MISSING,True,
voskresenya,TRULY_MISSING,True,
toksichnye,TRULY_MISSING,True,
monashka-zatvornica,TRULY_MISSING,True,
dikoe-vesennee-probuzhdenie,TRULY_MISSING,True,
33-dnya,TRULY_MISSING,True,
istinnoe-pravosudie-oko-za-oko,TRULY_MISSING,True,
slepoy-kop-2,TRULY_MISSING,True,
de-goll-zheleznyy-vek,TRULY_MISSING,True,
chuzhoe-lico,TRULY_MISSING,True,
paromschik-desyat-let,TRULY_MISSING,True,
derzkaya-naslednica-i-ee-vernyy-zaschitnik-iz-stolicy,TRULY_MISSING,True,
trofeynaya-zhena,TRULY_MISSING,True,
svoboda-lyuboy-cenoy,TRULY_MISSING,True,
milost-pobedit,TRULY_MISSING,True,
lester,TRULY_MISSING,True,
balerina-killer,TRULY_MISSING,True,
meduza,TRULY_MISSING,True,
hid,TRULY_MISSING,True,
24-chasa,TRULY_MISSING,True,
golubaya-caplya,TRULY_MISSING,True,
bigfut-pervobytnyy-strah,TRULY_MISSING,True,
menya-zovut-aylamaz,TRULY_MISSING,True,
prinadlezhnost,TRULY_MISSING,True,
engimon,TRULY_MISSING,True,
vashe-velichestvo-s-vashim-vragom-chto-to-ne-tak,TRULY_MISSING,True,
utopaya-v-zvezdnoy-nochi,TRULY_MISSING,True,
omaha,TRULY_MISSING,True,
meksika-86,TRULY_MISSING,True,
neizvestnaya-2,TRULY_MISSING,True,
topurii,TRULY_MISSING,True,
nashi-pervye-semnadcat,TRULY_MISSING,True,
klass-yutuberov-2,TRULY_MISSING,True,
klass-yutuberov,TRULY_MISSING,True,
lyubov-v-pryamom-efire,TRULY_MISSING,True,
chudo,TRULY_MISSING,True,
otgoloski-dokazatelstv,TRULY_MISSING,True,
istinnoe-obrazovanie,TRULY_MISSING,True,
sem-snayperov,TRULY_MISSING,True,
skvottery-ubiraytes-na-hren-iz-moego-doma,TRULY_MISSING,True,
gorodskie-pacany-gorodskie-parni,TRULY_MISSING,True,
prizrak,TRULY_MISSING,True,
miss-sterva,TRULY_MISSING,True,
serdce-rycarya,TRULY_MISSING,True,
takane-i-hana,TRULY_MISSING,True,
idealnoe-prestuplenie,TRULY_MISSING,True,
fanatka,TRULY_MISSING,True,
zvon,TRULY_MISSING,True,
shou-odnogo-aktera,TRULY_MISSING,True,
desay,TRULY_MISSING,True,
tupik,TRULY_MISSING,True,
oksyumoron,TRULY_MISSING,True,
kogda-muzyka-stihaet,TRULY_MISSING,True,
lyubit-narcissa,TRULY_MISSING,True,
sherif,TRULY_MISSING,True,
uesthempton,TRULY_MISSING,True,
nashe-vremya-pridet,TRULY_MISSING,True,
kasa-grande,TRULY_MISSING,True,
reshaly,TRULY_MISSING,True,
sdelka,TRULY_MISSING,True,
edinyy-svidetel,TRULY_MISSING,True,
igra-geniya,TRULY_MISSING,True,
parik,TRULY_MISSING,True,
ne-zabyvay-menya,TRULY_MISSING,True,
klub-hizhina,TRULY_MISSING,True,
vse-chto-u-menya-bylo-eto-nichto-shoa-lancmana,TRULY_MISSING,True,
sapuri,TRULY_MISSING,True,
shou-toma-grina-dokumentalka,TRULY_MISSING,True,
troynoy-brosok,TRULY_MISSING,True,
eto-byla-moya-zhizn-metal-vospominaniya-nika-mency-s-megadeth-i-ne-tolko,TRULY_MISSING,True,
1975-god-izmenivshiy-ameriku,TRULY_MISSING,True,
sekret-vo-mne,TRULY_MISSING,True,
vneshtatnik-chelovek-sdelavshiy-snimok,TRULY_MISSING,True,
selena-y-los-dinos-semeynoe-nasledie,TRULY_MISSING,True,
tvoy-muzh-budet-moim,TRULY_MISSING,True,
nuna-ty-dlya-menya-zhenschina-2,TRULY_MISSING,True,
mstitel,TRULY_MISSING,True,
anderkard,TRULY_MISSING,True,
dzhivan,TRULY_MISSING,True,
i-snova-lyubov,TRULY_MISSING,True,
kogda-ya-skazala-da,TRULY_MISSING,True,
strannye-sozdaniya,TRULY_MISSING,True,
tihiy-bunt,TRULY_MISSING,True,
hud,TRULY_MISSING,True,
otel-ekselsior,TRULY_MISSING,True,
maykl-dzhekson-verdikt,TRULY_MISSING,True,
mertvyy-yazyk,TRULY_MISSING,True,
ya-zapisala-ego-dlya-tebya,TRULY_MISSING,True,
nam-ne-uyti,TRULY_MISSING,True,
cerkovnyy-perepoloh,TRULY_MISSING,True,
melodiya-dlya-odinokogo-solo,TRULY_MISSING,True,
nevesta-iz-doliny-yadov,TRULY_MISSING,True,
nerasskazannoe-velikobritaniya-dzheymi-vardi,TRULY_MISSING,True,
dary-rozhdestva,TRULY_MISSING,True,
ya-suschestvuyu,TRULY_MISSING,True,
kto,TRULY_MISSING,True,
pokachivanie,TRULY_MISSING,True,
koe-chto-nastoyaschee,TRULY_MISSING,True,
chernye-dyry-otstoy,TRULY_MISSING,True,
v-begah,TRULY_MISSING,True,
reporter,TRULY_MISSING,True,
moya-zhena-boginya-oruzhiya,TRULY_MISSING,True,
sdelano-v-indii-istoriya-titan,TRULY_MISSING,True,
obschina,TRULY_MISSING,True,
izverzhenie,TRULY_MISSING,True,
boynya-snayperov,TRULY_MISSING,True,
yuzhnye-hroniki,TRULY_MISSING,True,
tayna-keu,TRULY_MISSING,True,
ya-stala-porochnoy-aktrisoy-vtorogo-plana,TRULY_MISSING,True,
vertis-shesterenka,TRULY_MISSING,True,
princessa-u-vas-pyat-muzhey,TRULY_MISSING,True,
eto-lyubov-huligan-i-devushka-s-beloy-trostyu,TRULY_MISSING,True,
moya-devushka-na-zakate,TRULY_MISSING,True,
davay-srazhatsya-prizrak,TRULY_MISSING,True,
uletnyy-otel,TRULY_MISSING,True,
nodame-kantabile,TRULY_MISSING,True,
pavilon-salamandry,TRULY_MISSING,True,
aktrisa-prizrak,TRULY_MISSING,True,
linda-linda-linda,TRULY_MISSING,True,
vy-nam-ne-podhodite,TRULY_MISSING,True,
povtor-moment-kogda-vse-nachalos-zanovo,TRULY_MISSING,True,
lyubov-v-realnom-vremeni-4,TRULY_MISSING,True,
lyubov-v-realnom-vremeni-3,TRULY_MISSING,True,
lyubov-v-realnom-vremeni-2,TRULY_MISSING,True,
morfey,TRULY_MISSING,True,
pechalnyy-i-prekrasnyy-mir,TRULY_MISSING,True,
mechnik,TRULY_MISSING,True,
beg-s-prepyatstviyami,TRULY_MISSING,True,
lzhec-lzhec-poydem-pod-venec,TRULY_MISSING,True,
skazaniya-obezyaney-gory,TRULY_MISSING,True,
son-v-krasnom-tereme,TRULY_MISSING,True,
vydayuschiysya-talant,TRULY_MISSING,True,
primanka-2-2,TRULY_MISSING,True,
neozhidannaya-vstrecha,TRULY_MISSING,True,
stoykiy-doktor,TRULY_MISSING,True,
sdavshis-pered-ney,TRULY_MISSING,True,
paren-v-arendu,TRULY_MISSING,True,
dyavol-ryadom-s-toboy,TRULY_MISSING,True,
vse-nachalos-s-poceluya,TRULY_MISSING,True,
sekretnyy-pleylist,TRULY_MISSING,True,
obezoruzhivayuschaya-romantika,TRULY_MISSING,True,
vy-dostavlyaete-vremya-2002,TRULY_MISSING,True,
on-vlyublen-v-nee,TRULY_MISSING,True,
nazad-v-80-e-vmeste-do-sedyh-volos,TRULY_MISSING,True,
razvedis-so-mnoy-2,TRULY_MISSING,True,
100-prichin-ne-byt-imperatorom,TRULY_MISSING,True,
prizrachnyy-brak,TRULY_MISSING,True,
da-budet-moya-volya,TRULY_MISSING,True,
hizhra,TRULY_MISSING,True,
mayumi,TRULY_MISSING,True,
troica,TRULY_MISSING,True,
padshiy-master-epizod-0,TRULY_MISSING,True,
odolet-monstra,TRULY_MISSING,True,
predsedatel-novichok-kan,TRULY_MISSING,True,
aida-vozvraschaetsya,TRULY_MISSING,True,
krovavaya-vedma,TRULY_MISSING,True,
saharnaya-vata-babl-gam,TRULY_MISSING,True,
dorogaya-zhizn,TRULY_MISSING,True,
kormilec,TRULY_MISSING,True,
prekrasnyy-novyy-mir,TRULY_MISSING,True,
novaya-zhizn,TRULY_MISSING,True,
ozornye-detektivy-2,TRULY_MISSING,True,
braziliya-1970-tretya-zvezda,TRULY_MISSING,True,
propeller-nochnoy-reys-v-odin-konec,TRULY_MISSING,True,
cvety-dvuh-mirov,TRULY_MISSING,True,
sledy-dozhdya,TRULY_MISSING,True,
orehovaya-ferma,TRULY_MISSING,True,
yabloko-i-luk-minisezon,TRULY_MISSING,True,
reys-karavella-114,TRULY_MISSING,True,
preskott,TRULY_MISSING,True,
on-neupravlyaem,TRULY_MISSING,True,
domashnyaya-eda-ot-papy-i-otca,TRULY_MISSING,True,
pererozhdenie-posledniy-geroy,TRULY_MISSING,True,
vselenie,TRULY_MISSING,True,
lyubov-na-oblake,TRULY_MISSING,True,
otdel-kadrov,TRULY_MISSING,True,
muroi-sindzi-nepobezhdennyy,TRULY_MISSING,True,
panor-2,TRULY_MISSING,True,
pozhirayuschie-nasekomye,TRULY_MISSING,True,
moya-ostanovka-zemlya,TRULY_MISSING,True,
krov-del-toro,TRULY_MISSING,True,
lyubov-v-razrushennom-izmerenii,TRULY_MISSING,True,
imperiya,TRULY_MISSING,True,
6-sekundnaya-traektoriya-melanholiya-pirotehnika-motidzuki-seytaro,TRULY_MISSING,True,
mech-imperatora-menya-okruzhayut-telepaty,TRULY_MISSING,True,
moy-taynyy-vozdyhatel,TRULY_MISSING,True,
lyubimica,TRULY_MISSING,True,
vozrozhdenie,TRULY_MISSING,True,
lyubit-tebya-neizbezhnaya-sudba,TRULY_MISSING,True,
boevye-popadanki,TRULY_MISSING,True,
dzin-moy-taynyy-muzh-v-seti,TRULY_MISSING,True,
revnivyy-marshal,TRULY_MISSING,True,
lyubov-v-nepodhodyaschee-vremya,TRULY_MISSING,True,
tysyacha-obmanov-i-sotnya-planov,TRULY_MISSING,True,
bud-painkoy-tebe-ne-sbezhat,TRULY_MISSING,True,
dni-kotorye-potryasli-mir-chernobyl,TRULY_MISSING,True,
python-dokumentalnyy-film,TRULY_MISSING,True,
pravila-gostevogo-doma-yu-dzhe-soka,TRULY_MISSING,True,
volshebnaya-karusel-obezyanki,TRULY_MISSING,True,
rusalka-2,TRULY_MISSING,True,
mest-harsens-aylend,TRULY_MISSING,True,
balkon-v-limozhe,TRULY_MISSING,True,
paren,TRULY_MISSING,True,
proklyatye,TRULY_MISSING,True,
muzhchina-s-serdcem,TRULY_MISSING,True,
omukade,TRULY_MISSING,True,
podrostkovaya-prestupnost-2,TRULY_MISSING,True,
lyubov-na-veka,TRULY_MISSING,True,
rodinka,TRULY_MISSING,True,
gospozha-czyan-davay-snova-pozhenimsya,TRULY_MISSING,True,
selo,TRULY_MISSING,True,
dostup,TRULY_MISSING,True,
aynali,TRULY_MISSING,True,
doktor-dzheyson-2-svet-i-tma,TRULY_MISSING,True,
kogda-nichego-ne-ostalos,TRULY_MISSING,True,
gulyaya-po-parku,TRULY_MISSING,True,
skameyka-zapasnyh,TRULY_MISSING,True,
odinokie-2,TRULY_MISSING,True,
smert-v-derevenskom-sadu,TRULY_MISSING,True,
pandora-ogon-i-led,TRULY_MISSING,True,
tipichnye-gollandcy-3,TRULY_MISSING,True,
tipichnye-gollandcy-2,TRULY_MISSING,True,
vrachi,TRULY_MISSING,True,
pati,TRULY_MISSING,True,
hameln,TRULY_MISSING,True,
poslednyaya-sdelka,TRULY_MISSING,True,
avantyura-princessy,TRULY_MISSING,True,
ty-sam-nesesh-otvetstvennost-za-svoi-veschi,TRULY_MISSING,True,
gluhoman-krovnaya-vrazhda,TRULY_MISSING,True,
privkus-soli,TRULY_MISSING,True,
noch-gde-to-esche,TRULY_MISSING,True,
chudesnoe-leto,TRULY_MISSING,True,
lyubov-v-derevne,TRULY_MISSING,True,
ni-slova-bolshe,TRULY_MISSING,True,
provinciya-gde-dyavol-zhivet-po-sosedstvu,TRULY_MISSING,True,
akuly-v-prage,TRULY_MISSING,True,
oslepitelno,TRULY_MISSING,True,
razborki,TRULY_MISSING,True,
sato-i-sato,TRULY_MISSING,True,
neznakomcy-v-kioto,TRULY_MISSING,True,
dva-sezona-dva-neznakomca,TRULY_MISSING,True,
assasin-smertelnaya-bitva,TRULY_MISSING,True,
chernyy-shoumen,TRULY_MISSING,True,
zlaya-korova,TRULY_MISSING,True,
velikoe-ograblenie,TRULY_MISSING,True,
legenda-o-cheloveke-i-drakone,TRULY_MISSING,True,
policeyskiy-uchastok-ryadom-s-pozharnoy-chastyu-2,TRULY_MISSING,True,
stiller-i-mira-nichto-ne-poteryano,TRULY_MISSING,True,
dolgiy-put-k-schastlivomu-braku,TRULY_MISSING,True,
dolgiy-put-k-schastlivomu-braku-2,TRULY_MISSING,True,
seredina-puti,TRULY_MISSING,True,
duze,TRULY_MISSING,True,
ozornye-detektivy,TRULY_MISSING,True,
tak-rad-uchitsya-v-shkole-dlya-malchikov,TRULY_MISSING,True,
le-czyun-kay,TRULY_MISSING,True,
tripleksogolik,TRULY_MISSING,True,
begi-na-zapad,TRULY_MISSING,True,
klinki-legend-sudnyy-den,TRULY_MISSING,True,
strannye-skazaniya-goroda-taypin,TRULY_MISSING,True,
zagadochnoe-vozvraschenie,TRULY_MISSING,True,
ya-pod-prikrytiem,TRULY_MISSING,True,
shule,TRULY_MISSING,True,
dorogaya-angliya,TRULY_MISSING,True,
tayna-utrachennoy-zhemchuzhiny-3,TRULY_MISSING,True,
tayna-utrachennoy-zhemchuzhiny-2,TRULY_MISSING,True,
zakat-vesny,TRULY_MISSING,True,
narodnyy-geroy,TRULY_MISSING,True,
sistema,TRULY_MISSING,True,
spyaschiy,TRULY_MISSING,True,
koloniya,TRULY_MISSING,True,
okkultnye-tayny-dinastii-tan,TRULY_MISSING,True,
tayna-dinastii-tan,TRULY_MISSING,True,
rassvet-dvuh-plameney,TRULY_MISSING,True,
pogonya-za-demonom,TRULY_MISSING,True,
korolevskiy-strazh,TRULY_MISSING,True,
avstraliyskie-voyny,TRULY_MISSING,True,
ubiystvo-na-puti-santyago,TRULY_MISSING,True,
bomba-picca,TRULY_MISSING,True,
odinochka-2,TRULY_MISSING,True,
za-granicey,TRULY_MISSING,True,
odna,TRULY_MISSING,True,
temnyy-vyhod,TRULY_MISSING,True,
rezhisserskaya-versiya-2,TRULY_MISSING,True,
astronom,TRULY_MISSING,True,
podruchnyy,TRULY_MISSING,True,
lyubov-povsyudu,TRULY_MISSING,True,
pomeste,TRULY_MISSING,True,
zagorodnyy-korporativ,TRULY_MISSING,True,
brachnyy-sezon,TRULY_MISSING,True,
profi-za-pyatdesyat,TRULY_MISSING,True,
tupik-metka-rakshasy,TRULY_MISSING,True,
pustynnoe-buduschee,TRULY_MISSING,True,
kulak-k-kulaku,TRULY_MISSING,True,
doch-sploshnaya-golovnaya-bol,TRULY_MISSING,True,
my-semya,TRULY_MISSING,True,
gorod-chudes,TRULY_MISSING,True,
strannye-dni,TRULY_MISSING,True,
pyatnadcatye,TRULY_MISSING,True,
hvatit-pryatatsya,TRULY_MISSING,True,
improvizirovannoe-ubiystvo,TRULY_MISSING,True,
v-dengah-ne-nuzhdayus,TRULY_MISSING,True,
ne-budi-liho,TRULY_MISSING,True,
moy-partner-dyavol,TRULY_MISSING,True,
zdravstvuy-gospodin-ci,TRULY_MISSING,True,
tuchchi-v-italii,TRULY_MISSING,True,
krasota-bednosti,TRULY_MISSING,True,
blond,TRULY_MISSING,True,
oschuschenie-lyubvi,TRULY_MISSING,True,
smertelnaya-igra,TRULY_MISSING,True,
ey-rezhisser-podozhdite,TRULY_MISSING,True,
mest-moey-byvshey-zhene-stavshey-zhenoy-moego-brata,TRULY_MISSING,True,
nevesta-killer,TRULY_MISSING,True,
lyubov-dlinoyu-v-vechnost,TRULY_MISSING,True,
petlya,TRULY_MISSING,True,
opasnyy-neznakomec,TRULY_MISSING,True,
volshebnaya-milya,TRULY_MISSING,True,
zoloto,TRULY_MISSING,True,
sezon-lyubvi,TRULY_MISSING,True,
umritroyt,TRULY_MISSING,True,
proklyatie-zabytoy-derevni,TRULY_MISSING,True,
lyublyu-tebya-tozhe,TRULY_MISSING,True,
rozy-na-loze,TRULY_MISSING,True,
spokoynoy-nochi,TRULY_MISSING,True,
zapretnye-zemli,TRULY_MISSING,True,
pohischennye-docheri,TRULY_MISSING,True,
smertelnyy-bal,TRULY_MISSING,True,
spasenie-baddi-charlza,TRULY_MISSING,True,
parkovka,TRULY_MISSING,True,
bez-kontrolya,TRULY_MISSING,True,
my-obyazatelno-esche-uvidimsya,TRULY_MISSING,True,
zhenskie-shtuchki,TRULY_MISSING,True,
bannilovr,TRULY_MISSING,True,
luchshiy-drug-mertvyy-drug,TRULY_MISSING,True,
udivitelnyy-cifrovoy-cirk-posledniy-akt,TRULY_MISSING,True,
dzheyms,TRULY_MISSING,True,
otel-zvezdnaya-pyl,TRULY_MISSING,True,
manipulyaciya,TRULY_MISSING,True,
set,TRULY_MISSING,True,
poka-oni-spali,TRULY_MISSING,True,
syurpriz-3,TRULY_MISSING,True,
geroy,TRULY_MISSING,True,
prednachertano-krovyu,TRULY_MISSING,True,
akademiya,TRULY_MISSING,True,
master-na-vse-ruki,TRULY_MISSING,True,
davno-zaplanirovannyy-brak,TRULY_MISSING,True,
svyazannye-chernoy-lunoy,TRULY_MISSING,True,
taynaya-lyubov-na-72-y-stranice,TRULY_MISSING,True,
mezhdu-nochyu-i-dnem,TRULY_MISSING,True,
shkola-sinczy-bitva-knigami-i-kulakami,TRULY_MISSING,True,
lyubov-vladyki-preispodney,TRULY_MISSING,True,
bagrovyy-priliv,TRULY_MISSING,True,
skazhite-ey-chto-ya-ee-lyublyu,TRULY_MISSING,True,
poznanie,TRULY_MISSING,True,
da,TRULY_MISSING,True,
leyla-hali,TRULY_MISSING,True,
bessmertie-obitel-bessmertnyh-tayyuan,TRULY_MISSING,True,
kayli,TRULY_MISSING,True,
vechnyy-dozhd,TRULY_MISSING,True,
skandalnyy-artist,TRULY_MISSING,True,
hranitel-sveta-hrama-czigu,TRULY_MISSING,True,
padenie,TRULY_MISSING,True,
makkartni-v-poiskah-poteryannogo-basa,TRULY_MISSING,True,
vozvraschenie,TRULY_MISSING,True,
pustynya-akina,TRULY_MISSING,True,
prosto-ty-strashnaya,TRULY_MISSING,True,
vybrosit-vse,TRULY_MISSING,True,
pirs,TRULY_MISSING,True,
smertelnoe-rodstvo,TRULY_MISSING,True,
voskresnaya-shkola-dlya-plohih-devochek,TRULY_MISSING,True,
pes-i-ya,TRULY_MISSING,True,
svey,TRULY_MISSING,True,
iskusstvennyy-intellekt-inoplanetnoe-pohischenie,TRULY_MISSING,True,
golye-i-napugannye-globalnoe-protivostoyanie,TRULY_MISSING,True,
malyshi,TRULY_MISSING,True,
predskazanie-snezhnogo-cheloveka,TRULY_MISSING,True,
voskresene-v-il-posto-akkanto,TRULY_MISSING,True,
razvod-s-privkusom-smerti,TRULY_MISSING,True,
monstr-v-seme-istoriya-steysi-kenenen,TRULY_MISSING,True,
strana-arto,TRULY_MISSING,True,
berlin-i-dama-s-gornostaem,TRULY_MISSING,True,
doch-udachi,TRULY_MISSING,True,
klyatva-na-peple,TRULY_MISSING,True,
anatomiya-odnogo-mgnoveniya,TRULY_MISSING,True,
ty-menya-ubivaesh,TRULY_MISSING,True,
semeynoe-delo,TRULY_MISSING,True,
re-zero-pereryv-s-nulya-4,TRULY_MISSING,True,
v-centre-vnimaniya,TRULY_MISSING,True,
sezony,TRULY_MISSING,True,
schastlivchiki,TRULY_MISSING,True,
karikaada,TRULY_MISSING,True,
odinokiy-ubiyca,TRULY_MISSING,True,
radi-moego-zhe-blaga,TRULY_MISSING,True,
obeschayu-ya-budu-v-poryadke,TRULY_MISSING,True,
temnyy-koldun-vosstanie-zheleznogo-drovoseka,TRULY_MISSING,True,
v-c-r,TRULY_MISSING,True,
dochki-vyrosli-otec-v-trevoge-2,TRULY_MISSING,True,
verni-moego-rebenka,TRULY_MISSING,True,
doktor-k,TRULY_MISSING,True,
starye-predaniya-moisey,TRULY_MISSING,True,
chudo-duraki,TRULY_MISSING,True,
tvoy-paren-narcisc,TRULY_MISSING,True,
test,TRULY_MISSING,True,
razryv,TRULY_MISSING,True,
urok,TRULY_MISSING,True,
uchreditel,TRULY_MISSING,True,
podnyatsya,TRULY_MISSING,True,
para-v-lesu,TRULY_MISSING,True,
rozhdestvenskaya-istoriya,TRULY_MISSING,True,
tryapichnaya,TRULY_MISSING,True,
rasplata-2,TRULY_MISSING,True,
bagryanaya-chuma,TRULY_MISSING,True,
metka,TRULY_MISSING,True,
billi-aydol-dolzhen-byt-mertv,TRULY_MISSING,True,
ubezhische-v-adu,TRULY_MISSING,True,
vozrozhdenie-beloy-luny,TRULY_MISSING,True,
oshibka,TRULY_MISSING,True,
tri-geroya-novoy-ery,TRULY_MISSING,True,
ya-sdala-svoi-chuvstva-v-lombard,TRULY_MISSING,True,
set-mariany,TRULY_MISSING,True,
priklyucheniya-chzhan-chzhao,TRULY_MISSING,True,
zaklyatyy-vrag,TRULY_MISSING,True,
nervnyy-sryv,TRULY_MISSING,True,
da-budet-pravda,TRULY_MISSING,True,
poddaysya-etomu,TRULY_MISSING,True,
sdelka-vslepuyu,TRULY_MISSING,True,
kto-ya-takoy,TRULY_MISSING,True,
figurant,TRULY_MISSING,True,
po-lyubvi-ili-radi-deneg,TRULY_MISSING,True,
ne-oglyadyvaysya,TRULY_MISSING,True,
ya-ne-mogu-zhit-bez-tebya,TRULY_MISSING,True,
vyderzhit-li-eta-lyubov-svadebnyy-marsh-otca-i-docheri,TRULY_MISSING,True,
istoriya-isobeya-isobe-zhizn-ta-esche-bol,TRULY_MISSING,True,
izumi-keka-ne-budet-molchat,TRULY_MISSING,True,
ubiyca-romantiki,TRULY_MISSING,True,
stol,TRULY_MISSING,True,
zhizn-daymaru-ay,TRULY_MISSING,True,
myau-imperatrica-na-vershine,TRULY_MISSING,True,
ego-nochi-v-gonkonge,TRULY_MISSING,True,
wanna-one-go-vozvraschenie,TRULY_MISSING,True,
wanna-one-go-x-con,TRULY_MISSING,True,
wanna-one-go-na-chedzhu,TRULY_MISSING,True,
wanna-one-go-zero-base,TRULY_MISSING,True,
wanna-one-go,TRULY_MISSING,True,
ty-ne-mozhesh-pobedit,TRULY_MISSING,True,
v-bare,TRULY_MISSING,True,
igry-soksama-nachalo,TRULY_MISSING,True,
plan-bumazhnogo-paketa,TRULY_MISSING,True,
granica-v-pireneyah,TRULY_MISSING,True,
do-nas,TRULY_MISSING,True,
konec-drugoy-storony,TRULY_MISSING,True,
gruppa-iz-buduschego,TRULY_MISSING,True,
velikolepnaya-zhizn-marselya-panolya,TRULY_MISSING,True,
tolko-radi-tebya,TRULY_MISSING,True,
ognennaya-roza,TRULY_MISSING,True,
vlyublyayas-v-portovyy-gorod,TRULY_MISSING,True,
txt-kurs-molodogo-otca,TRULY_MISSING,True,
mudraya-zhizn-v-derevne,TRULY_MISSING,True,
kara-tyan-i-sito-san,TRULY_MISSING,True,
100-dney-do-proschaniya-dorogoy,TRULY_MISSING,True,
les-v-kotorom-zhivet-eto,TRULY_MISSING,True,
klub-monstrov,TRULY_MISSING,True,
shestoy-grabitel,TRULY_MISSING,True,
nezaplanirovannoe-puteshestvie,TRULY_MISSING,True,
isiko-i-haneo,TRULY_MISSING,True,
pekarnya-bonzhur,TRULY_MISSING,True,
dobro-pozhalovat-v-moy-dom,TRULY_MISSING,True,
bezdna-2,TRULY_MISSING,True,
semya-cha,TRULY_MISSING,True,
pesnya-izvergov-2,TRULY_MISSING,True,
sinee-nebo-nad-oblakami,TRULY_MISSING,True,
isteriya,TRULY_MISSING,True,
raduysya-mariya,TRULY_MISSING,True,
lazurnaya-vesna,TRULY_MISSING,True,
syn-shahtera,TRULY_MISSING,True,
podrazhatel-2,TRULY_MISSING,True,
ya-hochu-chtoby-ty-znal,TRULY_MISSING,True,
vozvraschenie-posle-neudachnogo-pobega,TRULY_MISSING,True,
nerazdelennaya-lyubov,TRULY_MISSING,True,
sekretar-na-zamenu,TRULY_MISSING,True,
izgoy,TRULY_MISSING,True,
pylayuschie-zvezdy,TRULY_MISSING,True,
lyubovnye-pisma-iz-tibeta,TRULY_MISSING,True,
rashititeli-grobnic-koroleva-monstrov,TRULY_MISSING,True,
vannin,TRULY_MISSING,True,
nad-bessmertnymi,TRULY_MISSING,True,
glavnaya-geroinya,TRULY_MISSING,True,
smertonosnye-stranicy-istorii-s-vingom-reymzom,TRULY_MISSING,True,
monster-high-neobychnyy-prazdnik-drakulaury,TRULY_MISSING,True,
sera,TRULY_MISSING,True,
gde-to-v-montane,TRULY_MISSING,True,
ariel,TRULY_MISSING,True,
lyubov-nikogda-ne-prohodit,TRULY_MISSING,True,
poverte-mne,TRULY_MISSING,True,
cherez-ternii-k-zvezdam,TRULY_MISSING,True,
pushistiki,TRULY_MISSING,True,
vo-mgle-triad,TRULY_MISSING,True,
serdce-muzhchiny,TRULY_MISSING,True,
devichnik-na-kolesah,TRULY_MISSING,True,
halk-hogan-nastoyaschiy-amerikanec,TRULY_MISSING,True,
skazanie-o-pinle,TRULY_MISSING,True,
moy-dorogoy-ubiyca,TRULY_MISSING,True,
billi-aylish-tur-hit-me-hard-and-soft,TRULY_MISSING,True,
lyubov-v-zakone,TRULY_MISSING,True,
eta-strana-ne-dlya-odinokih,TRULY_MISSING,True,
epitafiya,TRULY_MISSING,True,
lovushka-vossoedineniya,TRULY_MISSING,True,
gorod-prizrakov,TRULY_MISSING,True,
semya-palu-temnaya-spiral,TRULY_MISSING,True,
dengi-na-bochku-6,TRULY_MISSING,True,
dengi-na-bochku-5,TRULY_MISSING,True,
dengi-na-bochku-4,TRULY_MISSING,True,
dengi-na-bochku-3,TRULY_MISSING,True,
plemyannica-policeyskogo,TRULY_MISSING,True,
dengi-na-bochku-2,TRULY_MISSING,True,
dengi-na-bochku,TRULY_MISSING,True,
melaniya,TRULY_MISSING,True,
tim-berton-zhizn-v-liniyah,TRULY_MISSING,True,
moya-nenastoyaschaya-zhena,TRULY_MISSING,True,
ohota-za-ambroy,TRULY_MISSING,True,
fragmenty-sovremennogo-materinstva,TRULY_MISSING,True,
dengi-na-bochku-12,TRULY_MISSING,True,
dengi-na-bochku-11,TRULY_MISSING,True,
dengi-na-bochku-10,TRULY_MISSING,True,
lyubov-ne-kak-v-doramah,TRULY_MISSING,True,
dengi-na-bochku-7,TRULY_MISSING,True,
dengi-na-bochku-9,TRULY_MISSING,True,
dengi-na-bochku-8,TRULY_MISSING,True,
istoriya-o-moey-zhene,TRULY_MISSING,True,
temnaya-noch-strashnaya-noch,TRULY_MISSING,True,
eto-ne-zagadochnoe-ubiystvo,TRULY_MISSING,True,
nepredskazuemyy,TRULY_MISSING,True,
draku-ra,TRULY_MISSING,True,
dyadya-yens,TRULY_MISSING,True,
adel-nepravednyy,TRULY_MISSING,True,
anafema-pechat-zla,TRULY_MISSING,True,
u-ruchya,TRULY_MISSING,True,
zolotoy-malchik,TRULY_MISSING,True,
nia,TRULY_MISSING,True,
ne-hochu-nikakogo-taarufa,TRULY_MISSING,True,
slezy-very,TRULY_MISSING,True,
punkt-naznacheniya-novaya-krov,TRULY_MISSING,True,
insayder,TRULY_MISSING,True,
nakanune-kazni,TRULY_MISSING,True,
tot-kto-svodit-s-uma-i-ta-chto-popalas-v-seti,TRULY_MISSING,True,
prolivnoy-dozhd,TRULY_MISSING,True,
dvoynaya-igra,TRULY_MISSING,True,
perevoploschenie,TRULY_MISSING,True,
lyubov-v-padshem-gorode,TRULY_MISSING,True,
esche-odin-den-spaseniya-mira,TRULY_MISSING,True,
derzkie-repershi,TRULY_MISSING,True,
novyy-peyzazh,TRULY_MISSING,True,
proklyatie-ahillesa-i-zakoldovannye-sokrovischa,TRULY_MISSING,True,
chernyy-zazhim,TRULY_MISSING,True,
pesenka-dlya-vseh,TRULY_MISSING,True,
schastlivye-ponedelniki,TRULY_MISSING,True,
v-poiskah-lyubvi,TRULY_MISSING,True,
vesennie-priznaniya,TRULY_MISSING,True,
nochnoy-cvetok,TRULY_MISSING,True,
v-pogone-za-zaroy,TRULY_MISSING,True,
4-tigra,TRULY_MISSING,True,
lyubuyuschiysya-solncem,TRULY_MISSING,True,
dzhanur-ireng-1000-dney-prikvel,TRULY_MISSING,True,
na-kolenyah,TRULY_MISSING,True,
moy-lyubimyy-avtor-ne-chelovek,TRULY_MISSING,True,
shepot,TRULY_MISSING,True,
bazovaya-psihologiya,TRULY_MISSING,True,
vozlyublennaya,TRULY_MISSING,True,
vu,TRULY_MISSING,True,
buonvino-tayny-villa-borgeze,TRULY_MISSING,True,
gimn-lyubvi-kashgaru,TRULY_MISSING,True,
chernaya-metka,TRULY_MISSING,True,
snova-molodoy,TRULY_MISSING,True,
s-lyubovyu-iz-filadelfii,TRULY_MISSING,True,
prompt,TRULY_MISSING,True,
etot-les-moy,TRULY_MISSING,True,
karamelka,TRULY_MISSING,True,
kapio,TRULY_MISSING,True,
tayna-kotoruyu-nikto-ne-hranit,TRULY_MISSING,True,
po-svoemu-obrazu,TRULY_MISSING,True,
prestuplenie-s-nizkim-iq,TRULY_MISSING,True,
duet-teney,TRULY_MISSING,True,
polet-angela-film,TRULY_MISSING,True,
zolotye-rybki-ubiycy,TRULY_MISSING,True,
vy-segodnya-horosho-porabotali,TRULY_MISSING,True,
grebi-k-pobede,TRULY_MISSING,True,
smeh-v-chaynoy,TRULY_MISSING,True,
zelenyy-vorotnik,TRULY_MISSING,True,
raskayanie-pered-generalom,TRULY_MISSING,True,
moe-lyubovnoe-proklyate,TRULY_MISSING,True,
sladkiy-poceluy-posle-priznaniya,TRULY_MISSING,True,
mister-sokrat,TRULY_MISSING,True,
pechalnaya-istoriya-lyubvi,TRULY_MISSING,True,
astronomiya,TRULY_MISSING,True,
pyatnichnyy-klub-18-lyubovnaya-bombardirovka,TRULY_MISSING,True,
razborki-gurmanov,TRULY_MISSING,True,
dom-s-privideniyami-na-prodazhu,TRULY_MISSING,True,
sekrety-lyubvi-miss-fan,TRULY_MISSING,True,
naparniki-cezon-13,TRULY_MISSING,True,
naparniki-sezon-11,TRULY_MISSING,True,
razbogatet,TRULY_MISSING,True,
nashi-s-papoy-18-let,TRULY_MISSING,True,
naparniki-cezon-12,TRULY_MISSING,True,
kto-to-lzhet,TRULY_MISSING,True,
baytong,TRULY_MISSING,True,
dom-s-domovenkom,TRULY_MISSING,True,
tolko-chto-iz-morya-2,TRULY_MISSING,True,
mama-pekorosa-i-ee-dni,TRULY_MISSING,True,
bezumnaya-semya,TRULY_MISSING,True,
lyubov,TRULY_MISSING,True,
tokiyskiy-park,TRULY_MISSING,True,
ubiystvo-velikoy-aktrisy-i-tresnuv-zerkalo-zvenit,TRULY_MISSING,True,
nonsens,TRULY_MISSING,True,
ubiystvo-kuroydo,TRULY_MISSING,True,
svidanie-so-smertyu,TRULY_MISSING,True,
golovolomki-boga-5-perezagruzka,TRULY_MISSING,True,
golovolomki-boga-2,TRULY_MISSING,True,
golovolomki-boga-4,TRULY_MISSING,True,
golovolomki-boga-3,TRULY_MISSING,True,
zhestokaya-mest-ekonomka-otkazavshayasya-ot-svoego-lica,TRULY_MISSING,True,
agenty-vremeni,TRULY_MISSING,True,
lyubi-menya-nezhno,TRULY_MISSING,True,
kamera-motor-film-o-monstrah,TRULY_MISSING,True,
progulka,TRULY_MISSING,True,
teper-ya-zhivu-zdes,TRULY_MISSING,True,
kapitan-cunami,TRULY_MISSING,True,
tacuki-sensey-slishkom-milyy,TRULY_MISSING,True,
davay-nachnem-snachala,TRULY_MISSING,True,
blagorodnyy-chen-i-prekrasnaya-czin,TRULY_MISSING,True,
moya-geroyskaya-akademiya-bolshe,TRULY_MISSING,True,
bez-somneniy,TRULY_MISSING,True,
dorogaya-tebe-ne-nravitsya-moy-harakter,TRULY_MISSING,True,
moe-pravilo-odnoy-nochi,TRULY_MISSING,True,
slishkom-mnogo-lyubvi-i-ubiystv,TRULY_MISSING,True,
oderzhimye-zhelaniyami,TRULY_MISSING,True,
tolko-chto-iz-morya-v-kalape,TRULY_MISSING,True,
volk,TRULY_MISSING,True,
gokusen-3,TRULY_MISSING,True,
orf,TRULY_MISSING,True,
gokusen-2-2,TRULY_MISSING,True,
muzhchiny-moey-semi,TRULY_MISSING,True,
gokusen,TRULY_MISSING,True,
druzya-prizraki,TRULY_MISSING,True,
oplata,TRULY_MISSING,True,
sud-nad-vedmoy,TRULY_MISSING,True,
magazinchik-u-morya,TRULY_MISSING,True,
povorot-lyubvi,TRULY_MISSING,True,
lestnicy-shkoly,TRULY_MISSING,True,
detektiv-protiv-detektivov,TRULY_MISSING,True,
podruzhka-minami,TRULY_MISSING,True,
lyubvi-obratnyy-svet,TRULY_MISSING,True,
sred-bela-dnya,TRULY_MISSING,True,
gorod-bez-sna,TRULY_MISSING,True,
v-lyuboe-vremya-v-lyubom-meste,TRULY_MISSING,True,
krasnaya-zhemchuzhina,TRULY_MISSING,True,
troecarstvie-zvezdnye-geroi,TRULY_MISSING,True,
ta-chto-skryvaet-svoyu-lyubov,TRULY_MISSING,True,
pegas-3,TRULY_MISSING,True,
izobrazi-otvraschenie-i-pokazhi-mne-svoi-trusiki-vozvraschenie,TRULY_MISSING,True,
muzhchina-kotoryy-slishkom-silno-doverilsya-ii,TRULY_MISSING,True,
imperskiy-vyskochka-2,TRULY_MISSING,True,
bezobraznaya-vladychica-2,TRULY_MISSING,True,
arhiv-rassledovaniy-bukinisticheskogo-magazina-bibliya,TRULY_MISSING,True,
nepristoynyy-biznes,TRULY_MISSING,True,
gadkiy-utenok-ray-dlya-parney,TRULY_MISSING,True,
bezobraznaya-vladychica,TRULY_MISSING,True,
prosti-ya-lyublyu-tebya,TRULY_MISSING,True,
izvivayuschiysya-drakon,TRULY_MISSING,True,
lyubov-onlayn,TRULY_MISSING,True,
ne-tot-muzh,TRULY_MISSING,True,
s-toboy-v-den-konca-sveta-final,TRULY_MISSING,True,
tokiyskoe-taksi,TRULY_MISSING,True,
kogda-nibud-my-vstretimsya,TRULY_MISSING,True,
tam-gde-konchaetsya-vremya-i-nachinaetsya-lyubov,TRULY_MISSING,True,
ohota-vne-zakona,TRULY_MISSING,True,
perelomnyy-moment,TRULY_MISSING,True,
synovya-neonovoy-nochi,TRULY_MISSING,True,
potryasayuschaya-molodost-20-sincyu-cvet-zelenyy,TRULY_MISSING,True,
staryy-pes,TRULY_MISSING,True,
simvol,TRULY_MISSING,True,
predopredelenie,TRULY_MISSING,True,
ukradennaya-zhizn,TRULY_MISSING,True,
zaklyuchennyy,TRULY_MISSING,True,
prezident-torrent,TRULY_MISSING,True,
schastlivogo-puti,TRULY_MISSING,True,
vyzhivshie-2,TRULY_MISSING,True,
posledniy-vystrel,TRULY_MISSING,True,
chudo-yabloki,TRULY_MISSING,True,
pianist-s-torgovoy-ulicy,TRULY_MISSING,True,
tvoe-imya,TRULY_MISSING,True,
ya-do-smerti-hochu-prikosnutsya-k-aono,TRULY_MISSING,True,
odinokaya-zhenschina-kotoraya-vlyubilas-teoriya-lyubvi-stendalya,TRULY_MISSING,True,
ya-tebya-lyublyu,TRULY_MISSING,True,
poisk-tela-poslednyaya-noch,TRULY_MISSING,True,
aprelskaya-nevesta,TRULY_MISSING,True,
gorkiy-med,TRULY_MISSING,True,
razbitye-otrazheniya-lyubvi,TRULY_MISSING,True,
ya-hvost-i-kaguradzaka,TRULY_MISSING,True,
ne-v-dengah-schaste,TRULY_MISSING,True,
mir-polon-syurprizov,TRULY_MISSING,True,
honsavadi-poslednyaya-duel,TRULY_MISSING,True,
5-santimetrov-v-sekundu,TRULY_MISSING,True,
zolotoe-mesto,TRULY_MISSING,True,
serdce-eto-myshca,TRULY_MISSING,True,
dok-ob-ii-ili-kak-ya-stal-apokaliptimistom,TRULY_MISSING,True,
uhodite,TRULY_MISSING,True,
v-pogone-za-lyubovyu-i-dengami,TRULY_MISSING,True,
vozvyshenie-imperatricy,TRULY_MISSING,True,
podrezka-kustov-roz,TRULY_MISSING,True,
vozvraschenie-pervoy-lyubvi,TRULY_MISSING,True,
razdelyaya-s-toboy,TRULY_MISSING,True,
menya-zovut-chzhao-u-di-2,TRULY_MISSING,True,
radiozvezda,TRULY_MISSING,True,
domohozyayka-detektiv-ya-ten,TRULY_MISSING,True,
zakonnaya-zhena,TRULY_MISSING,True,
v-30-vse-tolko-nachinaetsya,TRULY_MISSING,True,
shkolnaya-doska,TRULY_MISSING,True,
vzryv-skorostnogo-poezda,TRULY_MISSING,True,
obman-lyubvi,TRULY_MISSING,True,
koshachya-voyna,TRULY_MISSING,True,
ukradennoe-schaste,TRULY_MISSING,True,
frontrumy,TRULY_MISSING,True,
oshibka-bankomata,TRULY_MISSING,True,
bogatyy-muzhchina-bednaya-zhenschina,TRULY_MISSING,True,
koshmarochka,TRULY_MISSING,True,
starshaya-shkola-bakaleya,TRULY_MISSING,True,
znatnyy-holostyak,TRULY_MISSING,True,
gamlet,TRULY_MISSING,True,
leto-v-zommerbyu,TRULY_MISSING,True,
ustad-bhagat-singh,TRULY_MISSING,True,
luna-i-nebo,TRULY_MISSING,True,
odinokiy-gurman,TRULY_MISSING,True,
lyubimyy-chelovek,TRULY_MISSING,True,
odurmanennaya-zhenschina-2,TRULY_MISSING,True,
predatelstvo-lyubvi,TRULY_MISSING,True,
letnyaya-noch,TRULY_MISSING,True,
dnevnoy-feyerverk,TRULY_MISSING,True,
v-obyatiyah-pozdney-vesny,TRULY_MISSING,True,
molnienosnyy-brak-s-hitrym-lisom,TRULY_MISSING,True,
voyna-voynoy-a-obed-po-raspisaniyu,TRULY_MISSING,True,
goloden,TRULY_MISSING,True,
lyubov-po-perepiske,TRULY_MISSING,True,
35-letnyaya-shkolnica,TRULY_MISSING,True,
ship-alisy,TRULY_MISSING,True,
lyudi-peschery,TRULY_MISSING,True,
sestra-kotoraya-kurit-i-sestra-kotoraya-hitrit,TRULY_MISSING,True,
sosedki-po-komnate,TRULY_MISSING,True,
zherald-zavoevatel,TRULY_MISSING,True,
pryamikom-v-ad,TRULY_MISSING,True,
romanticheskie-rekomendacii,TRULY_MISSING,True,
bespoleznaya-takano,TRULY_MISSING,True,
stoit-li-sohranyat-takuyu-semyu,TRULY_MISSING,True,
ocharovanie-2,TRULY_MISSING,True,
s-segodnyashnego-dnya-ya-ubiyca,TRULY_MISSING,True,
devchachya-lyubov,TRULY_MISSING,True,
6-sekundnaya-traektoriya-melanholiya-pirotehnika-motidzuki-seytaro-2,TRULY_MISSING,True,
pervaya-lyubov-zarari,TRULY_MISSING,True,
ukusi-menya-sladko,TRULY_MISSING,True,
vesennee-teplo,TRULY_MISSING,True,
v-obyatiyah-nochi,TRULY_MISSING,True,
pronicatelnyy-vzor,TRULY_MISSING,True,
pismo-s-perevodom,TRULY_MISSING,True,
feyerverki,TRULY_MISSING,True,
plan-pitaniya-generalnogo-direktora,TRULY_MISSING,True,
za-predelami-suschestvovaniya,TRULY_MISSING,True,
my-verim-vam,TRULY_MISSING,True,
taynyy-audit,TRULY_MISSING,True,
imperatorskaya-nalozhnica-2,TRULY_MISSING,True,
inye-stremleniya-chzhi-tana,TRULY_MISSING,True,
bratya-pod-ognem,TRULY_MISSING,True,
obmanutyy-muzh-kotoromu-ostalos-zhit-tri-mesyaca,TRULY_MISSING,True,
devushka-iz-niotkuda,TRULY_MISSING,True,
ispoved-v-temnote,TRULY_MISSING,True,
fabula,TRULY_MISSING,True,
menya-vidno,TRULY_MISSING,True,
para-sozdannaya-na-nebesah,TRULY_MISSING,True,
7-dney-v-iyune,TRULY_MISSING,True,
les-iz-shersti-i-stali,TRULY_MISSING,True,
dvoreckiy-mey-chan,TRULY_MISSING,True,
klinok-v-ladoni,TRULY_MISSING,True,
vlyublennyy-vampir,TRULY_MISSING,True,
privet-moya-krasavica,TRULY_MISSING,True,
cvetenie-mirasol,TRULY_MISSING,True,
vuayerist,TRULY_MISSING,True,
dzhosh-protiv-desyati-zapovedey,TRULY_MISSING,True,
sto-buketov-dlya-luny,TRULY_MISSING,True,
moya-lyubimaya-prizrak-2,TRULY_MISSING,True,
astral-shkola-koshmarov,TRULY_MISSING,True,
hala-bala,TRULY_MISSING,True,
koroleva-zmey,TRULY_MISSING,True,
perestrelyay-ih-vseh,TRULY_MISSING,True,
proklyataya-maska,TRULY_MISSING,True,
prismotris-tam-zvezdy,TRULY_MISSING,True,
proklyatoe-prilozhenie,TRULY_MISSING,True,
angel-nischih,TRULY_MISSING,True,
vdova,TRULY_MISSING,True,
zhelayu-tvoey-smerti,TRULY_MISSING,True,
chistye-dengi,TRULY_MISSING,True,
vopros-vremeni,TRULY_MISSING,True,
mister-geyts,TRULY_MISSING,True,
toksichnyy-brak,TRULY_MISSING,True,
obitel-demonov,TRULY_MISSING,True,
sladkaya-lozh,TRULY_MISSING,True,
muzhchina-i-zhenschina-2,TRULY_MISSING,True,
cena-schastya,TRULY_MISSING,True,
ya-ne-hochu-umirat,TRULY_MISSING,True,
pryanyy-aromat-lyubvi,TRULY_MISSING,True,
ne-dergay-tigra-za-usy,TRULY_MISSING,True,
uchenik,TRULY_MISSING,True,
alibi,TRULY_MISSING,True,
ochen-strannye-dela-istorii-iz-85-go,TRULY_MISSING,True,
mini-drakon-specvypuski,TRULY_MISSING,True,
garo-siyayuschiy-vo-tme,TRULY_MISSING,True,
segodnya-snova-vse-rasprodano,TRULY_MISSING,True,
otgoloski-goroda-gan,TRULY_MISSING,True,
za-lyubovyu-na-kray-sveta,TRULY_MISSING,True,
igra-zhizni,TRULY_MISSING,True,
udar-protiv-vremeni,TRULY_MISSING,True,
advokatskoe-byuro-yamady-todoroki,TRULY_MISSING,True,
malchik-i-sobaka,TRULY_MISSING,True,
bespokoynaya-sluzhanka,TRULY_MISSING,True,
velomasterskaya-takahasi,TRULY_MISSING,True,
taynyy-brak-detektivov-odna-krysha-raznye-familii,TRULY_MISSING,True,
vsegda-zima,TRULY_MISSING,True,
sklonnost,TRULY_MISSING,True,
pobeg-iz-lissabona,TRULY_MISSING,True,
teryaya-golovu-ot-lyubvi,TRULY_MISSING,True,
garo-tayga,TRULY_MISSING,True,
nashe-prekrasnoe-leto,TRULY_MISSING,True,
kak-tebya-zabyt,TRULY_MISSING,True,
zakat-rassvet,TRULY_MISSING,True,
bakudan,TRULY_MISSING,True,
shag-vpered,TRULY_MISSING,True,
besshumnyy-flot-bitva-v-severnom-ledovitom-okeane,TRULY_MISSING,True,
vrag-priblizhaetsya,TRULY_MISSING,True,
detektiv-samuray-onihey-dva-klinka-pravosudiya,TRULY_MISSING,True,
voyny-nindzya-chernaya-lisa-protiv-nindzya-seguna,TRULY_MISSING,True,
yaschik-dlya-risa,TRULY_MISSING,True,
pin-anon,TRULY_MISSING,True,
detektiv-k,TRULY_MISSING,True,
ocharovatelnyy-sneg,TRULY_MISSING,True,
dressirovschik-golubey,TRULY_MISSING,True,
istoriya-fuzhun,TRULY_MISSING,True,
ohotniki-za-legendoy,TRULY_MISSING,True,
pobeg-iz-plena,TRULY_MISSING,True,
gorod-greha,TRULY_MISSING,True,
sudya-di-gnev-buddy,TRULY_MISSING,True,
serdce-buduschego,TRULY_MISSING,True,
solnce-vstaet-nad-vsemi-nami,TRULY_MISSING,True,
di-zhencze-neobyknovennye-cvety-na-farmite,TRULY_MISSING,True,
holodnaya-yarost,TRULY_MISSING,True,
vse-podozrevaemye,TRULY_MISSING,True,
ee-slova-lyubov,TRULY_MISSING,True,
lyubov-dlya-nachinayuschih,TRULY_MISSING,True,
legendarnyy-lakey,TRULY_MISSING,True,
shuga-doroga-v-den-d,TRULY_MISSING,True,
pohischenie-arabelly,TRULY_MISSING,True,
pervaya-vstrecha-v-konce-leta,TRULY_MISSING,True,
muzyka-v-parke,TRULY_MISSING,True,
pugalo,TRULY_MISSING,True,
moment-siyaniya-serdca,TRULY_MISSING,True,
begi-malchik-begi,TRULY_MISSING,True,
moya-komandirsha,TRULY_MISSING,True,
krasnoe-svadebnoe-plate-bumazhnaya-nevesta,TRULY_MISSING,True,
ohotnik-na-demonov,TRULY_MISSING,True,
kevin,TRULY_MISSING,True,
pust-muzyka-letit,TRULY_MISSING,True,
v-pogone-za-ubiycey,TRULY_MISSING,True,
smertonosnaya-skolopendra,TRULY_MISSING,True,
bratan-s-severo-vostoka-3-bolshe-nikakogo-odinochestva,TRULY_MISSING,True,
missiya-po-borbe-s-narkotikami,TRULY_MISSING,True,
opasnye-vremena,TRULY_MISSING,True,
shturm,TRULY_MISSING,True,
hroniki-prizrakov,TRULY_MISSING,True,
bratya-tagusari,TRULY_MISSING,True,
obnazhennoe-leto,TRULY_MISSING,True,
lish-ty,TRULY_MISSING,True,
ty-prekrasen-tayvanskaya-versiya,TRULY_MISSING,True,
samuray-i-koshka,TRULY_MISSING,True,
bog-smerti-v-sladostnom-cvete,TRULY_MISSING,True,
yasnaya-noch-serediny-leta,TRULY_MISSING,True,
tleyuschaya-lyubov,TRULY_MISSING,True,
kak-izmenit-svoyu-zhizn,TRULY_MISSING,True,
imam-gazali,TRULY_MISSING,True,
meksikanskie-priklyucheniya,TRULY_MISSING,True,
studiya-badzya-badzya-na-more,TRULY_MISSING,True,
ne-sdavatsya-dyavolskiy-gandan,TRULY_MISSING,True,
kazhdyy-boretsya-so-svoey-sobstvennoy-nikchemnostyu,TRULY_MISSING,True,
ya-znayu-kak-ty-umresh,TRULY_MISSING,True,
rascvet-molodosti-nasha-vesna,TRULY_MISSING,True,
volshebnye-sestry-lulutto-lilli,TRULY_MISSING,True,
proschay,TRULY_MISSING,True,
polet-na-lunu,TRULY_MISSING,True,
gorodskie-zavisimosti,TRULY_MISSING,True,
odolzhenie,TRULY_MISSING,True,
glinyanaya-kukla,TRULY_MISSING,True,
vosemnadcatiletie-rouz,TRULY_MISSING,True,
plamya-pri-svete-dnya,TRULY_MISSING,True,
net-dereva-kotoroe-ne-ruhnet-posle-10-srubov,TRULY_MISSING,True,
v-tu-noch-ya-zachala-rebenka-ot-prezidenta,TRULY_MISSING,True,
chernaya-zima,TRULY_MISSING,True,
ten-moego-otca,TRULY_MISSING,True,
hanami,TRULY_MISSING,True,
sezon-cveteniya,TRULY_MISSING,True,
amerikanskie-gladiatory,TRULY_MISSING,True,
tak-daleko-tak-blizko,TRULY_MISSING,True,
samogonvill,TRULY_MISSING,True,
svyatoy-udar,TRULY_MISSING,True,
strana-utrenney-svezhesti,TRULY_MISSING,True,
dorogoe-imya,TRULY_MISSING,True,
signal-serdca-5,TRULY_MISSING,True,
podarok,TRULY_MISSING,True,
veter-i-zvezdnyy-svet,TRULY_MISSING,True,
absolyutnaya-cennost-romantiki,TRULY_MISSING,True,
800-metrov,TRULY_MISSING,True,
dorogaya-sestra,TRULY_MISSING,True,
molodoy-sherlok,TRULY_MISSING,True,
revers,TRULY_MISSING,True,
vosstavshiy-protiv-neba-2,TRULY_MISSING,True,
nenavisti-vopreki,TRULY_MISSING,True,
taynoe-rassledovanie,TRULY_MISSING,True,
bok-o-bok,TRULY_MISSING,True,
doverie,TRULY_MISSING,True,
vse-kak-bylo-obeschano,TRULY_MISSING,True,
akakage-nindzya-v-maske,TRULY_MISSING,True,
token-mechty,TRULY_MISSING,True,
hallan,TRULY_MISSING,True,
miss-te-ri-posle-shkoly,TRULY_MISSING,True,
zhizn-naperekosyak,TRULY_MISSING,True,
moy-lyubimec,TRULY_MISSING,True,
tumannye-serdca,TRULY_MISSING,True,
nana,TRULY_MISSING,True,
kislorodnye-maski-ne-vypadut-avtomaticheski,TRULY_MISSING,True,
detektiv-dinastii-sun,TRULY_MISSING,True,
voshodyaschee-solnce-lyubov-zatmivshaya-solnce,TRULY_MISSING,True,
sinigami-kun,TRULY_MISSING,True,
lyubovnaya-igra,TRULY_MISSING,True,
pod-davleniem-obstoyatelstv,TRULY_MISSING,True,
pochti-pustoy-gorod,TRULY_MISSING,True,
vse-ne-tak-kak-vy-dumaete,TRULY_MISSING,True,
proekt-y,TRULY_MISSING,True,
rangga-i-chinta,TRULY_MISSING,True,
urok-2,TRULY_MISSING,True,
shary-vverh,TRULY_MISSING,True,
esche-raz-prezhde-chem-umru,TRULY_MISSING,True,
otec-frankenshteyna,TRULY_MISSING,True,
uzel-lyubvi,TRULY_MISSING,True,
moy-nepredskazuemyy-vozlyublennyy,TRULY_MISSING,True,
kogda-ty-budesh-mnoy,TRULY_MISSING,True,
radi-vstrechi-s-toboy,TRULY_MISSING,True,
iz-lyubvi,TRULY_MISSING,True,
pokornyy-sluga-s-nezhnoy-dushoy,TRULY_MISSING,True,
ne-vri-rahi,TRULY_MISSING,True,
oshibka-osennego-vetra,TRULY_MISSING,True,
osada-pervyy-arhangel,TRULY_MISSING,True,
chuzhoy-dom,TRULY_MISSING,True,
god-2020,TRULY_MISSING,True,
etot-dom-eta-lozh-eta-lyubov,TRULY_MISSING,True,
mektub-moya-lyubov-pesn-vtoraya,TRULY_MISSING,True,
idealnoe-predlozhenie,TRULY_MISSING,True,
u-margo-problemy-s-dengami,TRULY_MISSING,True,
kushat-podano-3,TRULY_MISSING,True,
kushat-podano-2,TRULY_MISSING,True,
kushat-podano,TRULY_MISSING,True,
iskusstvo-krichat,TRULY_MISSING,True,
nozh-pravdy,TRULY_MISSING,True,
boy-bessmertnyh,TRULY_MISSING,True,
vlyubitsya-snova,TRULY_MISSING,True,
vnedrenie,TRULY_MISSING,True,
proklyatie-mertvoy-grafini,TRULY_MISSING,True,
grob-iz-goroda-pyati-drakonov,TRULY_MISSING,True,
zolotoy-sarkofag,TRULY_MISSING,True,
evangelie-ot-iudy,TRULY_MISSING,True,
leopardi-i-kompaniya,TRULY_MISSING,True,
propavshee-lico,TRULY_MISSING,True,
esche-odin-naslednik,TRULY_MISSING,True,
siko-siko,TRULY_MISSING,True,
dom-pepla,TRULY_MISSING,True,
umelyy,TRULY_MISSING,True,
poedinok,TRULY_MISSING,True,
istoriya-miyuy,TRULY_MISSING,True,
vse-chto-tebe-nuzhno-eto-ubivat,TRULY_MISSING,True,
plach-devichey-gruppy-filmy,TRULY_MISSING,True,
gosudarev-dnevnik-rassledovaniy,TRULY_MISSING,True,
prodyusirovanie-nobuty,TRULY_MISSING,True,
leto-kogda-ona-priehala,TRULY_MISSING,True,
moy-muzh-boss-mafii,TRULY_MISSING,True,
zamok-iz-peska,TRULY_MISSING,True,
dragonzakura,TRULY_MISSING,True,
ozornaya-princessa,TRULY_MISSING,True,
lyubov-moey-zhizni,TRULY_MISSING,True,
pochemu-pochemu-lyubov,TRULY_MISSING,True,
shkola-detektivov-kyu,TRULY_MISSING,True,
aromat-zhasmina,TRULY_MISSING,True,
dopolnitelnoe-vremya,TRULY_MISSING,True,
na-grani-2,TRULY_MISSING,True,
komissar-reks-perezapusk,TRULY_MISSING,True,
druzya-iz-kugi-don,TRULY_MISSING,True,
v-adu-net-yarosti-strashnee,TRULY_MISSING,True,
sireny-2-tainstvennyy-ostrov,TRULY_MISSING,True,
lotereya-shtata-massachusets,TRULY_MISSING,True,
operaciya-semeyka-edzakura-2,TRULY_MISSING,True,
zhizn-v-manga-kafe-na-odnom-tatami,TRULY_MISSING,True,
odna-mysl-o-rasstavanii-s-mechtoy,TRULY_MISSING,True,
segodnya-vecherom-na-taynoy-kuhne,TRULY_MISSING,True,
cvety-zla,TRULY_MISSING,True,
mest-falshivoy-nevesty,TRULY_MISSING,True,
restart,TRULY_MISSING,True,
synovya-rizka-3,TRULY_MISSING,True,
protein,TRULY_MISSING,True,
idealnyy-plan,TRULY_MISSING,True,
moisey-chernyy,TRULY_MISSING,True,
vzroslyy,TRULY_MISSING,True,
kulak-severnoy-zvezdy-2026,TRULY_MISSING,True,
bemkesh-bakshi,TRULY_MISSING,True,
zhena-princa-xxi-veka,TRULY_MISSING,True,
zhena-gegege,TRULY_MISSING,True,
6-dney,TRULY_MISSING,True,
bespodobnaya-ledi-2,TRULY_MISSING,True,
vernut-vospominaniya,TRULY_MISSING,True,
tyazhkie-prestupleniya-shtiriyskoe-bezumie,TRULY_MISSING,True,
bezumstva,TRULY_MISSING,True,
vo-vlasti-lyubvi,TRULY_MISSING,True,
nashi-schastlivye-dni,TRULY_MISSING,True,
kogda-sletayut-maski,TRULY_MISSING,True,
koroleva-ego-serdca,TRULY_MISSING,True,
vechnost,TRULY_MISSING,True,
tayno-lyublyu-tebya,TRULY_MISSING,True,
40-dney-2,TRULY_MISSING,True,
dvorec-schastya-i-procvetaniya,TRULY_MISSING,True,
daye-istoriya-odnoy-semi,TRULY_MISSING,True,
ocharovatelnyy,TRULY_MISSING,True,
soyuz,TRULY_MISSING,True,
pyatnichnyy-klub-9-lyubov-po-raspisaniyu,TRULY_MISSING,True,
davlenie-v-salone,TRULY_MISSING,True,
belaya-afrika,TRULY_MISSING,True,
hobbi-nastolnye-skazki,TRULY_MISSING,True,
chay-na-dvoih,TRULY_MISSING,True,
velikoe-vozrozhdenie,TRULY_MISSING,True,
kasseta-keysi,TRULY_MISSING,True,
dokument,TRULY_MISSING,True,
a-potom-sluchaetsya-zhizn,TRULY_MISSING,True,
pryamo-kak-doma,TRULY_MISSING,True,
vypusk-90-go-goda,TRULY_MISSING,True,
malenkaya-kuhnya-mehdi,TRULY_MISSING,True,
hubal,TRULY_MISSING,True,
ubezhische,TRULY_MISSING,True,
nash-geroy-baltazar,TRULY_MISSING,True,
nezhnoe-vmeshatelstvo,TRULY_MISSING,True,
balk,TRULY_MISSING,True,
vozrodivshiesya,TRULY_MISSING,True,
hozyain,TRULY_MISSING,True,
ya-ubila-ego-vo-sne,TRULY_MISSING,True,
moy-drug-an-dele,TRULY_MISSING,True,
u-vas-est-24-chasa,TRULY_MISSING,True,
moe-svidanie-s-vampirom,TRULY_MISSING,True,
posledniy-velikan,TRULY_MISSING,True,
ad-v-rayckom-ugolke,TRULY_MISSING,True,
neveroyatnaya-snezhnaya-zhenschina,TRULY_MISSING,True,
vnutrenniy-nol,TRULY_MISSING,True,
aromat-privyazannosti,TRULY_MISSING,True,
mechtateli,TRULY_MISSING,True,
korol-ringa,TRULY_MISSING,True,
mrachnye-hroniki,TRULY_MISSING,True,
geroizaciya-lazarya,TRULY_MISSING,True,
poka-vse-v-poryadke,TRULY_MISSING,True,
za-granicey-2,TRULY_MISSING,True,
chuzhaya-krov,TRULY_MISSING,True,
kamen-rayder-kiva,TRULY_MISSING,True,
slishkom-pozdno-govorit-ya-lyublyu-tebya,TRULY_MISSING,True,
demon,TRULY_MISSING,True,
net-vybora,TRULY_MISSING,True,
pesnya-izvergov,TRULY_MISSING,True,
vozrozhdenie-iz-ledyanogo-ozera,TRULY_MISSING,True,
moment-nashey-vstrechi,TRULY_MISSING,True,
neizbezhno,TRULY_MISSING,True,
moy-sopernik-v-lyubvi-eto-ya,TRULY_MISSING,True,
uvedomlenie-o-smerti-2,TRULY_MISSING,True,
dvadcat-dvadcat-shest,TRULY_MISSING,True,
nabi-ty-ochen-milaya,TRULY_MISSING,True,
404-begi-begi,TRULY_MISSING,True,
komanda-nevesty-2,TRULY_MISSING,True,
karavan,TRULY_MISSING,True,
nesi-tmu,TRULY_MISSING,True,
poisk-evilan,TRULY_MISSING,True,
boginya-kem-hochesh-pereroditsya-v-drugom-mire-ya-rebrom-geroya,TRULY_MISSING,True,
ya-vernulas-nadeyus-ne-slishkom-pomeshayu,TRULY_MISSING,True,
vkus-k-ubiystvu,TRULY_MISSING,True,
o-zhizn-moya,TRULY_MISSING,True,
rokovaya-sudba,TRULY_MISSING,True,
snayper-bez-flaga,TRULY_MISSING,True,
v-zdravoy-pamyati,TRULY_MISSING,True,
kristi-put-domoy,TRULY_MISSING,True,
proshlaya-zhizn,TRULY_MISSING,True,
inukay-san-taynaya-lyubov-nachalnika,TRULY_MISSING,True,
pohischennyy-brak,TRULY_MISSING,True,
paren-2,TRULY_MISSING,True,
dobroserdechnyy-bog,TRULY_MISSING,True,
sahar,TRULY_MISSING,True,
fermerskaya-zhizn-v-inom-mire-2,TRULY_MISSING,True,
mladshaya-sestra-bezlikie-ubiycy,TRULY_MISSING,True,
skandal-v-techhi,TRULY_MISSING,True,
zdes-net-spaseniya,TRULY_MISSING,True,
moy-nadoedlivyy-brat,TRULY_MISSING,True,
ne-priznavaysya,TRULY_MISSING,True,
lish-bogu-izvestno-vse,TRULY_MISSING,True,
golodnaya-lyubov,TRULY_MISSING,True,
pakt,TRULY_MISSING,True,
dom-za-reshetkoy,TRULY_MISSING,True,
povelitel-grobnicy-guanshan,TRULY_MISSING,True,
agentura,TRULY_MISSING,True,
sore-zhena-iz-buduschego,TRULY_MISSING,True,
cena-proschaniya,TRULY_MISSING,True,
kanareyka-gospodina-he,TRULY_MISSING,True,
koketlivo-miloy-byt-i-pobedit,TRULY_MISSING,True,
ups-ya-nalozhnica,TRULY_MISSING,True,
besplodnaya,TRULY_MISSING,True,
lyubovnaya-lihoradka,TRULY_MISSING,True,
cerkov-letayuschey-tarelki,TRULY_MISSING,True,
kozha-k-kozhe,TRULY_MISSING,True,
prazdnichnaya-noch,TRULY_MISSING,True,
pochuvstvuy-moy-golos,TRULY_MISSING,True,
chisto-po-zhenski,TRULY_MISSING,True,
amerikanskiy-zasov,TRULY_MISSING,True,
adskiy-skeyt,TRULY_MISSING,True,
zvezdnye-voyny-dart-mol-povelitel-teney,TRULY_MISSING,True,
ya-i-moy-kuzen,TRULY_MISSING,True,
koncert-prizraka-ischeznuvshie-pesni,TRULY_MISSING,True,
troecarstvie-yaponii,TRULY_MISSING,True,
put-asa-akt-ii-2,TRULY_MISSING,True,
regressiya-velikogo-mudreca-riddla,TRULY_MISSING,True,
okutyvaya-nebesa-srazhenie-protiv-ten-vana-s-mednym-grobom,TRULY_MISSING,True,
pochini-i-proday-klassicheskie-avtomobili,TRULY_MISSING,True,
na-ohote,TRULY_MISSING,True,
moya-bezbashennaya-telohranitelnica,TRULY_MISSING,True,
korol-frenki,TRULY_MISSING,True,
korona-dlya-korolya,TRULY_MISSING,True,
dobro-pozhalovat-v-ad-iruma-4,TRULY_MISSING,True,
zvezda-zhelaniy,TRULY_MISSING,True,
dobavlenie,TRULY_MISSING,True,
do-murashek,TRULY_MISSING,True,
krugosvetnaya-gonka,TRULY_MISSING,True,
kapitan-2,TRULY_MISSING,True,
stalnoy-les,TRULY_MISSING,True,
oderzhimaya-runa,TRULY_MISSING,True,
angel-po-sosedstvu-2,TRULY_MISSING,True,
dnevnik-nablyudeniy-za-moey-nevestoy-provozglasivshey-sebya-zlodeykoy,TRULY_MISSING,True,
moya-podruga-repetitor,TRULY_MISSING,True,
igra-dyavola-posledniy-klyuch,TRULY_MISSING,True,
igra-radi-mira,TRULY_MISSING,True,
ohotnichi-psy-2,TRULY_MISSING,True,
ostorozhno-dveri-zakryvayutsya,TRULY_MISSING,True,
ubiystvo-v-teni-sredi-vragov,TRULY_MISSING,True,
mat,TRULY_MISSING,True,
vysokie-prilivy,TRULY_MISSING,True,
avantyurist-pozhirayuschiy-demonov-ya-edinstvennyy-kto-stanovitsya-silnee-pozhir,TRULY_MISSING,True,
fan-klub-kirio,TRULY_MISSING,True,
vas-snova-ubili-mister-detektiv,TRULY_MISSING,True,
vtoraya-yunost-haybary,TRULY_MISSING,True,
poema-o-lyubvi,TRULY_MISSING,True,
ledyanaya-stena,TRULY_MISSING,True,
lyubov-slozhna-dlya-naslednika,TRULY_MISSING,True,
liga-pechi,TRULY_MISSING,True,
doktor-stoun-nauchnoe-buduschee-chast-3,TRULY_MISSING,True,
agent-svyshe,TRULY_MISSING,True,
ploho-li-dlya-zhenschiny-ne-rozhat,TRULY_MISSING,True,
velikiy-greh-kudze,TRULY_MISSING,True,
zavesa-teney,TRULY_MISSING,True,
dorohedoro-2-2,TRULY_MISSING,True,
ya-pererodilsya-torgovym-avtomatom-i-skitayus-po-labirintu-3,TRULY_MISSING,True,
el-maleka,TRULY_MISSING,True,
zahvatit-serdce-etogo-dnya,TRULY_MISSING,True,
nakonec-to-ty,TRULY_MISSING,True,
serebryanaya-zvezda,TRULY_MISSING,True,
dorogie-nyani-ubiycy,TRULY_MISSING,True,
ryba-kotoruyu-ya-upustila-bolshaya-no-ya-poymala-druguyu-kotoraya-esche-bolshe,TRULY_MISSING,True,
kovarnaya-nalozhnica-u-vlasti,TRULY_MISSING,True,
pererodivshis-budu-s-tem-kto-upadet-s-neba,TRULY_MISSING,True,
ona-goryachee-vystrela,TRULY_MISSING,True,
krasotka-v-lyubovnom-varete,TRULY_MISSING,True,
chudo-celitelnica-sbezhavshaya-so-svadby,TRULY_MISSING,True,
krasnaya-liniya,TRULY_MISSING,True,
gornichnaya-kotoraya-prosto-lyubit-pokushat,TRULY_MISSING,True,
ty-polyubish-menya,TRULY_MISSING,True,
esli-segodnya-vtornik-znachit-eto-ubiystvo,TRULY_MISSING,True,
my-slabye-no-vyigraem,TRULY_MISSING,True,
davay-pozhenimsya,TRULY_MISSING,True,
sozdatel-krasoty,TRULY_MISSING,True,
ne-poteryayu-tebya-nikogda,TRULY_MISSING,True,
angel-i-dyavol,TRULY_MISSING,True,
vozlyublennaya-2,TRULY_MISSING,True,
v-poiskah-seula,TRULY_MISSING,True,
maasum,TRULY_MISSING,True,
specialist-mest,TRULY_MISSING,True,
zhenitsya-mne-ili-net,TRULY_MISSING,True,
molodoy-kazanova,TRULY_MISSING,True,
lovushka-lyubvi,TRULY_MISSING,True,
zhutkie-istorii,TRULY_MISSING,True,
lyubov-po-zakonu-podlosti,TRULY_MISSING,True,
ment-novaya-glava,TRULY_MISSING,True,
durnushka,TRULY_MISSING,True,
uchebnyy-poligon-vossoedinenie,TRULY_MISSING,True,
nochnoy-tuman-obzhigayuschiy-usta,TRULY_MISSING,True,
bts-vozvraschenie,TRULY_MISSING,True,
ya-ne-primu-otkaz-v-99-raz,TRULY_MISSING,True,
chiruran-rekviem-po-sinsengumi,TRULY_MISSING,True,
v-sredu-ostavaysya-s-moim-muzhem,TRULY_MISSING,True,
azize,TRULY_MISSING,True,
blistatelnyy-prikan-2,TRULY_MISSING,True,
rozhdennyy-byt-zlodeem,TRULY_MISSING,True,
ukroschenie-lorda-babnika,TRULY_MISSING,True,
udar-monstra-perezagruzka-mertvogo-mira,TRULY_MISSING,True,
lyubov-v-realnom-vremeni,TRULY_MISSING,True,
prizrachnyy-killer,TRULY_MISSING,True,
ya-ne-budu-delat-kak-govorit-kurosaki-kun,TRULY_MISSING,True,
omrachennoe-leto,TRULY_MISSING,True,
ya-ne-budu-delat-kak-govorit-kurosaki-kun-2,TRULY_MISSING,True,
zapretnaya-lyubov,TRULY_MISSING,True,
superekspress,TRULY_MISSING,True,
prizraki-povsyudu,TRULY_MISSING,True,
v-etot-raz,TRULY_MISSING,True,
otvazhnaya-3,TRULY_MISSING,True,
ku-li-nikogda-ne-plachet,TRULY_MISSING,True,
kuznec-samuray,TRULY_MISSING,True,
spryatannaya-lyubov,TRULY_MISSING,True,
devushka-naprokat,TRULY_MISSING,True,
syuan-czan,TRULY_MISSING,True,
vnutri-ili-snaruzhi,TRULY_MISSING,True,
krasavchik-kovboy,TRULY_MISSING,True,
vrednyy-pekar,TRULY_MISSING,True,
absolyutnyy-ekonomist,TRULY_MISSING,True,
chudakovatyy-geolog,TRULY_MISSING,True,
smyshlenyy-pilot,TRULY_MISSING,True,
svobodnyy-rezhisser,TRULY_MISSING,True,
pozhaluysta-polyubi-menya-bestolkovuyu,TRULY_MISSING,True,
filosofiya-lyubvi,TRULY_MISSING,True,
nyuhach-sledovatel,TRULY_MISSING,True,
ya-poluchil-chiterskie-sposobnosti-v-drugom-mire-i-stal-ekstraordinarnym-v-realn,TRULY_MISSING,True,
prizrachnyy-vor-yamaneko,TRULY_MISSING,True,
krov-vorona,TRULY_MISSING,True,
romantika-naoborot,TRULY_MISSING,True,
agenty-chetyreh-sezonov-vesenniy-tanec,TRULY_MISSING,True,
v-ozhidanii-pereletnyh-ptic,TRULY_MISSING,True,
bezumnaya-koroleva,TRULY_MISSING,True,
cvetok-v-teni,TRULY_MISSING,True,
volchiy-princ,TRULY_MISSING,True,
koidzumi-lyubit-ramen,TRULY_MISSING,True,
charli-i-ego-udivitelnyy-mir,TRULY_MISSING,True,
key-papa,TRULY_MISSING,True,
sila-solnca,TRULY_MISSING,True,
storozhevoy-pes,TRULY_MISSING,True,
lyubov-za-granyu-smerti,TRULY_MISSING,True,
podrazhateli,TRULY_MISSING,True,
fukusima-yadernyy-koshmar,TRULY_MISSING,True,
ya-restavriruyu-relikvii-v-universitete,TRULY_MISSING,True,
blistatelnyy-prikan,TRULY_MISSING,True,
krovavyy-svet-luny,TRULY_MISSING,True,
davayte-sygraem-specvypuski,TRULY_MISSING,True,
izuchi-menya,TRULY_MISSING,True,
alisa-v-strane-chudes-pogruzhenie-v-stranu-chudes,TRULY_MISSING,True,
odinokie-istorii-ili-bangkokskie-holostyaki,TRULY_MISSING,True,
privilegii,TRULY_MISSING,True,
strazhi,TRULY_MISSING,True,
i-vse-propali,TRULY_MISSING,True,
soblaznennye-vnutri-kulta-nxivm,TRULY_MISSING,True,
kniga-gor-i-morey,TRULY_MISSING,True,
bigfut-pervobytnaya-vstrecha,TRULY_MISSING,True,
zapretnyy-plod,TRULY_MISSING,True,
speckursy-dlya-zolushki,TRULY_MISSING,True,
tainstvennaya-devyatka-inaya-istoriya,TRULY_MISSING,True,
umozaklyucheniya-kriminologa-himura-hideo-drugaya-istoriya,TRULY_MISSING,True,
selskaya-zhizn-v-nriri,TRULY_MISSING,True,
ohotniki-za-dengami,TRULY_MISSING,True,
dva-tri-prizrak-pridi,TRULY_MISSING,True,
bez-lica,TRULY_MISSING,True,
poceluy-v-samoe-serdce,TRULY_MISSING,True,
noch-hmelnogo-poceluya,TRULY_MISSING,True,
za-povorotom-novaya-vstrecha-s-nim,TRULY_MISSING,True,
nespeshnoe-nachalo,TRULY_MISSING,True,
s-nami-nichego-ne-sluchitsya,TRULY_MISSING,True,
opravdanie-teney,TRULY_MISSING,True,
osvedomiteli,TRULY_MISSING,True,
lyubov-k-roninu,TRULY_MISSING,True,
za-sto-millionov,TRULY_MISSING,True,
odnazhdy-v-moem-serdce,TRULY_MISSING,True,
ya-lyublyu-tebya-bolshe-vsego,TRULY_MISSING,True,
zdes-est-tot-kogo-ya-lyublyu,TRULY_MISSING,True,
gornichnaya-mitazono-6,TRULY_MISSING,True,
gornichnaya-mitazono-5,TRULY_MISSING,True,
red-rayding,TRULY_MISSING,True,
mest-betti,TRULY_MISSING,True,
gornichnaya-mitazono-4,TRULY_MISSING,True,
akademiya-edinorogov-tayny-raskryty,TRULY_MISSING,True,
semeynyy-sud,TRULY_MISSING,True,
ty-moya-zapozdalaya-radost,TRULY_MISSING,True,
beguschiy-chelovek-tayskaya-versiya,TRULY_MISSING,True,
u-menya-ochen-plohoe-predchuvstvie,TRULY_MISSING,True,
gornichnaya-mitazono-3,TRULY_MISSING,True,
gornichnaya-mitazono-2,TRULY_MISSING,True,
hudshiy-muzhchina-yaponii,TRULY_MISSING,True,
nazhivka-2,TRULY_MISSING,True,
golos-etogo-parnya,TRULY_MISSING,True,
dlya-dvoih,TRULY_MISSING,True,
kamen-raydery-amazony,TRULY_MISSING,True,
ya-nirvana,TRULY_MISSING,True,
gornichnaya-mitazono,TRULY_MISSING,True,
za-tvoey-ulybkoy,TRULY_MISSING,True,
sumika-sumire,TRULY_MISSING,True,
tron-dlya-lebedya,TRULY_MISSING,True,
higanbana-sedmoy-otdel-policii-tokio,TRULY_MISSING,True,
otdam-tebe-svoe-serdce,TRULY_MISSING,True,
beglecy,TRULY_MISSING,True,
luchshiy-iz-luchshih,TRULY_MISSING,True,
ne-otpuskay-menya,TRULY_MISSING,True,
etot-molodoy-geroy-nemnogo-holoden,TRULY_MISSING,True,
ya-mogu-vyyti-zamuzh-prosto-ne-hochu,TRULY_MISSING,True,
igra-druzey-final,TRULY_MISSING,True,
demekin,TRULY_MISSING,True,
dnevnoy-zvezdopad,TRULY_MISSING,True,
ozornoy-poceluy-chast-3-predlozhenie,TRULY_MISSING,True,
ozornoy-poceluy-chast-2-kampus,TRULY_MISSING,True,
ozornoy-poceluy-chast-1-starshaya-shkola,TRULY_MISSING,True,
boginya,TRULY_MISSING,True,
hanna-montana-20-let-spustya,TRULY_MISSING,True,
angel-yavilsya-v-biblioteke,TRULY_MISSING,True,
finalnaya-zhizn,TRULY_MISSING,True,
tokiyskie-devchonki,TRULY_MISSING,True,
plohaya-politika,TRULY_MISSING,True,
vnimanie-lyubov,TRULY_MISSING,True,
mertvyy-arhiv,TRULY_MISSING,True,
bez-uma-ot-lyubvi-k-tebe,TRULY_MISSING,True,
1-11-vremya-dlya-vstrechi-s-toboy,TRULY_MISSING,True,
moya-eksklyuzivnaya-lyubov,TRULY_MISSING,True,
protivostoyanie-fbr-vlast-i-paranoyya,TRULY_MISSING,True,
moy-brat-slishkom-silno-menya-lyubit,TRULY_MISSING,True,
dvorec,TRULY_MISSING,True,
kogda-my-byli-molody,TRULY_MISSING,True,
igra-illyuziy,TRULY_MISSING,True,
bezlikiy,TRULY_MISSING,True,
schastlivchik-lyuk,TRULY_MISSING,True,
schastlivy-vmeste,TRULY_MISSING,True,
karin-i-ee-sobaka,TRULY_MISSING,True,
cvetochnoe-kolco,TRULY_MISSING,True,
ohotnik-za-rozami,TRULY_MISSING,True,
ohota-za-prestupleniem-zataennaya-alaya-obida,TRULY_MISSING,True,
ot-zimy-k-vesne,TRULY_MISSING,True,
taynye-zhelaniya-otvergnutyh,TRULY_MISSING,True,
mira,TRULY_MISSING,True,
krukheyven,TRULY_MISSING,True,
voshozhdenie-red-hot-chili-peppers-nash-brat-hillel,TRULY_MISSING,True,
pohoroni-svoih-mertvyh,TRULY_MISSING,True,
soprovozhdayuschiy,TRULY_MISSING,True,
tatibana-kun-pozhaluysta-obnimi-menya,TRULY_MISSING,True,
voshititelnaya-sudba,TRULY_MISSING,True,
21-den,TRULY_MISSING,True,
poddelnye-feniksy,TRULY_MISSING,True,
arkan-dlya-lebedya,TRULY_MISSING,True,
tretiy-lishniy,TRULY_MISSING,True,
ohay,TRULY_MISSING,True,
lesnoe-bezumie,TRULY_MISSING,True,
dorogoy-princ,TRULY_MISSING,True,
ty-moy-pitomec,TRULY_MISSING,True,
lyubov-pod-prikrytiem,TRULY_MISSING,True,
dolina-nadezhdy-1874,TRULY_MISSING,True,
paren-s-gitaroy,TRULY_MISSING,True,
vampiry-barhatnogo-zala,TRULY_MISSING,True,
posolstvo-kasaragoda,TRULY_MISSING,True,
dzeta,TRULY_MISSING,True,
ogni,TRULY_MISSING,True,
moya-kapriznaya-imperatrica,TRULY_MISSING,True,
sahar-i-porok-rassledovanie-hanny-svensen,TRULY_MISSING,True,
pylayuschaya-lyubov-v-opasnoy-situacii,TRULY_MISSING,True,
roskoshnye-povodya,TRULY_MISSING,True,
obladanie,TRULY_MISSING,True,
igra-v-mest,TRULY_MISSING,True,
gordost-i-predpochtenie,TRULY_MISSING,True,
ya-byl-v-tvoem-buduschem,TRULY_MISSING,True,
sotyy-otklik,TRULY_MISSING,True,
ruki-v-krovi,TRULY_MISSING,True,
pobochnye-effekty,TRULY_MISSING,True,
seksom-nikogda-ne-ogranichivaetsya,TRULY_MISSING,True,
odin-muzhchina-v-nedelyu,TRULY_MISSING,True,
protiv-techeniya,TRULY_MISSING,True,
yunaya-nevesta-istoriya-kortni-stodden,TRULY_MISSING,True,
skelety-v-shkafu,TRULY_MISSING,True,
sinhronizaciya,TRULY_MISSING,True,
lyubov-frankenshteyna,TRULY_MISSING,True,
ogon-mesti,TRULY_MISSING,True,
lyubov-vne-vremeni,TRULY_MISSING,True,
ayris,TRULY_MISSING,True,
zhivotnaya-lyubov,TRULY_MISSING,True,
yunaya-mama,TRULY_MISSING,True,
kosti-zarytye-pod-nogami-sakurako,TRULY_MISSING,True,
tayna-perevoploscheniya,TRULY_MISSING,True,
cvetok-dlya-zverya,TRULY_MISSING,True,
devushka-asigaru,TRULY_MISSING,True,
velikiy-pobeg-4,TRULY_MISSING,True,
ayris-2-2,TRULY_MISSING,True,
velikiy-pobeg-3,TRULY_MISSING,True,
velikiy-pobeg-2,TRULY_MISSING,True,
velikiy-pobeg,TRULY_MISSING,True,
bts-bon-voyazh-4,TRULY_MISSING,True,
sekretnaya-kvartira-v-torgovom-centre,TRULY_MISSING,True,
bts-bon-voyazh-3,TRULY_MISSING,True,
bts-bon-voyazh-2,TRULY_MISSING,True,
kto-vtorgsya-v-moyu-chastnuyu-zhizn,TRULY_MISSING,True,
neizbezhnoe-otmschenie,TRULY_MISSING,True,
lyupen-iii-chast-vi-vremena,TRULY_MISSING,True,
druzya-v-ogne,TRULY_MISSING,True,
lyubovnaya-rana,TRULY_MISSING,True,
princ-tennisa-nacionalnyy-turnir,TRULY_MISSING,True,
desyat-minut,TRULY_MISSING,True,
topory-i-pocelui,TRULY_MISSING,True,
imperatorskie-koty-v-zapretnom-gorode,TRULY_MISSING,True,
ubiystva-v-sogne,TRULY_MISSING,True,
nazad-v-2000-y-moya-lyubov-k-sosedke-po-parte,TRULY_MISSING,True,
princ-tennisa-drugaya-istoriya-2-specvypuski,TRULY_MISSING,True,
princ-tennisa-specvypuski,TRULY_MISSING,True,
princ-tennisa-drugaya-istoriya-soobscheniya-iz-proshlogo-i-buduschego-specvypusk,TRULY_MISSING,True,
princ-tennisa-film-gruppy-princev-udar-buduschee,TRULY_MISSING,True,
novyy-princ-tennisa-specvypuski,TRULY_MISSING,True,
igra-druzey,TRULY_MISSING,True,
ischeznuvshee-imya,TRULY_MISSING,True,
osobennaya,TRULY_MISSING,True,
davay-vstryahnem-ih-abu,TRULY_MISSING,True,
lyubov-kotoraya-ubivaet,TRULY_MISSING,True,
eto-neozhidanno-no-zavtra-svadba,TRULY_MISSING,True,
lyubovnaya-revolyuciya,TRULY_MISSING,True,
uvedomleniya-o-lyubvi-2,TRULY_MISSING,True,
skoraya-na-vyezde,TRULY_MISSING,True,
izmereniya,TRULY_MISSING,True,
proklyatye-nft,TRULY_MISSING,True,
100-atletov-2,TRULY_MISSING,True,
molchalivyy-sud,TRULY_MISSING,True,
kupidon-idet-v-nastuplenie,TRULY_MISSING,True,
rezkiy-udar-kupidona,TRULY_MISSING,True,
most-mezhdu-serdcami,TRULY_MISSING,True,
taynaya-ulovka-kupidona,TRULY_MISSING,True,
kupidon-pod-prikrytiem,TRULY_MISSING,True,
kupidon-pobezhdaet-dyavola,TRULY_MISSING,True,
obmanutoe-serdce,TRULY_MISSING,True,
taynaya-lyubov-kupidona,TRULY_MISSING,True,
moi-vernye-druzya,TRULY_MISSING,True,
stukach,TRULY_MISSING,True,
novyy-hakkenden,TRULY_MISSING,True,
v-rascvete-let,TRULY_MISSING,True,
delo-vedet-yunyy-detektiv-kindaiti-specvypuski,TRULY_MISSING,True,
delo-vedet-yunyy-detektiv-kindaiti-delo-ob-ubiystve-chernoy-magiey,TRULY_MISSING,True,
idolmaster-blestyaschaya-festa,TRULY_MISSING,True,
dalnoboyschik,TRULY_MISSING,True,
iz-vseh-stvolov,TRULY_MISSING,True,
moguchiy-atom-1980,TRULY_MISSING,True,
krekhed,TRULY_MISSING,True,
ledi-naska,TRULY_MISSING,True,
goyaniya-radiacionnaya-avariya,TRULY_MISSING,True,
vse-esche-nadeyus,TRULY_MISSING,True,
mertvy-k-rassvetu,TRULY_MISSING,True,
proekt-s,TRULY_MISSING,True,
nastoyaschie-muzhchiny-300,TRULY_MISSING,True,
taynaya-semerka,TRULY_MISSING,True,
vrachi-neotlozhki,TRULY_MISSING,True,
lodka-iz-grushevogo-dereva,TRULY_MISSING,True,
tayny-pokinutogo,TRULY_MISSING,True,
kot-moego-byvshego,TRULY_MISSING,True,
pinanon,TRULY_MISSING,True,
moy-milyy-malchik,TRULY_MISSING,True,
sem-versiy-menya,TRULY_MISSING,True,
vnimanie-opasnaya-zhena,TRULY_MISSING,True,
mir-i-procvetanie,TRULY_MISSING,True,
pod-maskoy-lzhi,TRULY_MISSING,True,
novaya-glava-moey-zhizni,TRULY_MISSING,True,
futbolisty,TRULY_MISSING,True,
voskreshenie,TRULY_MISSING,True,
nebo-peremen,TRULY_MISSING,True,
nad-oblakami,TRULY_MISSING,True,
kvartet,TRULY_MISSING,True,
ty-svet-moey-zhizni,TRULY_MISSING,True,
neidealnye-zhenschiny,TRULY_MISSING,True,
otvet-starshaya-shkola,TRULY_MISSING,True,
nepokornyy-schenok-ischet-laski,TRULY_MISSING,True,
neobuzdannaya-strast,TRULY_MISSING,True,
mechty-o-zolotyh-godah,TRULY_MISSING,True,
malchik-asibe-vpered-vpered-goma-4,TRULY_MISSING,True,
klub-taynyh-druzey,TRULY_MISSING,True,
nana-rekapy,TRULY_MISSING,True,
bitva-sudeb,TRULY_MISSING,True,
kogda-on-vernetsya,TRULY_MISSING,True,
arbuzogolovye-dom-doktora-krou,TRULY_MISSING,True,
priklyuchenie-toma,TRULY_MISSING,True,
moy-mister-rusalka,TRULY_MISSING,True,
moy-lyubimyy-moryak,TRULY_MISSING,True,
ya-tebya-lyublyu-no-u-menya-est-sekret,TRULY_MISSING,True,
paren-moey-devushki,TRULY_MISSING,True,
ey-ty-gotova,TRULY_MISSING,True,
kontrakt-na-dushu,TRULY_MISSING,True,
korol-na-meli,TRULY_MISSING,True,
paren-na-million,TRULY_MISSING,True,
miss-plyushka,TRULY_MISSING,True,
grobnica,TRULY_MISSING,True,
signal,TRULY_MISSING,True,
uzhas-gory-gede,TRULY_MISSING,True,
perezapusk-lyubvi,TRULY_MISSING,True,
operaciya-moskva,TRULY_MISSING,True,
malchik-asibe-vpered-vpered-goma-3,TRULY_MISSING,True,
kulminaciya,TRULY_MISSING,True,
burnaya-lyubov,TRULY_MISSING,True,
prednaznachennye-sudboy,TRULY_MISSING,True,
otvazhnyy-geroy,TRULY_MISSING,True,
i-million-zvezd-padaet-s-nebes,TRULY_MISSING,True,
ne-uhodi,TRULY_MISSING,True,
korol-duri,TRULY_MISSING,True,
otshelnik,TRULY_MISSING,True,
pol-makkartni-v-dvizhenii,TRULY_MISSING,True,
malchik-asibe-vpered-vpered-goma-2,TRULY_MISSING,True,
drugaya-sestra-bennet,TRULY_MISSING,True,
kak-stat-domovladelcem-v-koree,TRULY_MISSING,True,
boevoy-petuh,TRULY_MISSING,True,
doktor-shin,TRULY_MISSING,True,
tayna-utrachennoy-zhemchuzhiny,TRULY_MISSING,True,
kakimi-my-budem,TRULY_MISSING,True,
ee-triumf,TRULY_MISSING,True,
advokat-prizrakov,TRULY_MISSING,True,
princ-iz-legend,TRULY_MISSING,True,
lyubov-v-vozduhe,TRULY_MISSING,True,
zaberite-moego-brata,TRULY_MISSING,True,
vidimaya-lozh,TRULY_MISSING,True,
molodost,TRULY_MISSING,True,
schastlivyh-prazdnikov,TRULY_MISSING,True,
steklyannaya-maska,TRULY_MISSING,True,
den-rozhdeniya-2,TRULY_MISSING,True,
cveta-schastya-v-odnoy-komnate,TRULY_MISSING,True,
miss-dyavol,TRULY_MISSING,True,
malchik-asibe-vpered-vpered-goma,TRULY_MISSING,True,
reka-madison,TRULY_MISSING,True,
lazurnoe-nasledie-predystoriya-prefektura-dunnin-letom,TRULY_MISSING,True,
tyazhkie-prestupleniya-shtiriyskiy-yad,TRULY_MISSING,True,
gostinica,TRULY_MISSING,True,
ten-otca,TRULY_MISSING,True,
pravo-na-molchanie,TRULY_MISSING,True,
delo-73,TRULY_MISSING,True,
hudshiy-kinofestival-na-svete,TRULY_MISSING,True,
oschuschenie-nastoyaschego,TRULY_MISSING,True,
moshennik-moey-mechty,TRULY_MISSING,True,
menya-stolknuli-s-samoleta-no-ya-vyzhila,TRULY_MISSING,True,
izgnannik,TRULY_MISSING,True,
bler,TRULY_MISSING,True,
zheltye-pisma,TRULY_MISSING,True,
ya-ne-znayu,TRULY_MISSING,True,
german,TRULY_MISSING,True,
futbolisty-2-vozvraschenie,TRULY_MISSING,True,
ogolennaya-kozha,TRULY_MISSING,True,
novyy-chelovek-kassyan,TRULY_MISSING,True,
otdelenie,TRULY_MISSING,True,
monstr-vnutri,TRULY_MISSING,True,
vozvraschenie-princa-yan-lin-v-min,TRULY_MISSING,True,
tot-kto-provozhaet-v-posledniy-put,TRULY_MISSING,True,
ne-mogu-plakat-s-tvoim-licom,TRULY_MISSING,True,
serdce-v-obyatiyah-holodnogo-plameni,TRULY_MISSING,True,
hischnik-protiv-zhertvy,TRULY_MISSING,True,
den-pervyy,TRULY_MISSING,True,
moya-feya,TRULY_MISSING,True,
toy-nochyu,TRULY_MISSING,True,
nalozhnica-men-pozhalovala,TRULY_MISSING,True,
zheleznaya-ledi,TRULY_MISSING,True,
bog-lyagushek,TRULY_MISSING,True,
baska-2,TRULY_MISSING,True,
vostochnyy-zapad,TRULY_MISSING,True,
edburger,TRULY_MISSING,True,
hani,TRULY_MISSING,True,
7-shagov,TRULY_MISSING,True,
toksichnyy-gorod,TRULY_MISSING,True,
blagodarya-kupidonu,TRULY_MISSING,True,
autsaydery-2,TRULY_MISSING,True,
skazka-o-devushke-kotoraya-schitala-boec-baki-bl-mangoy,TRULY_MISSING,True,
s-etogo-momenta-nachalsya-ad,TRULY_MISSING,True,
plohoy-vybor-horoshaya-lyubov,TRULY_MISSING,True,
sudba-za-predelami-scenariya,TRULY_MISSING,True,
svobodnye-zhenschiny,TRULY_MISSING,True,
dikiy-rouz,TRULY_MISSING,True,
v-centre-vnimaniya-svideteli-iegovy,TRULY_MISSING,True,
moe-puteshestvie-s-koshkami,TRULY_MISSING,True,
odarennye,TRULY_MISSING,True,
literaturnaya-devushka,TRULY_MISSING,True,
podmena,TRULY_MISSING,True,
zhenschina-s-harakterom,TRULY_MISSING,True,
puteshestvie-po-cvetochnoy-doroge-2,TRULY_MISSING,True,
stoit-li-nam-vlyublyatsya,TRULY_MISSING,True,
ay-devyshka-s-kassety-2018,TRULY_MISSING,True,
bolshie-ozhidaniya-bliznecy-drakony,TRULY_MISSING,True,
silneyshie,TRULY_MISSING,True,
drug-ubiyca,TRULY_MISSING,True,
dom-na-proklyatoy-zemle,TRULY_MISSING,True,
a-ty-ne-izmenilsya,TRULY_MISSING,True,
kniga-snov,TRULY_MISSING,True,
zhizn-eto-prazdnik,TRULY_MISSING,True,
nepobedimye,TRULY_MISSING,True,
neprimetnyy,TRULY_MISSING,True,
serdce-tanca,TRULY_MISSING,True,
bratya-s-okrainy-3,TRULY_MISSING,True,
zvezdy-mezhdu-nami,TRULY_MISSING,True,
cherez-million-svetovyh-let,TRULY_MISSING,True,
tri-proschaniya,TRULY_MISSING,True,
moy-zagadochnyy-roman,TRULY_MISSING,True,
bez-krylev,TRULY_MISSING,True,
putanica,TRULY_MISSING,True,
lichnyy-telohranitel-2,TRULY_MISSING,True,
temnicy-ekstaza,TRULY_MISSING,True,
peredryaga-u-morya,TRULY_MISSING,True,
obschie-druzya,TRULY_MISSING,True,
tropikana,TRULY_MISSING,True,
moi-krylya-zaschityat-tebya,TRULY_MISSING,True,
v-transilvanii-dumali-ne-o-vampirah,TRULY_MISSING,True,
neznakomcy-v-parke,TRULY_MISSING,True,
gridmen,TRULY_MISSING,True,
skarpetta,TRULY_MISSING,True,
lichnyy-telohranitel,TRULY_MISSING,True,
polnochnyy-triller,TRULY_MISSING,True,
svet-zvezd-sogrevayuschiy-v-holode-nochi,TRULY_MISSING,True,
horoshiy-doktor,TRULY_MISSING,True,
prishla-vesna,TRULY_MISSING,True,
svadba-na-vyzhivanie,TRULY_MISSING,True,
ya-kupila-parnya-s-dolgami,TRULY_MISSING,True,
gurmany-spasayut-mir,TRULY_MISSING,True,
obmani-menya,TRULY_MISSING,True,
putevoditel-po-plohim-lyubovnym-istoriyam,TRULY_MISSING,True,
tanec-dyavola,TRULY_MISSING,True,
mezh-dvuh-ogney,TRULY_MISSING,True,
ubiyca-iz-tiktoka,TRULY_MISSING,True,
moy-byvshiy,TRULY_MISSING,True,
okura,TRULY_MISSING,True,
cvetok-na-vershine-gory,TRULY_MISSING,True,
glotok-molodosti,TRULY_MISSING,True,
ubiystva-v-desyatiugolnom-dome,TRULY_MISSING,True,
mladshaya-sestra,TRULY_MISSING,True,
segodnya-i-nachnu,TRULY_MISSING,True,
kontrakt-s-toni-reymondom,TRULY_MISSING,True,
nevesta-frankenshteyna,TRULY_MISSING,True,
poka-ya-ne-vstrechu-sentyabrskuyu-lyubov,TRULY_MISSING,True,
vmeste-porozn,TRULY_MISSING,True,
lyubi-i-begi,TRULY_MISSING,True,
sosedi-po-komnate,TRULY_MISSING,True,
krylya-nad-everestom,TRULY_MISSING,True,
sudba-nebesnogo-vladyki,TRULY_MISSING,True,
pervaya-lyubov-v-poteryannom-vremeni,TRULY_MISSING,True,
umozaklyucheniya-kriminologa-hideo-himury,TRULY_MISSING,True,
dnevnik-odnogo-neyrohirurga,TRULY_MISSING,True,
vechno-molodoy,TRULY_MISSING,True,
vse-budet-horosho,TRULY_MISSING,True,
letayuschiy-lis-so-snezhnyh-gor,TRULY_MISSING,True,
idealnaya-zhenschina,TRULY_MISSING,True,
solnechnoe-schaste,TRULY_MISSING,True,
peremena,TRULY_MISSING,True,
ultramen-z,TRULY_MISSING,True,
angkor-zemlya-bogov,TRULY_MISSING,True,
solnechnyy-angel,TRULY_MISSING,True,
neobychnye-krasavchiki,TRULY_MISSING,True,
dnevnik-duraka-rybolova,TRULY_MISSING,True,
zapretnaya-lyubov-2,TRULY_MISSING,True,
sladkiy-dom,TRULY_MISSING,True,
lyubovnoe-pismo,TRULY_MISSING,True,
poslednyaya-nadezhda,TRULY_MISSING,True,
zhenschina,TRULY_MISSING,True,
postoyalec-v-nomere-0,TRULY_MISSING,True,
na-start,TRULY_MISSING,True,
tam-gde-osedayut-pokinutye-dushi,TRULY_MISSING,True,
25-letniy-dedushka,TRULY_MISSING,True,
krasivyy-dozhd,TRULY_MISSING,True,
dikiy-i-svirepyy,TRULY_MISSING,True,
fukuoka,TRULY_MISSING,True,
seyri-tyan,TRULY_MISSING,True,
sad-padayuschih-zvezd,TRULY_MISSING,True,
prezident-i-sluzhanka,TRULY_MISSING,True,
pervaya-lyubov-i-businka-10-obeschaniy,TRULY_MISSING,True,
koty-v-odeyalkah,TRULY_MISSING,True,
zlodeyka,TRULY_MISSING,True,
chernyy-spisok,TRULY_MISSING,True,
vavilon-kyusaku,TRULY_MISSING,True,
geroy-na-son-gryaduschiy,TRULY_MISSING,True,
peschanoe-more-proisshestvie-v-u-shan-czyuy-goryaschie-kosti,TRULY_MISSING,True,
afrikanskie-ohotniki,TRULY_MISSING,True,
roman-moego-rebenka-2,TRULY_MISSING,True,
roman-moego-rebenka,TRULY_MISSING,True,
oderzhimost-byvshim,TRULY_MISSING,True,
dvorec-yansi-priklyucheniya-princessy,TRULY_MISSING,True,
produktovyy-magazin-yunczyu,TRULY_MISSING,True,
ulika,TRULY_MISSING,True,
nastoyaschaya-poddelka,TRULY_MISSING,True,
tayvanskiy-ekspress,TRULY_MISSING,True,
syaocyan,TRULY_MISSING,True,
povarennaya-kniga-ichiki-2,TRULY_MISSING,True,
komendantskiy-chas-grehi-otca,TRULY_MISSING,True,
zmeya-v-teni-orla,TRULY_MISSING,True,
brat-2,TRULY_MISSING,True,
vysokoe-napryazhenie,TRULY_MISSING,True,
neizbezhnoe,TRULY_MISSING,True,
miss-syuy-ne-idet-na-kompromiss,TRULY_MISSING,True,
zalozhnik-lyubvi,TRULY_MISSING,True,
vlyubitsya-v-nego,TRULY_MISSING,True,
sluchaynyy-flirt,TRULY_MISSING,True,
prizhmi-menya-k-svoemu-serdcu,TRULY_MISSING,True,
pererozhdennaya-roza-ne-podvedet-ego,TRULY_MISSING,True,
sladkaya-zvezdochka-taynoy-lyubvi,TRULY_MISSING,True,
basketbolnaya-lihoradka,TRULY_MISSING,True,
ot-nenavisti-do-lyubvi,TRULY_MISSING,True,
moya-devushka,TRULY_MISSING,True,
orly-i-paren,TRULY_MISSING,True,
princessa-sheherezada,TRULY_MISSING,True,
geddi-li-sprashivaet-bas-gitaristy-tozhe-lyudi,TRULY_MISSING,True,
vecher-s-kevinom-smitom,TRULY_MISSING,True,
ya-chevi-cheyz-a-ty-net,TRULY_MISSING,True,
petuh,TRULY_MISSING,True,
maharshi,TRULY_MISSING,True,
voin-megamen-aksess,TRULY_MISSING,True,
vydayuschiesya-zveri-final-chast-2,TRULY_MISSING,True,
kitayskiy-folklor-2,TRULY_MISSING,True,
mat-mara,TRULY_MISSING,True,
tyazhkie-prestupleniya-ubiystvo-v-shtirii,TRULY_MISSING,True,
devushka-iz-niotkuda-perezagruzka,TRULY_MISSING,True,
moya-sudba,TRULY_MISSING,True,
pererozhdennaya,TRULY_MISSING,True,
propavshie-zhenschiny-alyaski,TRULY_MISSING,True,
mamino-ditya,TRULY_MISSING,True,
bandit-bin,TRULY_MISSING,True,
siyanie,TRULY_MISSING,True,
pylca,TRULY_MISSING,True,
byt-s-toboy,TRULY_MISSING,True,
glava-klana-naotora,TRULY_MISSING,True,
v-pogone-za-nefritom,TRULY_MISSING,True,
advokat-ligas,TRULY_MISSING,True,
boyfrend-po-zaprosu,TRULY_MISSING,True,
davay-vstryahnem-ih-abu-2,TRULY_MISSING,True,
baska,TRULY_MISSING,True,
shkola-u-morya-celovatsya-zaprescheno,TRULY_MISSING,True,
opasnoe-ubezhische,TRULY_MISSING,True,
bezvetrie,TRULY_MISSING,True,
kogda-nekogda-druzhit,TRULY_MISSING,True,
ty-ukral-moe-serdce,TRULY_MISSING,True,
chernaya-maska,TRULY_MISSING,True,
dinozavry,TRULY_MISSING,True,
razve-devushke-nelzya-byt-glavnoy,TRULY_MISSING,True,
sosedi,TRULY_MISSING,True,
propavshiy,TRULY_MISSING,True,
devon,TRULY_MISSING,True,
realnaya-lyubov,TRULY_MISSING,True,
osnovanie-goroda,TRULY_MISSING,True,
lyubov-posle-shkoly-2,TRULY_MISSING,True,
fanni,TRULY_MISSING,True,
saypan,TRULY_MISSING,True,
skitalec,TRULY_MISSING,True,
momenty-yunosti,TRULY_MISSING,True,
derevenskiy-ciryulnik,TRULY_MISSING,True,
mechty-nikogda-ne-zakanchivayutsya,TRULY_MISSING,True,
devushka-v-serezhkah,TRULY_MISSING,True,
sny-o-lvah,TRULY_MISSING,True,
nastuplenie-e-chenya,TRULY_MISSING,True,
devichiy-mir-2,TRULY_MISSING,True,
aprelskaya-zvezda,TRULY_MISSING,True,
legendarnyy-magnat,TRULY_MISSING,True,
ulica-demonov,TRULY_MISSING,True,
pohititeli-pod-prikrytiem,TRULY_MISSING,True,
chastnyy-detektiv-er-dzhey-deker,TRULY_MISSING,True,
brayan-dzhonson-zhizn-na-doroge,TRULY_MISSING,True,
ohota,TRULY_MISSING,True,
rozhdestvo-v-avguste,TRULY_MISSING,True,
perevernutaya-sudba,TRULY_MISSING,True,
pekinskaya-istoriya-lyubvi,TRULY_MISSING,True,
nichya-doch-he-von,TRULY_MISSING,True,
oslepitelnye-chasy-zhizni,TRULY_MISSING,True,
ispeki-svoyu-mechtu,TRULY_MISSING,True,
kurer-2,TRULY_MISSING,True,
ranma-1-2-muzykalnyy-konkurs,TRULY_MISSING,True,
ego-slabost,TRULY_MISSING,True,
dyavol-sredi-nas,TRULY_MISSING,True,
pozvolyaya-uyti-kak-son,TRULY_MISSING,True,
smertonosnaya-rusalka,TRULY_MISSING,True,
tigry,TRULY_MISSING,True,
bangkokskiy-prizrak,TRULY_MISSING,True,
posmotri-na-nebo-i-uvidish-oblaka,TRULY_MISSING,True,
chun-min-vey,TRULY_MISSING,True,
himavari-legenda-o-miyadzaki-2,TRULY_MISSING,True,
himavari-legenda-o-miyadzaki,TRULY_MISSING,True,
nespravedlivo-chto-yukari-kun-tak-ocharovatelen,TRULY_MISSING,True,
my-plohie-parikmahery,TRULY_MISSING,True,
molodoy-korol,TRULY_MISSING,True,
tonik,TRULY_MISSING,True,
govoryaschie-kosti,TRULY_MISSING,True,
prekrasnaya-molodost,TRULY_MISSING,True,
poceluy-sireny,TRULY_MISSING,True,
bolshoy-rebenok,TRULY_MISSING,True,
legenda-o-zhasmin,TRULY_MISSING,True,
chou-charisma-bon-odori,TRULY_MISSING,True,
charisma-sabira,TRULY_MISSING,True,
klyatva-v-tumane,TRULY_MISSING,True,
nezhnye-uzy,TRULY_MISSING,True,
velikolepnye-zhenschiny,TRULY_MISSING,True,
katastrofa-chernobyl,TRULY_MISSING,True,
superkosmicheskiy-sherif-gavan-beskonechnost,TRULY_MISSING,True,
hvatay-ne-glyadya,TRULY_MISSING,True,
polunochnaya-reznya-minni,TRULY_MISSING,True,
akula-odinochka,TRULY_MISSING,True,
ne-spotknis,TRULY_MISSING,True,
uinter-pole-bitvy,TRULY_MISSING,True,
ostrov-skinvokerov,TRULY_MISSING,True,
otvergnutaya,TRULY_MISSING,True,
robot-ubiyca,TRULY_MISSING,True,
anakonda-kolco-smerti,TRULY_MISSING,True,
moy-lyubimyy,TRULY_MISSING,True,
skvernye-dela,TRULY_MISSING,True,
bliznecy-drakony,TRULY_MISSING,True,
chernaya-pilyulya,TRULY_MISSING,True,
kak-odin,TRULY_MISSING,True,
yelloustoun-marshaly,TRULY_MISSING,True,
kurer-3,TRULY_MISSING,True,
hochu-seksa-sent-luis,TRULY_MISSING,True,
u-dverey-smerti,TRULY_MISSING,True,
semeynoe-rozhdestvo,TRULY_MISSING,True,
stanciya-duh-rozhdestva,TRULY_MISSING,True,
rozhdestvenskiy-bilet,TRULY_MISSING,True,
rozhdestvo-na-rancho,TRULY_MISSING,True,
rozhdestvo-s-dikkensom,TRULY_MISSING,True,
svadebnaya-vecherinka,TRULY_MISSING,True,
rozhdestvo-v-tancevalnom-zale,TRULY_MISSING,True,
prizemlennaya-lyubov,TRULY_MISSING,True,
temnyy-santa,TRULY_MISSING,True,
sladost-i-gadost,TRULY_MISSING,True,
k-hudshemu,TRULY_MISSING,True,
zapretnaya-lyubov-3,TRULY_MISSING,True,
prakticheskoe-rukovodstvo-po-lyubvi,TRULY_MISSING,True,
amerikanskaya-klassika,TRULY_MISSING,True,
twenty-one-pilots-bolshe-chem-my-kogda-libo-predstavlyali,TRULY_MISSING,True,
pryamikom-iz-kakena,TRULY_MISSING,True,
rozhdestvo-miloserdiya,TRULY_MISSING,True,
rozhdestvenskoe-tainstvo,TRULY_MISSING,True,
hostes,TRULY_MISSING,True,
luchshie-podrugi-navsegda,TRULY_MISSING,True,
dom,TRULY_MISSING,True,
vishnevoe-rozhdestvo,TRULY_MISSING,True,
krovososy,TRULY_MISSING,True,
ubiystva-na-beregu,TRULY_MISSING,True,
son-dlinoy-v-dvesti-let,TRULY_MISSING,True,
vosemdesyat-shest-chast-2-rekapy,TRULY_MISSING,True,
osomacu-san-film-3,TRULY_MISSING,True,
povinuysya-mne-specvypusk,TRULY_MISSING,True,
sin-tyan-skaz-o-mstitelnom-duhe-nindzya,TRULY_MISSING,True,
ty-moy-otvet,TRULY_MISSING,True,
vinovny,TRULY_MISSING,True,
kosmicheskaya-gonka-nacistov,TRULY_MISSING,True,
pod-svetom,TRULY_MISSING,True,
plohoy-paren-i-ya-2-perehvat,TRULY_MISSING,True,
chetverka-iz-ferfilda,TRULY_MISSING,True,
realnyy-blesk,TRULY_MISSING,True,
ubezhische-2,TRULY_MISSING,True,
dama-v-urne,TRULY_MISSING,True,
ya-tebya-bolshe-ne-lyublyu,TRULY_MISSING,True,
schastlivyy-konec,TRULY_MISSING,True,
shvedskiy-diplomat,TRULY_MISSING,True,
iskusstvennyy-intellekt,TRULY_MISSING,True,
igra-iz-dvuh-taymov,TRULY_MISSING,True,
muzhaysya,TRULY_MISSING,True,
ubiystva-v-osobnyake-s-chasami,TRULY_MISSING,True,
bigfut-s-fotolovushki,TRULY_MISSING,True,
moi-schastlivye-zvezdy,TRULY_MISSING,True,
ya-i-roboko-film,TRULY_MISSING,True,
zerkalnaya-zhizn-sovremennye-zombi,TRULY_MISSING,True,
bitva-na-ozere,TRULY_MISSING,True,
opasnaya-igra,TRULY_MISSING,True,
policeyskaya-istoriya,TRULY_MISSING,True,
mest-zhasmin,TRULY_MISSING,True,
stepen-riska,TRULY_MISSING,True,
pered-rassvetom,TRULY_MISSING,True,
beskonechno-skuchayu-po-tebe,TRULY_MISSING,True,
skvoz-steklo,TRULY_MISSING,True,
zateryannye-v-dzhunglyah,TRULY_MISSING,True,
zalozhniki-2,TRULY_MISSING,True,
lyubov-i-vino,TRULY_MISSING,True,
oderzhimaya-sosedka,TRULY_MISSING,True,
vyzhit,TRULY_MISSING,True,
perspektivnyy-sportsmen,TRULY_MISSING,True,
korolevskaya-rozhdestvenskaya-skazka,TRULY_MISSING,True,
rozhdestvenskiy-mikser,TRULY_MISSING,True,
podsolnuhi,TRULY_MISSING,True,
umru-s-toboy,TRULY_MISSING,True,
tayny-eynsli-makgregor-delo-chasovschika,TRULY_MISSING,True,
pritcha,TRULY_MISSING,True,
v-zapadne,TRULY_MISSING,True,
taynye-istorii-roslin,TRULY_MISSING,True,
puzo,TRULY_MISSING,True,
otpusti,TRULY_MISSING,True,
ischeznovenie,TRULY_MISSING,True,
stoit-podozhdat,TRULY_MISSING,True,
mest-dzaybacu-moey-byvshey-zhene-stavshey-zhenoy-moego-brata,TRULY_MISSING,True,
lozh-est-lozh-i-ostaetsya-lozhyu,TRULY_MISSING,True,
doktor-aist-2,TRULY_MISSING,True,
re-mest,TRULY_MISSING,True,
tango-svobody,TRULY_MISSING,True,
krov-i-mramor,TRULY_MISSING,True,
glubokaya-lyubov,TRULY_MISSING,True,
doktor-aist,TRULY_MISSING,True,
seryy-dom,TRULY_MISSING,True,
1000-funtovye-cestry,TRULY_MISSING,True,
cikada-2,TRULY_MISSING,True,
trener-vik,TRULY_MISSING,True,
onliklyks,TRULY_MISSING,True,
chetvero-bratev-yudzuki,TRULY_MISSING,True,
sireny-sekret-medalona,TRULY_MISSING,True,
za-dengi,TRULY_MISSING,True,
amerikanskiy-voin,TRULY_MISSING,True,
otpryski,TRULY_MISSING,True,
spryatano,TRULY_MISSING,True,
de-la-kruz,TRULY_MISSING,True,
poberezhe-horvatii-beskraynee-i-dikoe,TRULY_MISSING,True,
put-baki,TRULY_MISSING,True,
izgnanniki,TRULY_MISSING,True,
smertelnyy-pobeg,TRULY_MISSING,True,
pochti-angel,TRULY_MISSING,True,
lukizm,TRULY_MISSING,True,
rascvet,TRULY_MISSING,True,
sverhhischnik,TRULY_MISSING,True,
ditya-lyubvi,TRULY_MISSING,True,
sumasshedshiy,TRULY_MISSING,True,
spisok-zhelaniy,TRULY_MISSING,True,
tvoy-aromat,TRULY_MISSING,True,
semena-aloy-toski,TRULY_MISSING,True,
vyyti-zamuzh-za-evnuha,TRULY_MISSING,True,
sudba-nevezuchey-i-schastlivoy-zvezdy,TRULY_MISSING,True,
agent-terr,TRULY_MISSING,True,
razbitye-serdca,TRULY_MISSING,True,
krovavyy-saray,TRULY_MISSING,True,
fevral,TRULY_MISSING,True,
doroga-v-arkadiyu,TRULY_MISSING,True,
gotemskie-devchonki,TRULY_MISSING,True,
kuotermass-i-kolodec,TRULY_MISSING,True,
posledniy-geroy,TRULY_MISSING,True,
vampir-prokuror-2,TRULY_MISSING,True,
uzhasy-doma-uzhasov,TRULY_MISSING,True,
u-izgolovya-v-alom,TRULY_MISSING,True,
slishkom-yuny-dlya-lyubvi,TRULY_MISSING,True,
detektiv-konan-protiv-kayto-kida,TRULY_MISSING,True,
chastnye-uroki,TRULY_MISSING,True,
shest-dney-s-sistinoy,TRULY_MISSING,True,
barashek-karatist,TRULY_MISSING,True,
beschelovechnye-zverstva,TRULY_MISSING,True,
sosedi-sverhu,TRULY_MISSING,True,
igra-druzey-r4,TRULY_MISSING,True,
klass-paryaschiy-v-kosmose,TRULY_MISSING,True,
vodnaya-policiya-tokio,TRULY_MISSING,True,
oderzhimost-14,TRULY_MISSING,True,
ulovki,TRULY_MISSING,True,
akula-mumiya,TRULY_MISSING,True,
gorod-poroka,TRULY_MISSING,True,
miss-shampun,TRULY_MISSING,True,
lyubov-po-dogovoru,TRULY_MISSING,True,
bozhe-moy-devochka-moya,TRULY_MISSING,True,
da-zdravstvuet-lyubov,TRULY_MISSING,True,
plohie-devchonki,TRULY_MISSING,True,
zhenskaya-mest,TRULY_MISSING,True,
betonnyy-rynok,TRULY_MISSING,True,
biznes-geniy-pek,TRULY_MISSING,True,
segodnya-v-romanticheskom-kinoteatre,TRULY_MISSING,True,
znayut-tolko-oblaka,TRULY_MISSING,True,
biznes-geniy-pek-3,TRULY_MISSING,True,
ty-i-ya,TRULY_MISSING,True,
borba-s-moshennichestvom,TRULY_MISSING,True,
pyanyy-master-2,TRULY_MISSING,True,
serdechnyy-pristup,TRULY_MISSING,True,
vtoroe-izdanie,TRULY_MISSING,True,
gromoboy,TRULY_MISSING,True,
muza,TRULY_MISSING,True,
nashe-vremya-pridet-2,TRULY_MISSING,True,
gryaznye-delishki,TRULY_MISSING,True,
leto-bez-dozhdya,TRULY_MISSING,True,
spasitel-dushi,TRULY_MISSING,True,
cru,TRULY_MISSING,True,
plachuschiy-ubiyca,TRULY_MISSING,True,
igra-smerti-2,TRULY_MISSING,True,
my-i-my-sami,TRULY_MISSING,True,
siyanie-zvezdy,TRULY_MISSING,True,
krasnaya-zhemchuzhina-2,TRULY_MISSING,True,
nezvanyy-gost,TRULY_MISSING,True,
kulak-legendy,TRULY_MISSING,True,
vysshee-obschestvo,TRULY_MISSING,True,
nepokolebimyy,TRULY_MISSING,True,
nepropechennyy-sovershennyy-kayf,TRULY_MISSING,True,
na-glubine,TRULY_MISSING,True,
gorod-gechzhi,TRULY_MISSING,True,
nikakih-sekretov,TRULY_MISSING,True,
molodye-i-goryachie,TRULY_MISSING,True,
nindzya-i-kot,TRULY_MISSING,True,
zakat-nad-rekoy,TRULY_MISSING,True,
ona-nauchila-menya-videt-chudesa,TRULY_MISSING,True,
on-myagche-puli,TRULY_MISSING,True,
mificheskie-zveri-5,TRULY_MISSING,True,
ih-prestuplenie,TRULY_MISSING,True,
korol-bilyarda-na-dostavke,TRULY_MISSING,True,
pavana,TRULY_MISSING,True,
selena-s-povarami,TRULY_MISSING,True,
eliksir-molodosti,TRULY_MISSING,True,
velikaya-arka,TRULY_MISSING,True,
serdca-pandory-specvypuski,TRULY_MISSING,True,
uroki-sovremennogo-iskusstva-ova,TRULY_MISSING,True,
ledi,TRULY_MISSING,True,
saharnaya-glazur,TRULY_MISSING,True,
iz-pokoleniya-v-pokolenie,TRULY_MISSING,True,
lyubov-v-epohu-nevinnosti,TRULY_MISSING,True,
geroi-pustyni,TRULY_MISSING,True,
epic-elvis-presli-na-koncerte,TRULY_MISSING,True,
povelitel-tayn-pashalki,TRULY_MISSING,True,
legenda-o-letyaschem-klinke,TRULY_MISSING,True,
nashi-oslepitelnye-dni,TRULY_MISSING,True,
deris-kak-devchonka,TRULY_MISSING,True,
lesnoy-pozhar,TRULY_MISSING,True,
kanikuly-v-seredine-zimy,TRULY_MISSING,True,
ovcharka,TRULY_MISSING,True,
odna-milya-glava-vtoraya,TRULY_MISSING,True,
odna-milya-glava-pervaya,TRULY_MISSING,True,
pesnya-rayancuri,TRULY_MISSING,True,
tvoe-luchshee-vremya,TRULY_MISSING,True,
iz-pepla-yama,TRULY_MISSING,True,
gorech-sladosti,TRULY_MISSING,True,
okolo-togo,TRULY_MISSING,True,
chernaya-magiya,TRULY_MISSING,True,
vossoedinenie,TRULY_MISSING,True,
rokovaya-intrizhka,TRULY_MISSING,True,
zhizn-gangstera,TRULY_MISSING,True,
nandauri,TRULY_MISSING,True,
dikie-devushki,TRULY_MISSING,True,
osvobozhdennyy-unichtozhitel,TRULY_MISSING,True,
mechta-chan-gym,TRULY_MISSING,True,
mama-ya-nevinoven,TRULY_MISSING,True,
horoshenkoe-lekarstvo-ty-i-idol-film,TRULY_MISSING,True,
udarit-kulakom-po-miru,TRULY_MISSING,True,
neozhidannye,TRULY_MISSING,True,
kofe-i-vanil,TRULY_MISSING,True,
idealnyy-muzh-v-otrazhenii,TRULY_MISSING,True,
portobello,TRULY_MISSING,True,
zakon-stripa,TRULY_MISSING,True,
kak-ten,TRULY_MISSING,True,
proekt-gerbert,TRULY_MISSING,True,
goblin-2,TRULY_MISSING,True,
svyaschennaya-mest-3,TRULY_MISSING,True,
bankstery,TRULY_MISSING,True,
krasnaya-tropa,TRULY_MISSING,True,
drakula-v-kosmose,TRULY_MISSING,True,
devochki-i-malchiki,TRULY_MISSING,True,
padenie-gerkulesa,TRULY_MISSING,True,
temnyy-dvoreckiy-2-specvypuski,TRULY_MISSING,True,
smertelnaya-dostavka,TRULY_MISSING,True,
lyubov-v-teorii,TRULY_MISSING,True,
v-voskresene-dazhe-bog-otdyhaet-vospominaniya,TRULY_MISSING,True,
blekaut,TRULY_MISSING,True,
chernaya-magiya-vudu,TRULY_MISSING,True,
krovososy-i-grimuar,TRULY_MISSING,True,
decibel,TRULY_MISSING,True,
krasavchik-dyavol-ocharovatelnyy-ubiyca,TRULY_MISSING,True,
beskonechnaya-lyubov-2,TRULY_MISSING,True,
ukrast-na-odnu-noch,TRULY_MISSING,True,
zov-volka,TRULY_MISSING,True,
kinoproba,TRULY_MISSING,True,
ya-poka-tebya-ne-lyublyu,TRULY_MISSING,True,
silnyy-veter,TRULY_MISSING,True,
skazanie-o-yunosti,TRULY_MISSING,True,
halo-4-iduschiy-k-rassvetu,TRULY_MISSING,True,
golova-zmeya,TRULY_MISSING,True,
proverka-na-praktike-top-model-po-amerikanski-vzglyad-iznutri,TRULY_MISSING,True,
slushatel,TRULY_MISSING,True,
golos-serdca,TRULY_MISSING,True,
devushka-s-zhelaniyami-i-paren-s-gruzom-problem,TRULY_MISSING,True,
ee-siyanie,TRULY_MISSING,True,
sekiey-kotoryy-risuet-demonov,TRULY_MISSING,True,
ne-saharnye,TRULY_MISSING,True,
fobiya-lyubvi,TRULY_MISSING,True,
eto-chto-himiya,TRULY_MISSING,True,
budet-li-eta-lyubov-porazheniem,TRULY_MISSING,True,
voronka-dlya-dvoih,TRULY_MISSING,True,
vesna-moey-zhizni,TRULY_MISSING,True,
poslednyaya-nastoyaschaya-zhenschina,TRULY_MISSING,True,
esli-by-ya-byl-toboy,TRULY_MISSING,True,
zima-vse-skroet,TRULY_MISSING,True,
urodlivaya-krasota,TRULY_MISSING,True,
iskusstvo-voyny,TRULY_MISSING,True,
ognennye-bratya,TRULY_MISSING,True,
to-chto-nazyvaetsya-lyubovyu,TRULY_MISSING,True,
v-kafe-6,TRULY_MISSING,True,
galakticheskiy-angel-z,TRULY_MISSING,True,
sekrety-universiteta,TRULY_MISSING,True,
nesereznyy-geroy,TRULY_MISSING,True,
fobiya-lyubvi-2,TRULY_MISSING,True,
9-y-uchastok,TRULY_MISSING,True,
malenkaya-pesnya-o-lyubvi,TRULY_MISSING,True,
nash-mister-shankara-vara-prasad,TRULY_MISSING,True,
posledniy-ostavshiysya,TRULY_MISSING,True,
perezagruzka,TRULY_MISSING,True,
lyublyu-tebya-takoy-kakaya-ty-est,TRULY_MISSING,True,
poleznyy-prizrak,TRULY_MISSING,True,
razborka-v-bronkse,TRULY_MISSING,True,
yarkaya-devchonka,TRULY_MISSING,True,
golubye-nebesa,TRULY_MISSING,True,
tainstvennyy-sad-2,TRULY_MISSING,True,
falshivaya-izmena,TRULY_MISSING,True,
ona-v-zvezdnoy-reke,TRULY_MISSING,True,
blin-my-s-podrugoy-popali-v-knigu-i-zamuchili-zlodeev,TRULY_MISSING,True,
beremennost-ne-skryt-kak-ya-stala-lyubimicey-holodnogo-princa,TRULY_MISSING,True,
porhanie-babochki-komanda-po-analizu-ubiystv,TRULY_MISSING,True,
naslazhdaysya,TRULY_MISSING,True,
56-dney,TRULY_MISSING,True,
posledniy-imperator,TRULY_MISSING,True,
liga-po-borbe-s-moshennichestvom,TRULY_MISSING,True,
umirayuschiy-glaz,TRULY_MISSING,True,
krasivaya-lozh,TRULY_MISSING,True,
4-minuty-barhatcev,TRULY_MISSING,True,
novogodniy-alyans-novogodnie-skachki,TRULY_MISSING,True,
devyat-kilometrov-lyubvi,TRULY_MISSING,True,
moy-doktor,TRULY_MISSING,True,
moy-lyubimyy-s-drugoy-zvezdy,TRULY_MISSING,True,
rycar-i-razboynik-sladkaya-bezdna,TRULY_MISSING,True,
rycar-i-razboynik-myatezhnoe-serdce,TRULY_MISSING,True,
nedostayuschaya-polovina,TRULY_MISSING,True,
rechnye-zavodi,TRULY_MISSING,True,
v-poiskah-krasoty-s-devidom-genri,TRULY_MISSING,True,
akty-lyubvi,TRULY_MISSING,True,
magellan,TRULY_MISSING,True,
lunnoe-prorochestvo,TRULY_MISSING,True,
ubiystvo-na-udachu,TRULY_MISSING,True,
ad-dlya-odinochek-vossoedinenie,TRULY_MISSING,True,
zhena-magnata-navlekaet-bedu,TRULY_MISSING,True,
noch-tronuvshaya-serdce,TRULY_MISSING,True,
leto-prednaznachennoe-nam,TRULY_MISSING,True,
naivnyy-lider,TRULY_MISSING,True,
igra-v-ohotu,TRULY_MISSING,True,
igra-chernoe-zoloto,TRULY_MISSING,True,
zov-ada-2,TRULY_MISSING,True,
bud-schastlivoy,TRULY_MISSING,True,
zhizn-belogo-lisa,TRULY_MISSING,True,
bezumnaya-mstitelnica,TRULY_MISSING,True,
nebesnyy-kolos-princessy-sakuny-dnevnik-risovodstva-kokorovy,TRULY_MISSING,True,
shest-devyat,TRULY_MISSING,True,
odnazhdy-mne-prishlo-pismo-iz-strany-sobak,TRULY_MISSING,True,
spasenie-veduschee-k-gibeli,TRULY_MISSING,True,
shiri,TRULY_MISSING,True,
voin-megamen,TRULY_MISSING,True,
semya-zaschitnikov-zemli,TRULY_MISSING,True,
ya-zdes-i-zhdu-tebya,TRULY_MISSING,True,
mama-vpered,TRULY_MISSING,True,
amar-vishvas,TRULY_MISSING,True,
maks-ferstappen-novyy-put,TRULY_MISSING,True,
vavilonskaya-bashnya,TRULY_MISSING,True,
krasota-ne-dolzhna-obmanut-ozhidaniya,TRULY_MISSING,True,
pyanyy-master,TRULY_MISSING,True,
dnevnoy-zvezdopad-2,TRULY_MISSING,True,
severus-snegg-i-marodery,TRULY_MISSING,True,
muzey-nevinnosti,TRULY_MISSING,True,
princessa-koshka,TRULY_MISSING,True,
krampus-drevnee-zlo,TRULY_MISSING,True,
pustynya-namibii,TRULY_MISSING,True,
skoryy-brak,TRULY_MISSING,True,
zakusochnaya-na-kolesah,TRULY_MISSING,True,
ty-tot-kogo-ya-lyublyu,TRULY_MISSING,True,
vernost,TRULY_MISSING,True,
dot-konner-veb-detektiv,TRULY_MISSING,True,
izgoy-2,TRULY_MISSING,True,
melnica,TRULY_MISSING,True,
iskusstvo-sary,TRULY_MISSING,True,
dengi-moya-lyubov,TRULY_MISSING,True,
vlyubis-i-vyzhivi-2,TRULY_MISSING,True,
vlyubis-i-vyzhivi,TRULY_MISSING,True,
korabl-schastlivchik,TRULY_MISSING,True,
nu-spasibo,TRULY_MISSING,True,
voleyu-sudby,TRULY_MISSING,True,
ya-zdes-i-zhdu-tebya-2,TRULY_MISSING,True,
kazhdyy-znaet-huana,TRULY_MISSING,True,
dzhimpa,TRULY_MISSING,True,
gorodskie-legendy-begu-dzhuma,TRULY_MISSING,True,
ischeznuvshaya-devushka,TRULY_MISSING,True,
tysyacha-ottenkov-purnamy,TRULY_MISSING,True,
bednye-my,TRULY_MISSING,True,
proekt-solenoe-ozero,TRULY_MISSING,True,
moy-put,TRULY_MISSING,True,
kursanty-polunochnye-beglecy,TRULY_MISSING,True,
istoriya-lyubvi,TRULY_MISSING,True,
besstrashnyy,TRULY_MISSING,True,
loshadi-i-palachi,TRULY_MISSING,True,
byvshaya-lyubov,TRULY_MISSING,True,
ukrotit-stroptivogo-2,TRULY_MISSING,True,
daruya-tebe-schaste,TRULY_MISSING,True,
detektiv-s-millionom-podpischikov,TRULY_MISSING,True,
zavtra,TRULY_MISSING,True,
obidy-iz-proshlogo,TRULY_MISSING,True,
neizvedannye-tayny-parka-carstvo-tmy,TRULY_MISSING,True,
vozlyublennaya-sherifa,TRULY_MISSING,True,
zhelanie-2,TRULY_MISSING,True,
brilliantovyy-lyubovnik,TRULY_MISSING,True,
telohranitel-dlya-shkolnoy-krasavicy,TRULY_MISSING,True,
drakon-devyati-nebes,TRULY_MISSING,True,
poslednyaya-poezdka-domoy,TRULY_MISSING,True,
moya-podruga-eva,TRULY_MISSING,True,
vinnyy-zagovor,TRULY_MISSING,True,
dazhe-esli-eta-lyubov-ischeznet-segodnya-nochyu,TRULY_MISSING,True,
odin-i-dva,TRULY_MISSING,True,
sekret,TRULY_MISSING,True,
vernuvshiysya-iz-mertvyh,TRULY_MISSING,True,
ya-ne-naslednik,TRULY_MISSING,True,
vse-horosho,TRULY_MISSING,True,
flona-na-chudesnom-ostrove,TRULY_MISSING,True,
zavtra-budet-luchshe,TRULY_MISSING,True,
mastera-dueley-propavshie-solnce-zabveniya,TRULY_MISSING,True,
bezmolvnoe-rasstavanie,TRULY_MISSING,True,
malenkaya-princessa-sara,TRULY_MISSING,True,
ubezhische-3,TRULY_MISSING,True,
legenda-o-zorro,TRULY_MISSING,True,
konspirator,TRULY_MISSING,True,
luchshiy-pekar-britanii,TRULY_MISSING,True,
chetvero,TRULY_MISSING,True,
svincovye-deti,TRULY_MISSING,True,
sem-legend,TRULY_MISSING,True,
obyatiya-pered-rassvetom,TRULY_MISSING,True,
sissi-molodaya-imperatrica,TRULY_MISSING,True,
dar,TRULY_MISSING,True,
v-pogone-za-ee-myslyami,TRULY_MISSING,True,
geniy-lyubvi,TRULY_MISSING,True,
pauer-pleyers,TRULY_MISSING,True,
lyublyu-baristu,TRULY_MISSING,True,
dolgiy-put-k-domu,TRULY_MISSING,True,
poterya-kontrolya-v-temnuyu-noch,TRULY_MISSING,True,
vlast-podmennoy-nevesty,TRULY_MISSING,True,
daruyu-tebe-vechnuyu-zhizn,TRULY_MISSING,True,
ego-trudno-priruchit,TRULY_MISSING,True,
plenennye-soblaznom,TRULY_MISSING,True,
rozmid,TRULY_MISSING,True,
megamen-polnyy-zaryad,TRULY_MISSING,True,
pod-odnim-dozhdem,TRULY_MISSING,True,
vrachi-2,TRULY_MISSING,True,
smuta-v-chanane,TRULY_MISSING,True,
sovsem-malo-vremeni,TRULY_MISSING,True,
moya-glavnaya-geroinya,TRULY_MISSING,True,
bronirovannoe-priklyuchenie-5,TRULY_MISSING,True,
bronirovannoe-priklyuchenie-4,TRULY_MISSING,True,
bronirovannoe-priklyuchenie-3,TRULY_MISSING,True,
bronirovannoe-priklyuchenie-2,TRULY_MISSING,True,
bronirovannoe-priklyuchenie,TRULY_MISSING,True,
burya-strasti,TRULY_MISSING,True,
ozornoy-poceluy-tayskaya-versiya,TRULY_MISSING,True,
hubilay-han,TRULY_MISSING,True,
nebesa,TRULY_MISSING,True,
mappet-shou,TRULY_MISSING,True,
shkola-madzisuka,TRULY_MISSING,True,
absolyutnyy-nol,TRULY_MISSING,True,
gornichnaya-s-navorotami,TRULY_MISSING,True,
detektiv-tan-lan,TRULY_MISSING,True,
smert-nevesty-delo-v-shtinace,TRULY_MISSING,True,
semeynye-uzy,TRULY_MISSING,True,
slezy-kupidona,TRULY_MISSING,True,
serdce-akkani,TRULY_MISSING,True,
klon,TRULY_MISSING,True,
yaponskiy-kotorogo-ne-znayut-yaponcy,TRULY_MISSING,True,
posmotrim-snova-na-meteoritnyy-dozhd,TRULY_MISSING,True,
legenda-o-yan-guyfey,TRULY_MISSING,True,
malenkie-proroki,TRULY_MISSING,True,
striming,TRULY_MISSING,True,
eto-vam-ne-treshovaya-igra,TRULY_MISSING,True,
potancuem,TRULY_MISSING,True,
semeynye-uzy-2,TRULY_MISSING,True,
dushevnoe-priklyuchenie,TRULY_MISSING,True,
toriko-tur-dzhampa-2009,TRULY_MISSING,True,
predatelstvo,TRULY_MISSING,True,
predmeste,TRULY_MISSING,True,
povelitel-muh,TRULY_MISSING,True,
ohotniki-na-monstrov,TRULY_MISSING,True,
lunnyy-chelovek,TRULY_MISSING,True,
sin-tyan-razborka-otvetnyy-udar-robopapy,TRULY_MISSING,True,
vy-esche-ne-znaete-gummy-reyva,TRULY_MISSING,True,
malyshka-maruko,TRULY_MISSING,True,
kvest-deltory,TRULY_MISSING,True,
skitalcy,TRULY_MISSING,True,
vlyubitsya-snova-2,TRULY_MISSING,True,
mirotvorcy,TRULY_MISSING,True,
lyubimica-uchitelya,TRULY_MISSING,True,
sobachiy-signal,TRULY_MISSING,True,
fabian-i-ubiystvennaya-svadba,TRULY_MISSING,True,
vospominaniya-pingvina-istoriya-schastya,TRULY_MISSING,True,
master-kulinarii,TRULY_MISSING,True,
digimon-dyavolomon-nanosit-otvetnyy-udar,TRULY_MISSING,True,
shkola-vverh-dnom,TRULY_MISSING,True,
princessy-bliznecy-s-tainstvennoy-planety,TRULY_MISSING,True,
sokrytaya-istina,TRULY_MISSING,True,
virtuoznyy-fehtovalschik,TRULY_MISSING,True,
adskiy-universitet,TRULY_MISSING,True,
son-v-krasnom-tereme-2,TRULY_MISSING,True,
kakoy-skandal,TRULY_MISSING,True,
salvador,TRULY_MISSING,True,
goryachaya-devchonka,TRULY_MISSING,True,
schaste-predresheno,TRULY_MISSING,True,
ubiyca-seguna,TRULY_MISSING,True,
hirurgi,TRULY_MISSING,True,
iskusstvo-lzhi,TRULY_MISSING,True,
spuki-volk,TRULY_MISSING,True,
moy-malenkiy-poni-devochki-iz-ekvestrii-vyberi-svoyu-koncovku,TRULY_MISSING,True,
tayny-dvorca-tan-izumrudnyy-veter,TRULY_MISSING,True,
beskonechnyy-cikl-lyubvi,TRULY_MISSING,True,
priklyucheniya-alfreda-kvaka,TRULY_MISSING,True,
polkovodec-daymos,TRULY_MISSING,True,
istorii-dalekogo-prigoroda,TRULY_MISSING,True,
radost-ne-obmanet-rassvet,TRULY_MISSING,True,
plamya-na-svetu,TRULY_MISSING,True,
v-plenu-lyubvi-gospodina-fu,TRULY_MISSING,True,
eho-dnya-i-nochi,TRULY_MISSING,True,
ispolzuy-menya-kak-primanku,TRULY_MISSING,True,
koronovana-ego-lyubovyu,TRULY_MISSING,True,
plastikovyy-geniy,TRULY_MISSING,True,
dikaya-nezhnost,TRULY_MISSING,True,
stolica-pendzhaba,TRULY_MISSING,True,
devushka-poslannaya-nebesami,TRULY_MISSING,True,
nevidimoe,TRULY_MISSING,True,
arabskie-nochi-priklyucheniya-sindbada,TRULY_MISSING,True,
skiny,TRULY_MISSING,True,
kakimi-my-byli,TRULY_MISSING,True,
malenkiy-assasin-van-fu,TRULY_MISSING,True,
kikudzhiro,TRULY_MISSING,True,
tayny-troecarstviya,TRULY_MISSING,True,
korolevy-grabezha,TRULY_MISSING,True,
darvin-i-nyuts,TRULY_MISSING,True,
istoriya-imadzhiniringa,TRULY_MISSING,True,
eti-svyaschennye-obety,TRULY_MISSING,True,
vosmidesyatye,TRULY_MISSING,True,
katastrofa,TRULY_MISSING,True,
ya-podaryu-tebe-vselennuyu,TRULY_MISSING,True,
lyubovnoe-zele,TRULY_MISSING,True,
esperansa,TRULY_MISSING,True,
doroga-domoy,TRULY_MISSING,True,
motylki,TRULY_MISSING,True,
payk-river,TRULY_MISSING,True,
klika,TRULY_MISSING,True,
noch-cveta-klubniki-saga,TRULY_MISSING,True,
besstrashnyy-6,TRULY_MISSING,True,
snovidenie-v-hua-syuy,TRULY_MISSING,True,
bit-eks,TRULY_MISSING,True,
cvetok-smerti,TRULY_MISSING,True,
samye-interesnye-momenty-istorii,TRULY_MISSING,True,
kroshka-memol,TRULY_MISSING,True,
cvety-ukazhut-vernyy-put,TRULY_MISSING,True,
velikiy-nebesnyy-drakon-gayking-2005,TRULY_MISSING,True,
igraya-rol-starshey-sestry,TRULY_MISSING,True,
cvet-nochi-2,TRULY_MISSING,True,
mama,TRULY_MISSING,True,
malenkie-zhenschiny-2,TRULY_MISSING,True,
vosmidesyatye-2,TRULY_MISSING,True,
posle-dozhdya,TRULY_MISSING,True,
legenda-o-drevnem-meche-2,TRULY_MISSING,True,
patriot,TRULY_MISSING,True,
legenda-o-drevnem-meche,TRULY_MISSING,True,
kogda-sudba-igraet-v-svahu,TRULY_MISSING,True,
mest-s-togo-sveta,TRULY_MISSING,True,
lyublyu-tolko-tebya,TRULY_MISSING,True,
poddatsya-iskusheniyu,TRULY_MISSING,True,
otobrat-zhenu,TRULY_MISSING,True,
esli-by-nebo-lyubilo,TRULY_MISSING,True,
perezagruzka-2,TRULY_MISSING,True,
raskushu-tebya-za-tri-sekundy,TRULY_MISSING,True,
gospodin-zhun-vasha-lyubov-ne-znaet-granic,TRULY_MISSING,True,
kogda-prihodit-lyubov,TRULY_MISSING,True,
veter-ostavlyaet-sledy,TRULY_MISSING,True,
imperatory-i-ya,TRULY_MISSING,True,
legenda-o-fenikse,TRULY_MISSING,True,
byuro-transformerov,TRULY_MISSING,True,
drugaya-ya,TRULY_MISSING,True,
lunnyy-svet-v-obyatiyah-lodki,TRULY_MISSING,True,
takie-kak-otec-i-syn,TRULY_MISSING,True,
v-pogone-skvoz-vremya,TRULY_MISSING,True,
zvezda-po-sosedstvu,TRULY_MISSING,True,
matori-i-bezumnye-psy,TRULY_MISSING,True,
pozhaluysta-pozabottes-o-moem-holodilnike-2,TRULY_MISSING,True,
deshevye-othody,TRULY_MISSING,True,
godzilla-protiv-megagirusa-komanda-na-unichtozhenie,TRULY_MISSING,True,
poema-o-chzhao-li,TRULY_MISSING,True,
tanec-vetra,TRULY_MISSING,True,
ballada-o-syuzann-sezer,TRULY_MISSING,True,
proklyatie-2-4,TRULY_MISSING,True,
opasnoe-soblaznenie,TRULY_MISSING,True,
zvonok-0-rozhdenie,TRULY_MISSING,True,
horoshenkoe-lekarstvo-zvezdnyy-detektiv,TRULY_MISSING,True,
obyknovennoe-chudo,TRULY_MISSING,True,
pora-sozrevaniya-pshenicy,TRULY_MISSING,True,
lyubov-po-kontraktu,TRULY_MISSING,True,
s-ney-kak-v-kletke,TRULY_MISSING,True,
chest,TRULY_MISSING,True,
dyhanie-sudby,TRULY_MISSING,True,
vesna-v-pekine,TRULY_MISSING,True,
nezhnaya-noch,TRULY_MISSING,True,
glupaya-lyubov,TRULY_MISSING,True,
mstitel-3,TRULY_MISSING,True,
tihiy-don-pobochnaya-istoriya-o-yakudza,TRULY_MISSING,True,
k-boyu-gotovy,TRULY_MISSING,True,
zhivym-ili-mertvym-2,TRULY_MISSING,True,
vremya-govorit-pravdu,TRULY_MISSING,True,
temnoe-udovolstvie,TRULY_MISSING,True,
proklyatie,TRULY_MISSING,True,
prodvinutaya-evolyuciya,TRULY_MISSING,True,
navsegda-moy-santa,TRULY_MISSING,True,
bez-truda-ne-vytaschish-rybku-iz-pruda,TRULY_MISSING,True,
prodazhi,TRULY_MISSING,True,
ten-velikoy-min-trista-vernyh-dush,TRULY_MISSING,True,
ya-propishu-tebe-lyubov,TRULY_MISSING,True,
ischeznuvshiy,TRULY_MISSING,True,
sobachiy-park,TRULY_MISSING,True,
revolyuciya-puzyrkov,TRULY_MISSING,True,
horoshenkoe-lekarstvo-zvezdnyy-vsplesk,TRULY_MISSING,True,
lyubov-po-golosu,TRULY_MISSING,True,
drevo-zhizni,TRULY_MISSING,True,
garo-vostochnaya-bashnya-mira,TRULY_MISSING,True,
skazki-za-granyu,TRULY_MISSING,True,
malenkie-spasateli-3,TRULY_MISSING,True,
istoriya-perrin,TRULY_MISSING,True,
pohititel-kozhi,TRULY_MISSING,True,
kniga-dzhungley-maugli,TRULY_MISSING,True,
bessonnica,TRULY_MISSING,True,
vsemoguschiy-master,TRULY_MISSING,True,
terrorist,TRULY_MISSING,True,
protivostoyanie-2,TRULY_MISSING,True,
strannaya-istoriya-pogloscheniya,TRULY_MISSING,True,
pod-solonchakom,TRULY_MISSING,True,
ostorozhnee-lu-chzhi-lin,TRULY_MISSING,True,
ostrov-2,TRULY_MISSING,True,
holodnaya-gavan,TRULY_MISSING,True,
boloto,TRULY_MISSING,True,
signal-2,TRULY_MISSING,True,
prelest-blistatelnyy-gendzi-2,TRULY_MISSING,True,
prelest-blistatelnyy-gendzi,TRULY_MISSING,True,
mikan-oranzhevyy-kot,TRULY_MISSING,True,
energeticheskaya-bomba-gambaruger,TRULY_MISSING,True,
nesokrushimyy-raydzin-o,TRULY_MISSING,True,
velikiy-godzauler,TRULY_MISSING,True,
oderzhimost-3,TRULY_MISSING,True,
v-pekine-vse-spokoyno,TRULY_MISSING,True,
ischeznovenie-3,TRULY_MISSING,True,
bogi-i-duhi-nebozhiteli-tozhe-lyubyat-pokushat,TRULY_MISSING,True,
vina,TRULY_MISSING,True,
tupik-2,TRULY_MISSING,True,
ohotnik-2,TRULY_MISSING,True,
basketbol-kuroko-specvypuski,TRULY_MISSING,True,
oderzhimost-4,TRULY_MISSING,True,
zhizn,TRULY_MISSING,True,
chistaya-krov,TRULY_MISSING,True,
chasy-dyavola,TRULY_MISSING,True,
eto-tayna,TRULY_MISSING,True,
blagopriyatnyy-den,TRULY_MISSING,True,
vechnaya-sakura,TRULY_MISSING,True,
strateg-kanbei,TRULY_MISSING,True,
mesto-pod-solncem,TRULY_MISSING,True,
vinovnyy,TRULY_MISSING,True,
kak-priruchit-svoego-ubiycu,TRULY_MISSING,True,
bishunmo-letyaschiy-voin,TRULY_MISSING,True,
pod-zemley,TRULY_MISSING,True,
sluchaynyy-shpion,TRULY_MISSING,True,
didzhey-ahmet,TRULY_MISSING,True,
obschestvo,TRULY_MISSING,True,
za-kulisami-ochen-strannyh-del,TRULY_MISSING,True,
ninku,TRULY_MISSING,True,
dikie-zoydy,TRULY_MISSING,True,
ugol,TRULY_MISSING,True,
labirint-3,TRULY_MISSING,True,
zoydy-novogo-veka-genezis,TRULY_MISSING,True,
kontakty,TRULY_MISSING,True,
dela-dela,TRULY_MISSING,True,
puteshestvie-na-zapad,TRULY_MISSING,True,
semeynaya-igra,TRULY_MISSING,True,
samaya-luchshaya-lyubov,TRULY_MISSING,True,
zoydy,TRULY_MISSING,True,
slushay,TRULY_MISSING,True,
hudozhnik,TRULY_MISSING,True,
kak-proigrat-konkurs-populyarnosti,TRULY_MISSING,True,
poceluy-shelkovicy,TRULY_MISSING,True,
iskusstvo-pritvorstva,TRULY_MISSING,True,
yuzhnyy-veter-ne-vedaet-o-vozraste,TRULY_MISSING,True,
pobeditel-poluchaet-vse,TRULY_MISSING,True,
fragmenty-nas,TRULY_MISSING,True,
sluchaynaya-lyubov,TRULY_MISSING,True,
lyubovnik-posle-svadby,TRULY_MISSING,True,
pylayuschaya-strast,TRULY_MISSING,True,
zapretnoe-pristrastie,TRULY_MISSING,True,
kak-mozhno-sravnitsya-s-ney-v-ocharovanii,TRULY_MISSING,True,
tumannaya-igra-zhizni,TRULY_MISSING,True,
vlast-nad-nim,TRULY_MISSING,True,
ulovki-moey-zheny-slishkom-izoschrennye,TRULY_MISSING,True,
snachala-pozhenilis-potom-vlyubilis,TRULY_MISSING,True,
idealnaya-posadka-lyubvi,TRULY_MISSING,True,
v-plenu-snov,TRULY_MISSING,True,
kontrakt-na-serdce,TRULY_MISSING,True,
pod-pokrovom-nochi-2,TRULY_MISSING,True,
svecha-v-grobnice-avantyura-v-mue,TRULY_MISSING,True,
segodnya-rabota-a-zavtra-romantika,TRULY_MISSING,True,
semidnevnyy-roman-2,TRULY_MISSING,True,
krov-yunosti-poiski-otvazhnyh-serdec,TRULY_MISSING,True,
vlyubitsya-v-tebya-v-1995,TRULY_MISSING,True,
odin-iz-otvergnutyh-izgoy-6,TRULY_MISSING,True,
ivik-fon-zalca-malenkiy-drovosek,TRULY_MISSING,True,
sindrom-k,TRULY_MISSING,True,
shkola-svidaniy,TRULY_MISSING,True,
korolevskaya-bitva,TRULY_MISSING,True,
chudo-chelovek,TRULY_MISSING,True,
kraduschiysya-tigr-zataivshiysya-drakon,TRULY_MISSING,True,
rastuschee-otklonenie,TRULY_MISSING,True,
princessa-skvoz-vremya,TRULY_MISSING,True,
tayna-doma-karavek,TRULY_MISSING,True,
moya-bezumnaya-favoritka,TRULY_MISSING,True,
v-obyatiyah-lyubvi,TRULY_MISSING,True,
eta-lyubov-oshibka-iskuplenie-izmeny,TRULY_MISSING,True,
lyubovnoe-pismo-togo-goda,TRULY_MISSING,True,
strannaya-princessa,TRULY_MISSING,True,
tri-grani-pokornosti,TRULY_MISSING,True,
gospoda-ya-k-vashim-uslugam,TRULY_MISSING,True,
proschay-mister-syao,TRULY_MISSING,True,
mister-huo-tak-prekrasen,TRULY_MISSING,True,
slomit-ego,TRULY_MISSING,True,
ty-moya,TRULY_MISSING,True,
lyubov-kak-iskushenie,TRULY_MISSING,True,
lyubov-poteri-i-lozh,TRULY_MISSING,True,
spiral,TRULY_MISSING,True,
kakoy-skandal-2,TRULY_MISSING,True,
hroniki-kartochnyh-bitv-bitva-vseh-zvezd,TRULY_MISSING,True,
belyy-lunnyy-svet,TRULY_MISSING,True,
iskrennyaya-predannost,TRULY_MISSING,True,
derevenskaya-zhena-gospodina-syao,TRULY_MISSING,True,
ty-spish-s-lunoy,TRULY_MISSING,True,
neumelyy-flirt,TRULY_MISSING,True,
cvetuschiy-lotos,TRULY_MISSING,True,
pesnya-feniksa,TRULY_MISSING,True,
papskiy-gorodok,TRULY_MISSING,True,
priklyucheniya-digimonov-priznanie,TRULY_MISSING,True,
priklyucheniya-digimonov-poterya,TRULY_MISSING,True,
velikolepie-dinastii-tan,TRULY_MISSING,True,
priklyucheniya-digimonov-soyuz,TRULY_MISSING,True,
priklyucheniya-digimonov-nashe-buduschee,TRULY_MISSING,True,
ty-dopolnyaesh-menya,TRULY_MISSING,True,
nepravilnaya-lyubov,TRULY_MISSING,True,
dlya-tebya-tysyachi-raz,TRULY_MISSING,True,
moya-uverennost,TRULY_MISSING,True,
serdce-k-kotoromu-mogla-prikosnutsya-tolko-ona,TRULY_MISSING,True,
pravo-na-svidanie,TRULY_MISSING,True,
dikaya-roza,TRULY_MISSING,True,
na-poslednem-beregu,TRULY_MISSING,True,
domik-u-morya,TRULY_MISSING,True,
brat-yakudzy,TRULY_MISSING,True,
otmel,TRULY_MISSING,True,
chernyy-yaschik,TRULY_MISSING,True,
bezumnaya-lyubov-3,TRULY_MISSING,True,
moy-muzh-samo-ocharovanie,TRULY_MISSING,True,
cvetok-zla,TRULY_MISSING,True,
super-zvezdnaya-akademiya,TRULY_MISSING,True,
hildur,TRULY_MISSING,True,
moy-dorogoy-neznakomec,TRULY_MISSING,True,
suzhdeno-lyubit-tebya,TRULY_MISSING,True,
buduschiy-syn,TRULY_MISSING,True,
predopredelennaya-lyubov,TRULY_MISSING,True,
svyatye-srazhennye-lyubovyu,TRULY_MISSING,True,
privet-lyubov-snova,TRULY_MISSING,True,
ya-dumal-chto-cheloveka-sudyat-ne-po-vneshnosti,TRULY_MISSING,True,
scena-mechty,TRULY_MISSING,True,
palyaschee-solnce,TRULY_MISSING,True,
hit-i-vesele,TRULY_MISSING,True,
pogloschennye-nochyu,TRULY_MISSING,True,
odurmanennaya-zhenschina,TRULY_MISSING,True,
pozvol-mne-uslyshat-eto-bosikom,TRULY_MISSING,True,
boginya-s-zavyazannymi-glazami,TRULY_MISSING,True,
pribytie-imperatricy,TRULY_MISSING,True,
i-ty-mne-nravishsya-4,TRULY_MISSING,True,
slepaya-devochka-ty-vlyubilas-ne-v-togo,TRULY_MISSING,True,
pokori-moe-serdce,TRULY_MISSING,True,
pomeste-fogan,TRULY_MISSING,True,
vremennyy-ray,TRULY_MISSING,True,
idu-tuda-gde-ty-est-2,TRULY_MISSING,True,
obrechen-lyubit-tebya-2,TRULY_MISSING,True,
pravila-rybalki,TRULY_MISSING,True,
na-rasstoyanii-kasaniya,TRULY_MISSING,True,
v-plenu-u-serdca,TRULY_MISSING,True,
on-soblaznitelen,TRULY_MISSING,True,
ocharovatelnaya-ubiyca-s-myagkim-serdcem,TRULY_MISSING,True,
den-svadby,TRULY_MISSING,True,
poceluy-leta,TRULY_MISSING,True,
on-takoy-dikiy,TRULY_MISSING,True,
ogni-lyubvi-plamya-voyny,TRULY_MISSING,True,
zhenis-na-nashey-mame,TRULY_MISSING,True,
vyyti-zamuzh-za-uchitelya,TRULY_MISSING,True,
lyubov-pod-trepetnoy-lunoy,TRULY_MISSING,True,
opyanennye-vesnoy,TRULY_MISSING,True,
my-vse-mertvy-2,TRULY_MISSING,True,
vlyubis-v-moego-druga,TRULY_MISSING,True,
vitaya-v-oblakah,TRULY_MISSING,True,
vozmem-molodogo-cheloveka-godom-molozhe,TRULY_MISSING,True,
onni-garantirovannyy-uspeh,TRULY_MISSING,True,
onni-garantirovannyy-uspeh-2,TRULY_MISSING,True,
mogikanin,TRULY_MISSING,True,
kod-siniy-esche-odno-srazhenie,TRULY_MISSING,True,
kod-siniy,TRULY_MISSING,True,
istorii-v-zakusochnoy,TRULY_MISSING,True,
obedinennaya-zona-bezopasnosti,TRULY_MISSING,True,
otec-pio,TRULY_MISSING,True,
kakoy-skandal-2-2,TRULY_MISSING,True,
milan-cortina-winter,TRULY_MISSING,True,
luchnik-iskender-haos,TRULY_MISSING,True,
uhorez,TRULY_MISSING,True,
pamyat-ubiycy,TRULY_MISSING,True,
krasnaya-ten,TRULY_MISSING,True,
voiny-zu,TRULY_MISSING,True,
drozh,TRULY_MISSING,True,
zoydy-novogo-veka,TRULY_MISSING,True,
dzhey-deker-hrabraya-policiya,TRULY_MISSING,True,
10-kilo,TRULY_MISSING,True,
voron-3,TRULY_MISSING,True,
pticy-chto-boyatsya-smerti,TRULY_MISSING,True,
polnyy-otryv-4,TRULY_MISSING,True,
eto-ne-tak,TRULY_MISSING,True,
medalistka-2,TRULY_MISSING,True,
grandioznaya-poddelka,TRULY_MISSING,True,
semya-pod-prikrytiem,TRULY_MISSING,True,
uvedu-vashego-parnya,TRULY_MISSING,True,
ostrov-kenguru,TRULY_MISSING,True,
petardy,TRULY_MISSING,True,
epoha-velikogo-mira,TRULY_MISSING,True,
yayba-samuray-legenda,TRULY_MISSING,True,
malenkiy-lord-fontleroy,TRULY_MISSING,True,
kod-siniy-3,TRULY_MISSING,True,
zmey-pohitil-zhenu,TRULY_MISSING,True,
uragan-zheleznyy-lider,TRULY_MISSING,True,
kod-siniy-2,TRULY_MISSING,True,
podoydi-blizhe,TRULY_MISSING,True,
slepoy-sherlok,TRULY_MISSING,True,
legenda-o-hrabrom-da-garne,TRULY_MISSING,True,
molodoe-pokolenie-2,TRULY_MISSING,True,
legenda-o-suriotay,TRULY_MISSING,True,
klub-samoubiyc,TRULY_MISSING,True,
akulopes,TRULY_MISSING,True,
18-letnyaya-prababushka-navodit-poryadok-v-seme-3,TRULY_MISSING,True,
skvoz-ternii-k-tebe,TRULY_MISSING,True,
puls,TRULY_MISSING,True,
skazhi-da,TRULY_MISSING,True,
imperatorskiy-koroner-2,TRULY_MISSING,True,
godzilla-motra-king-gidora-monstry-atakuyut,TRULY_MISSING,True,
nepredskazuemyy-sud-femidy,TRULY_MISSING,True,
telohranitel-13,TRULY_MISSING,True,
nezapertye-mechty,TRULY_MISSING,True,
sledy-na-snegu,TRULY_MISSING,True,
ischeznuvshiy-ubiyca,TRULY_MISSING,True,
starzinger,TRULY_MISSING,True,
devushka-na-vetru-blondinka-dzhini,TRULY_MISSING,True,
yagelevoe-derevo,TRULY_MISSING,True,
moya-pervaya-pervaya-lyubov-2,TRULY_MISSING,True,
ya-pozabochus-o-tebe,TRULY_MISSING,True,
zakon-odomashnivaniya-vysshey-porody-sobak,TRULY_MISSING,True,
luchshaya-para,TRULY_MISSING,True,
plennik,TRULY_MISSING,True,
podoydi-ko-mne-isceli-menya,TRULY_MISSING,True,
ya-vlyubilsya-v-sestru,TRULY_MISSING,True,
v-ee-rukah,TRULY_MISSING,True,
mogu-li-ya-lyubit-tebya,TRULY_MISSING,True,
neposlushnaya,TRULY_MISSING,True,
lyubov-svezhim-letom,TRULY_MISSING,True,
velikiy-mazinger,TRULY_MISSING,True,
vnezapnaya-lyubov,TRULY_MISSING,True,
lyubov-moya-zarplata,TRULY_MISSING,True,
poteryannaya-naslednica-neozhidannaya-lyubov,TRULY_MISSING,True,
skrytaya-roza,TRULY_MISSING,True,
moy-vlastnyy-boss-paranoik,TRULY_MISSING,True,
provozhayuschaya-v-posledniy-put-friren-magiya,TRULY_MISSING,True,
mastera-na-vse-ruki-vygnali-iz-otryada-geroev,TRULY_MISSING,True,
avalon,TRULY_MISSING,True,
ognennoe-vlechenie,TRULY_MISSING,True,
vechnaya-lyubov-lisy,TRULY_MISSING,True,
po-kromke-lda,TRULY_MISSING,True,
hloya-2,TRULY_MISSING,True,
ichi-killer,TRULY_MISSING,True,
maczu-legenda-o-bogine-morya,TRULY_MISSING,True,
protiv-sveta,TRULY_MISSING,True,
krasota,TRULY_MISSING,True,
millenium-mambo,TRULY_MISSING,True,
teplaya-voda-pod-krasnym-mostom,TRULY_MISSING,True,
aay-sayba,TRULY_MISSING,True,
vsegda-vozmozhno,TRULY_MISSING,True,
strelok-3,TRULY_MISSING,True,
gordaya-lyubov-2,TRULY_MISSING,True,
den-za-dnem-k-tebe,TRULY_MISSING,True,
amneziya-lyubvi,TRULY_MISSING,True,
svetskaya-lvica,TRULY_MISSING,True,
bezgranichnaya-nezhnost,TRULY_MISSING,True,
ten-lyubvi,TRULY_MISSING,True,
bogi-i-duhi-vesenniy-festival,TRULY_MISSING,True,
ograblenie,TRULY_MISSING,True,
proschanie-chzhao-nin,TRULY_MISSING,True,
shef,TRULY_MISSING,True,
perelomnyy-moment-2,TRULY_MISSING,True,
specialistka-po-razvodam-spayder-2,TRULY_MISSING,True,
segodnya-nochyu-ya-vlyublyus-v-svoe-telo,TRULY_MISSING,True,
119-zvonok-v-sluzhbu-spaseniya,TRULY_MISSING,True,
schaste-semi-katakuri,TRULY_MISSING,True,
povyshenie-urovnya-princessy,TRULY_MISSING,True,
vashe-vysochestvo-vy-falshivka,TRULY_MISSING,True,
temnye-vody,TRULY_MISSING,True,
50-minut-s-vozlyublennym,TRULY_MISSING,True,
syao-syuy,TRULY_MISSING,True,
bratya-po-oruzhiyu,TRULY_MISSING,True,
obeschaniya-na-desyatiletiya,TRULY_MISSING,True,
izbalovannaya-lyubovyu,TRULY_MISSING,True,
bagryanyy-zakat,TRULY_MISSING,True,
moya-zhena-gangster,TRULY_MISSING,True,
dikie-cvety,TRULY_MISSING,True,
nenormalnyy-samye-temnye-dni,TRULY_MISSING,True,
ad-dlya-odinochek-5,TRULY_MISSING,True,
bezmolvnaya-pravda,TRULY_MISSING,True,
vesenniy-priliv,TRULY_MISSING,True,
priruchit,TRULY_MISSING,True,
gospod-i-mat-lyubyat-togo-kto-dolzhen-byt-tem-kem-dolzhen-byt,TRULY_MISSING,True,
tleyuschiy-sneg-slozhennyy-iz-nefrita,TRULY_MISSING,True,
strategiya-chernyy-lebed,TRULY_MISSING,True,
plan-napadeniya-chernogo-lotosa,TRULY_MISSING,True,
lyublyu-dnem-i-nochyu,TRULY_MISSING,True,
ona-prishla-iz-ognya,TRULY_MISSING,True,
schastlivaya-zhizn-kanako-v-kachestve-killera,TRULY_MISSING,True,
vozvraschenie-k-ego-lyubvi,TRULY_MISSING,True,
skvoz-ternii-k-tebe-2,TRULY_MISSING,True,
ee-zovut-varvara,TRULY_MISSING,True,
moya-prekrasnaya-ledi,TRULY_MISSING,True,
shut,TRULY_MISSING,True,
gulyaka-iz-prigranichnogo-goroda,TRULY_MISSING,True,
odnazhdy-i-navsegda-voshodyaschee-solnce,TRULY_MISSING,True,
nezavisimaya-chzhi-yn-2,TRULY_MISSING,True,
moe-dvadcatoe-dvadcatiletie,TRULY_MISSING,True,
ekstremalnaya-lisa,TRULY_MISSING,True,
v-seule-2,TRULY_MISSING,True,
vremya-varki-lyubvi-4-minuty-30-sekund-2,TRULY_MISSING,True,
plohoy-paren,TRULY_MISSING,True,
uchast-zhenschiny,TRULY_MISSING,True,
istrebiteli-prizrakov,TRULY_MISSING,True,
vse-o-lili-chou-chou,TRULY_MISSING,True,
temnaya-komnata,TRULY_MISSING,True,
samopomosch,TRULY_MISSING,True,
vremya-varki-lyubvi-4-minuty-30-sekund,TRULY_MISSING,True,
moy-zamechatelnyy-sosed-2,TRULY_MISSING,True,
oblaka-unesite-pamyat-o-nem,TRULY_MISSING,True,
za-granyu,TRULY_MISSING,True,
on-darit-mne-svet,TRULY_MISSING,True,
romanticheskoe-rukovodstvo-po-snu,TRULY_MISSING,True,
velikolepie-toy-epohi,TRULY_MISSING,True,
malenkaya-kuhnya,TRULY_MISSING,True,
krasnyy-sled-na-tleyuschem-snegu,TRULY_MISSING,True,
klarens,TRULY_MISSING,True,
ioahim-i-apokalipsis,TRULY_MISSING,True,
geroicheskoe-puteshestvie-doblestnogo-princa-lanselosya,TRULY_MISSING,True,
mech-dinastii,TRULY_MISSING,True,
propavshiy-bez-vesti,TRULY_MISSING,True,
mne-nravishsya-tolko-ty,TRULY_MISSING,True,
vozlyublennyy-starshey-sestry,TRULY_MISSING,True,
sin-tyan-superprostranstvo-moya-nevesta-vyzvala-perepoloh,TRULY_MISSING,True,
voiny-troecarstviya,TRULY_MISSING,True,
dyhanie,TRULY_MISSING,True,
voskreshenie-3,TRULY_MISSING,True,
lyubov-vne-vremeni-3,TRULY_MISSING,True,
ukrotit-stroptivogo,TRULY_MISSING,True,
sladkiy-poceluy,TRULY_MISSING,True,
vne-dosyagaemosti,TRULY_MISSING,True,
gamera-protiv-kodzamery,TRULY_MISSING,True,
inadzuma-11-prolog-k-novym-geroyam,TRULY_MISSING,True,
inadzuma-11-legendarnyy-start,TRULY_MISSING,True,
pobeg-s-eliseyskih-poley,TRULY_MISSING,True,
uboynyy-futbol,TRULY_MISSING,True,
rycar-semi-korolevstv,TRULY_MISSING,True,
legenda-o-mechnike-3,TRULY_MISSING,True,
motel-sinee-ubiystvo,TRULY_MISSING,True,
alfa-00,TRULY_MISSING,True,
hroniki-tayn-lazurnoy-obiteli,TRULY_MISSING,True,
vykup-eto-pohischenie,TRULY_MISSING,True,
rayskiy-sad,TRULY_MISSING,True,
dvornyaga,TRULY_MISSING,True,
milya-666,TRULY_MISSING,True,
v-interesah-adama,TRULY_MISSING,True,
bozhiy-gnev,TRULY_MISSING,True,
nesomnenno-tvoy,TRULY_MISSING,True,
miss-hon-pod-prikrytiem,TRULY_MISSING,True,
korolevstvo-snov,TRULY_MISSING,True,
kiborg-009-1979,TRULY_MISSING,True,
beybleyd-mastera-metalla,TRULY_MISSING,True,
poludrema,TRULY_MISSING,True,
mahasena,TRULY_MISSING,True,
doroga-v-nikuda,TRULY_MISSING,True,
pogryazshie-v-spletnyah,TRULY_MISSING,True,
tri-volka,TRULY_MISSING,True,
tarzan-v-gazabe-kahani,TRULY_MISSING,True,
nochnoy-patrul,TRULY_MISSING,True,
nekromant,TRULY_MISSING,True,
s-segodnyashnego-dnya-ya-chelovek,TRULY_MISSING,True,
istrebitel-gadov,TRULY_MISSING,True,
provozhayuschaya-v-posledniy-put-friren-2,TRULY_MISSING,True,
tvoy-sekret,TRULY_MISSING,True,
princessy-idoly,TRULY_MISSING,True,
angel-ryadom-so-mnoy,TRULY_MISSING,True,
imperatorskiy-koroner-2-2,TRULY_MISSING,True,
dezhavyu,TRULY_MISSING,True,
proschay-moya-lyubov,TRULY_MISSING,True,
legenda-o-chzhen-huan,TRULY_MISSING,True,
tolko-mne-17-let,TRULY_MISSING,True,
u-neba-est-solnce-a-u-menya-est-ty,TRULY_MISSING,True,
hrabraya-komanda-dagvon,TRULY_MISSING,True,
chelovek-muskul,TRULY_MISSING,True,
udivitelnyy-zorori,TRULY_MISSING,True,
neobyazatelno-znat,TRULY_MISSING,True,
professionalnaya-zhena,TRULY_MISSING,True,
teatr-shedevrov-bratev-grimm,TRULY_MISSING,True,
poslednee-obeschanie,TRULY_MISSING,True,
vmeste,TRULY_MISSING,True,
oproverzhenie-siriusa,TRULY_MISSING,True,
poiski-mira-garri-pottera,TRULY_MISSING,True,
mozhno-li-perevesti-etu-lyubov,TRULY_MISSING,True,
princessa-shpionka-ukrotitel-korony-3,TRULY_MISSING,True,
razluka-tozhe-chast-lyubvi,TRULY_MISSING,True,
volshebnye-pokroviteli-novoe-zhelanie,TRULY_MISSING,True,
poni,TRULY_MISSING,True,
krutoy-uchitel-onidzuka-rannie-gody,TRULY_MISSING,True,
koshachiy-glaz,TRULY_MISSING,True,
plamennyy-chanan,TRULY_MISSING,True,
kurosagi-chernyy-moshennik,TRULY_MISSING,True,
iskusstvo-v-lyubvi,TRULY_MISSING,True,
randevu-s-puley-koshmar-ili-koroleva,TRULY_MISSING,True,
lihoradka-v-razgar-leta,TRULY_MISSING,True,
kasagrande,TRULY_MISSING,True,
prizmaticheskoe-rondo,TRULY_MISSING,True,
klass-femidy,TRULY_MISSING,True,
uvedomlenie-o-smerti,TRULY_MISSING,True,
tayna-semi-ciferblatov,TRULY_MISSING,True,
bolshoy-malenkiy-mir-dzhessiki,TRULY_MISSING,True,
shkola-vverh-dnom-2026,TRULY_MISSING,True,
lyubov-iz-buduschego,TRULY_MISSING,True,
zerkalnye-bliznecy,TRULY_MISSING,True,
mertvaya-zvezda,TRULY_MISSING,True,
vse-mysli-o-ney,TRULY_MISSING,True,
lyubov-skvoz-veka,TRULY_MISSING,True,
tainstvennaya-magiya,TRULY_MISSING,True,
pri-para-zemlya-idola-epizod-0,TRULY_MISSING,True,
krasavica-chernilnogo-klinka,TRULY_MISSING,True,
kimbap-i-onigiri,TRULY_MISSING,True,
pri-para-zemlya-idola,TRULY_MISSING,True,
i-schaste-vnov-postuchitsya-v-dveri,TRULY_MISSING,True,
ot-polyusa-k-polyusu-s-uillom-smitom,TRULY_MISSING,True,
semya-eto-ispytanie,TRULY_MISSING,True,
sin-tyan-okutannyy-taynoy-cvetochnaya-akademiya-tenkasu,TRULY_MISSING,True,
nevestka-chuzhestranka,TRULY_MISSING,True,
zdes-zhivet-zlo,TRULY_MISSING,True,
d-znachit-didzhey-tibi,TRULY_MISSING,True,
brigada-bagza-banni-nadevay-kasku,TRULY_MISSING,True,
voin,TRULY_MISSING,True,
dryannaya-devchonka,TRULY_MISSING,True,
gorod-pop-pop,TRULY_MISSING,True,
most-moi-malenkie-druzya,TRULY_MISSING,True,
krossovki-i-pank,TRULY_MISSING,True,
opunciya,TRULY_MISSING,True,
taskari-pautina-kontrabandista,TRULY_MISSING,True,
v-ozhidanii-tebya,TRULY_MISSING,True,
zhena-s-planom-deystviy,TRULY_MISSING,True,
ego-lyubimaya-nezhnaya-roza,TRULY_MISSING,True,
bezuderzhno-dikiy,TRULY_MISSING,True,
mest-moey-miloy-zheny-2,TRULY_MISSING,True,
mest-moey-miloy-zheny,TRULY_MISSING,True,
maskarad,TRULY_MISSING,True,
taynye-sozdateli-korolevy,TRULY_MISSING,True,
nezabyvaemaya-lyubov,TRULY_MISSING,True,
moy-boss-geroy-skandalov,TRULY_MISSING,True,
ohota-za-lyubovyu,TRULY_MISSING,True,
lyubovnaya-zamena,TRULY_MISSING,True,
ee-idealnaya-zamena,TRULY_MISSING,True,
soblazn-2,TRULY_MISSING,True,
vstretimsya-v-beskonechnoy-lyubvi,TRULY_MISSING,True,
zavlech-lyubovyu,TRULY_MISSING,True,
lyubov-rozy,TRULY_MISSING,True,
ne-sderzhivaysya-so-mnoy,TRULY_MISSING,True,
ya-stala-zlodeykoy-iz-romana,TRULY_MISSING,True,
mest-zheny,TRULY_MISSING,True,
tom-idet-k-meru,TRULY_MISSING,True,
povest-o-geroyah-kondorah,TRULY_MISSING,True,
zvezdnyy-put-akademiya-zvezdnogo-flota,TRULY_MISSING,True,
chernaya-maska-2-gorod-masok,TRULY_MISSING,True,
smertnik,TRULY_MISSING,True,
drakula,TRULY_MISSING,True,
v-lyubvi-my-huzhe-pand,TRULY_MISSING,True,
tropa,TRULY_MISSING,True,
zhivym-ili-mertvym-3,TRULY_MISSING,True,
vchera,TRULY_MISSING,True,
voskreshenie-dyuymovochki,TRULY_MISSING,True,
uvidet-tebya-snova,TRULY_MISSING,True,
dom-na-kolesah-4,TRULY_MISSING,True,
davay-pozhenimsya-no-mama-budet-s-nami,TRULY_MISSING,True,
rasshirenie-sobstvennyh-gorizontov,TRULY_MISSING,True,
vremya-pytok-princessa-2,TRULY_MISSING,True,
geroy-yuna-yuki-kroshki,TRULY_MISSING,True,
vse-radi-tebya,TRULY_MISSING,True,
oglushitelnyy,TRULY_MISSING,True,
pobeg-iz-tyurmy,TRULY_MISSING,True,
tri-vozlyublennyh-na-bukvu-b,TRULY_MISSING,True,
sekret-zheny,TRULY_MISSING,True,
drugaya-zvezda,TRULY_MISSING,True,
otklyuchka,TRULY_MISSING,True,
u-moey-docheri-net-parnya,TRULY_MISSING,True,
odno-poslednee-priklyuchenie-sozdanie-ochen-strannyh-del-5,TRULY_MISSING,True,
godzilla-protiv-mehagodzilly-3,TRULY_MISSING,True,
2009-stertaya-pamyat,TRULY_MISSING,True,
dvoynoe-videnie,TRULY_MISSING,True,
iyunskiy-zmey,TRULY_MISSING,True,
hischnik-pustoshi,TRULY_MISSING,True,
pokushenie-na-papu-rimskogo,TRULY_MISSING,True,
sabu-2,TRULY_MISSING,True,
seksa-kruglyy-nol,TRULY_MISSING,True,
podnoshenie,TRULY_MISSING,True,
vse-o-moih-blizkih,TRULY_MISSING,True,
pandzhi-cherep,TRULY_MISSING,True,
ochen-opasnyy-prestupnik-rekka,TRULY_MISSING,True,
pererozhdenie-v-yayco-drakona-ya-stanu-silneyshim,TRULY_MISSING,True,
yami-shibai-yaponskie-rasskazy-o-privideniyah-16,TRULY_MISSING,True,
princ-sosedney-strany-obozhaet-zlodeyku,TRULY_MISSING,True,
ogneglotayuschaya-ptica-otryad-pozharnyh-oborvancev-iz-usyu,TRULY_MISSING,True,
kartochnye-boi-avangarda-svyataya-zet-srazhenie-za-fantomnuyu-zvezdu-istiny,TRULY_MISSING,True,
karty-buduschego-druzheskie-boi-as,TRULY_MISSING,True,
kartochnye-boi-avangarda-vypusk-starsheklassnika,TRULY_MISSING,True,
prekrasnaya-vechernyaya-luna,TRULY_MISSING,True,
kae-ne-strashno,TRULY_MISSING,True,
vot-by-on-ne-byl-tem-samym,TRULY_MISSING,True,
my-rezervnye-geroi,TRULY_MISSING,True,
taynaya-komnata-krasoty,TRULY_MISSING,True,
pozhaluysta-rasskazhi-mne-fudzisima-san,TRULY_MISSING,True,
osleplena-toboy-2-2,TRULY_MISSING,True,
bolshie-sobytiya-v-malenkom-gorodke,TRULY_MISSING,True,
spasibo-chto-uslyshali-menya,TRULY_MISSING,True,
neukrotimye,TRULY_MISSING,True,
mamnik,TRULY_MISSING,True,
moya-semya,TRULY_MISSING,True,
trigan-nablyudaya-za-zvezdami,TRULY_MISSING,True,
mertvyy-akkaunt,TRULY_MISSING,True,
heyn,TRULY_MISSING,True,
okey-key-o-budem-geroyami,TRULY_MISSING,True,
komanda-umizumi,TRULY_MISSING,True,
vosmoe-oktyabrya,TRULY_MISSING,True,
karli-i-mari,TRULY_MISSING,True,
traffik-2,TRULY_MISSING,True,
neveroyatno-solnechno,TRULY_MISSING,True,
ya-podelilas-svoim-muzhem,TRULY_MISSING,True,
kabinet-besed-hram-lanzhe,TRULY_MISSING,True,
gospodin-vozmi-menya-v-zheny-2,TRULY_MISSING,True,
gospodin-vozmi-menya-v-zheny,TRULY_MISSING,True,
temnaya-luna-krovavyy-altar,TRULY_MISSING,True,
moya-devushka-2,TRULY_MISSING,True,
mademuazel-iz-edo,TRULY_MISSING,True,
tolkayuschie-ruki,TRULY_MISSING,True,
lyubov-mezhdu-strok-2,TRULY_MISSING,True,
poceluy-krovavyh-gub,TRULY_MISSING,True,
vse-radi-nee,TRULY_MISSING,True,
okazalos-ty-lyubish-menya,TRULY_MISSING,True,
moya-kapriznaya-devchonka,TRULY_MISSING,True,
falshivyy-roman,TRULY_MISSING,True,
rascvetayu-v-tvoih-rukah,TRULY_MISSING,True,
ya-i-ona,TRULY_MISSING,True,
princ-ya-trebuyu-razvoda,TRULY_MISSING,True,
ya-i-roza,TRULY_MISSING,True,
skrytaya-lyubov,TRULY_MISSING,True,
s-korablya-na-bal,TRULY_MISSING,True,
dolgaya-noch-eto-moroz-i-tleyuschee-poslevkusie,TRULY_MISSING,True,
k-vostoku-ot-raya,TRULY_MISSING,True,
oshibka-idealnogo-neznakomca,TRULY_MISSING,True,
serdce-na-dvoih,TRULY_MISSING,True,
yadovityy-grib,TRULY_MISSING,True,
o-voskresnom-vechere,TRULY_MISSING,True,
dostuchatsya-do-tebya,TRULY_MISSING,True,
horimiya,TRULY_MISSING,True,
gomorra-istoki,TRULY_MISSING,True,
nebesnyy-otdel-dizayna-specvypusk,TRULY_MISSING,True,
nebesnyy-otdel-dizayna,TRULY_MISSING,True,
kapsula-sakury,TRULY_MISSING,True,
yakudza-kladbische-chesti,TRULY_MISSING,True,
dekster-proby-pera,TRULY_MISSING,True,
odisseya-2,TRULY_MISSING,True,
zateryannye-v-rayu,TRULY_MISSING,True,
celeustremlennuyu-lyubov-kurosaki-sana-nevozmozhno-ostanovit,TRULY_MISSING,True,
prishelec-iz-buduschego,TRULY_MISSING,True,
v-lyubom-sluchae-ya-vlyublyus-v-tebya-2,TRULY_MISSING,True,
svyatoy-graal-eris,TRULY_MISSING,True,
shampinonnaya-vedma,TRULY_MISSING,True,
chelovek-nevidimka-i-obychnaya-devushka-eti-dvoe-skoro-stanut-muzhem-i-zhenoy,TRULY_MISSING,True,
lyubov-vitaet-v-vozduhe,TRULY_MISSING,True,
ego-i-ee,TRULY_MISSING,True,
sluzhanka-gubernatora,TRULY_MISSING,True,
princessy-ne-rabotayut-po-vyhodnym,TRULY_MISSING,True,
koroleva-banditov,TRULY_MISSING,True,
o-tom-chto-ya-lyublyu-tebya,TRULY_MISSING,True,
popal-v-tvoyu-lovushku,TRULY_MISSING,True,
zavoyuy-ee,TRULY_MISSING,True,
moi-muzhya-tritony,TRULY_MISSING,True,
slepaya-lyubov-i-mest,TRULY_MISSING,True,
lyubov-v-nochi,TRULY_MISSING,True,
momotaro-moryak-ot-boga,TRULY_MISSING,True,
ya-popala-v-80-e,TRULY_MISSING,True,
sluchaynaya-nevesta-prezidenta,TRULY_MISSING,True,
strategiya-zavoevaniya-zlodeya-yandere,TRULY_MISSING,True,
ya-ubirayus-v-kompanii,TRULY_MISSING,True,
torchaschiy-yazyk-temma,TRULY_MISSING,True,
missis-gu-pustilas-vo-vse-tyazhkie,TRULY_MISSING,True,
pogruzis,TRULY_MISSING,True,
oshibka-2,TRULY_MISSING,True,
pohischennaya,TRULY_MISSING,True,
luchik-sveta,TRULY_MISSING,True,
anonim,TRULY_MISSING,True,
malenkie-katastrofy,TRULY_MISSING,True,
moya-byvshaya-pokorila-mir,TRULY_MISSING,True,
veselaya-zaschita-vladeniy-bespechnogo-lorda-prevraschenie-bezymyannoy-derevni-v,TRULY_MISSING,True,
predlozhenie-otpuska-dlya-skromnogo-dvoryanina,TRULY_MISSING,True,
zataivshiysya-drakon,TRULY_MISSING,True,
nichego-krome-lyubvi,TRULY_MISSING,True,
moya-byvshaya-ochen-vazhnaya-persona,TRULY_MISSING,True,
moy-prekrasnyy-princ,TRULY_MISSING,True,
sbezhavshaya-nevesta-prezidenta,TRULY_MISSING,True,
master-fu-hvatit-presledovat-menya,TRULY_MISSING,True,
ty-moe-protivoyadie,TRULY_MISSING,True,
uskolzayuschaya-krasota,TRULY_MISSING,True,
mest-princessy,TRULY_MISSING,True,
i-v-gore-i-v-radosti-2,TRULY_MISSING,True,
orden-slavy,TRULY_MISSING,True,
idealnyy-vystrel,TRULY_MISSING,True,
ty-umeesh-hranit-sekrety,TRULY_MISSING,True,
povsednevnaya-zhizn-odinokogo-dvadcatidevyatiletnego-avantyurista,TRULY_MISSING,True,
oda-vechernemu-vetru,TRULY_MISSING,True,
nikogda-ne-unyvay,TRULY_MISSING,True,
spasenie,TRULY_MISSING,True,
metch,TRULY_MISSING,True,
delo-arne,TRULY_MISSING,True,
myatezhnaya-lyubov,TRULY_MISSING,True,
gryazevoe-bezumie,TRULY_MISSING,True,
incident-darvina,TRULY_MISSING,True,
v-komande-geroya-byla-milaya-devushka-tak-chto-ya-priznalsya-ey,TRULY_MISSING,True,
polunochnyy-motiv-serdca,TRULY_MISSING,True,
mega,TRULY_MISSING,True,
doch-korolya-demonov-slishkom-dobraya,TRULY_MISSING,True,
seychas-ili-nikogda-futbolnyy-klub-monfermey,TRULY_MISSING,True,
snachala-brak-znakomstvo-potom,TRULY_MISSING,True,
lyubov-kak-zhizn,TRULY_MISSING,True,
etot-sudmedekspert-nemnogo-holoden,TRULY_MISSING,True,
razdrazhayuschiy-monarh,TRULY_MISSING,True,
dorogo-kazhdoe-mgnovenie,TRULY_MISSING,True,
akhanda-2,TRULY_MISSING,True,
1242-vrata-na-zapad,TRULY_MISSING,True,
zolotoe-bozhestvo-final,TRULY_MISSING,True,
vesennyaya-lihoradka,TRULY_MISSING,True,
chernye-holmy,TRULY_MISSING,True,
moya-geroyskaya-akademiya-vne-zakona-2,TRULY_MISSING,True,
mozhete-li-vy-postirat-eto-radi-menya,TRULY_MISSING,True,
vy-uzhe-ponyali-istoriya-sida-barretta-i-pink-floyd,TRULY_MISSING,True,
moy-dorogoy-sekretar,TRULY_MISSING,True,
luchshee-lekarstvo,TRULY_MISSING,True,
zver-iz-triniti,TRULY_MISSING,True,
dnevnik-raznyh-stran,TRULY_MISSING,True,
dlya-tebya-vo-vsem-cvetu,TRULY_MISSING,True,
povsednevnaya-zhizn-stazhera-muchitelya,TRULY_MISSING,True,
reinkarnaciya-aristokrata-blagoslovennyy-s-rozhdeniya-velichayshey-siloy,TRULY_MISSING,True,
volshebnik-kunon-vse-vidit,TRULY_MISSING,True,
napisano-na-volnah,TRULY_MISSING,True,
v-pautine-zhelaniy,TRULY_MISSING,True,
ee-novaya-lyubov,TRULY_MISSING,True,
gulagong,TRULY_MISSING,True,
amorosa,TRULY_MISSING,True,
eto-ne-lyubov,TRULY_MISSING,True,
kak-dela-mister-shen,TRULY_MISSING,True,
ukradennyy-poceluy-luny,TRULY_MISSING,True,
lyublyu-slishkom-silno,TRULY_MISSING,True,
vlyubitsya-v-razgar-leta,TRULY_MISSING,True,
lyubov-ne-skryt,TRULY_MISSING,True,
schaste-kazhdyy-den,TRULY_MISSING,True,
iskusstvo-byt-favoritkoy,TRULY_MISSING,True,
pomoschnik-inspektora-daymadzin,TRULY_MISSING,True,
vnezapnyy-brak,TRULY_MISSING,True,
vechno-molodoy-3,TRULY_MISSING,True,
zapiski-o-strannom-dinastii-tan-bashnya-devyati-yarusov,TRULY_MISSING,True,
moy-lyubimyy-vor,TRULY_MISSING,True,
proekt-ubiyca-zodiak,TRULY_MISSING,True,
valerian-i-lorelin,TRULY_MISSING,True,
skazki-trulli,TRULY_MISSING,True,
eliza,TRULY_MISSING,True,
sleduy-za-moim-golosom,TRULY_MISSING,True,
sudya-vozvraschaetsya,TRULY_MISSING,True,
zemlya-greha,TRULY_MISSING,True,
mf-prizrak-3,TRULY_MISSING,True,
mastera-na-vse-ruki-vygnali-iz-otryada-geroev-2,TRULY_MISSING,True,
povest-o-geroe-mecha-3,TRULY_MISSING,True,
ubegay,TRULY_MISSING,True,
pobeg-2,TRULY_MISSING,True,
ispytanie-ognem,TRULY_MISSING,True,
kakoy-seychas-tamon,TRULY_MISSING,True,
gospozha-kaguya-v-lyubvi-kak-na-voyne-lestnica-vo-vzrosluyu-zhizn,TRULY_MISSING,True,
ozornye-bliznecy,TRULY_MISSING,True,
vek-buntov,TRULY_MISSING,True,
tigr-2,TRULY_MISSING,True,
krokodil-i-ptica-rzhanka,TRULY_MISSING,True,
pokemon-almaz-i-zhemchug,TRULY_MISSING,True,
zapoluchit-ee,TRULY_MISSING,True,
nepobedimaya-macheha,TRULY_MISSING,True,
nol-odin,TRULY_MISSING,True,
moy-malchik-maugli,TRULY_MISSING,True,
pervaya-liniya,TRULY_MISSING,True,
kto-ubil-hvameya,TRULY_MISSING,True,
fevral-2,TRULY_MISSING,True,
sezon-peremen,TRULY_MISSING,True,
geroy-vnutri,TRULY_MISSING,True,
slezhka,TRULY_MISSING,True,
yascherica,TRULY_MISSING,True,
obschezhitie,TRULY_MISSING,True,
ozornoy-poceluy-tayvanskaya-versiya,TRULY_MISSING,True,
eto-moya-skazka,TRULY_MISSING,True,
ya-bartu,TRULY_MISSING,True,
lyubovnyy-pleylist,TRULY_MISSING,True,
lyubovnyy-pleylist-2,TRULY_MISSING,True,
lyubovnyy-pleylist-3,TRULY_MISSING,True,
lyubovnyy-pleylist-4,TRULY_MISSING,True,
vashe-voobrazhenie-stanovitsya-realnostyu,TRULY_MISSING,True,
broekt,TRULY_MISSING,True,
kak-uberech-lyubov,TRULY_MISSING,True,
dikie-zhivotnye,TRULY_MISSING,True,
pochta-dudullu,TRULY_MISSING,True,
7-lic,TRULY_MISSING,True,
posle-svadby,TRULY_MISSING,True,
moy-muzh-podarok-nebes,TRULY_MISSING,True,
zamanit-tebya-v-svoi-obyatiya,TRULY_MISSING,True,
lyubov-s-pervogo-vzglyada,TRULY_MISSING,True,
borba-za-blagosklonnost,TRULY_MISSING,True,
seredina-glavnyy-lyubov,TRULY_MISSING,True,
romantika-smerti,TRULY_MISSING,True,
ubiystvo,TRULY_MISSING,True,
porucheniya,TRULY_MISSING,True,
10-tysyach-shagov,TRULY_MISSING,True,
gamlet-3,TRULY_MISSING,True,
leyla-i-medzhnun,TRULY_MISSING,True,
vrag-obschestva,TRULY_MISSING,True,
mladshiy-muzh-gluboko-v-menya-vlyublen,TRULY_MISSING,True,
siyayuschiy-teplyy-svet,TRULY_MISSING,True,
vetka-maslin,TRULY_MISSING,True,
beregovaya-ohrana,TRULY_MISSING,True,
moya-bolshaya-semya,TRULY_MISSING,True,
podumay-ob-etom,TRULY_MISSING,True,
obnazhennoe-oruzhie,TRULY_MISSING,True,
volshebnaya-kist,TRULY_MISSING,True,
bolshoy-roman-iz-za-malenkoy-lzhi,TRULY_MISSING,True,
za-rekoy-toski-po-tebe,TRULY_MISSING,True,
nasha-klyatva,TRULY_MISSING,True,
perezagruzka-lyubvi,TRULY_MISSING,True,
iskusstvo-flirta,TRULY_MISSING,True,
tayny-nochi,TRULY_MISSING,True,
lish-ty-v-moem-serdce,TRULY_MISSING,True,
bez-prava-na-zabvenie,TRULY_MISSING,True,
moemu-muzhu-1000-let,TRULY_MISSING,True,
segodnya-blagopriyatnyy-den-dlya-povtornogo-braka,TRULY_MISSING,True,
lyublyu-tebya-kazhdyy-den,TRULY_MISSING,True,
bezmolvnoe-leto,TRULY_MISSING,True,
orbita-serdca,TRULY_MISSING,True,
bogataya-devushka-bednyy-paren,TRULY_MISSING,True,
obraz-mira,TRULY_MISSING,True,
dolgaya-pesn,TRULY_MISSING,True,
raspute,TRULY_MISSING,True,
pravda-vnutri,TRULY_MISSING,True,
taynaya-istoriya-princessy-tay-pin,TRULY_MISSING,True,
elif,TRULY_MISSING,True,
zakon-lyubvi,TRULY_MISSING,True,
noch-opletennaya-vetvyami,TRULY_MISSING,True,
koroleva-reklamy,TRULY_MISSING,True,
taynye-zapisi-lu-banya,TRULY_MISSING,True,
boevye-angely,TRULY_MISSING,True,
lyubovnyy-trek,TRULY_MISSING,True,
polyubi-sebya-bolshe,TRULY_MISSING,True,
ukrast-ee,TRULY_MISSING,True,
derzhis-do-poslednego,TRULY_MISSING,True,
shef-povar-2,TRULY_MISSING,True,
ona-proshla-skvoz-buryu,TRULY_MISSING,True,
boevoy-malchishka,TRULY_MISSING,True,
etot-chelovek-ischez,TRULY_MISSING,True,
devushki-poni-slavnoe-derbi,TRULY_MISSING,True,
poezd-chzhou-yuy,TRULY_MISSING,True,
nefritovaya-chaynaya-kostochka,TRULY_MISSING,True,
posylka-v-izmir,TRULY_MISSING,True,
flandriyskiy-pes,TRULY_MISSING,True,
koshachi-skazki,TRULY_MISSING,True,
dragon-kvest-geroicheskie-priklyucheniya-avelya,TRULY_MISSING,True,
v-nachale-zhizni,TRULY_MISSING,True,
boevoy-mstitel,TRULY_MISSING,True,
dragon-kvest-priklyucheniya-daya,TRULY_MISSING,True,
voin-megamen-zver,TRULY_MISSING,True,
schelkunchik-kitaro-2007,TRULY_MISSING,True,
voin-megamen-potok,TRULY_MISSING,True,
bratya-gonschiki-lets-i-gou,TRULY_MISSING,True,
kopengagenskiy-test,TRULY_MISSING,True,
ray-2,TRULY_MISSING,True,
v-pogone-za-skrytym-smyslom-2,TRULY_MISSING,True,
nezapyatnannaya-dusha,TRULY_MISSING,True,
eto-rendzher,TRULY_MISSING,True,
yalaza,TRULY_MISSING,True,
poka-svetit-solnce,TRULY_MISSING,True,
moya-doramschica,TRULY_MISSING,True,
vybor-muzha-gospozhi-nan,TRULY_MISSING,True,
denezhnyy-geroy,TRULY_MISSING,True,
dazhe-esli-mir-perevernetsya,TRULY_MISSING,True,
moy-roman-o-bankrotstve,TRULY_MISSING,True,
ee-taliya,TRULY_MISSING,True,
lyubov-i-nenavist,TRULY_MISSING,True,
reshitelnyy-kappey,TRULY_MISSING,True,
moya-neordinarnaya-zhena,TRULY_MISSING,True,
obladat-rozoy,TRULY_MISSING,True,
milashka-v-logove-strasti,TRULY_MISSING,True,
dusha-v-ogne,TRULY_MISSING,True,
zapretnaya-strast,TRULY_MISSING,True,
molodoy-marshal-vasha-zhena-snova-sbezhala,TRULY_MISSING,True,
mechty-pylayuschie-dnem,TRULY_MISSING,True,
muzh-napolovinu,TRULY_MISSING,True,
kak-vospitat-vraga,TRULY_MISSING,True,
bratya-gonschiki-lets-i-gou-2,TRULY_MISSING,True,
moe-serdce-vybralo-tebya,TRULY_MISSING,True,
yuzhnaya-raduga-lyusi,TRULY_MISSING,True,
krem,TRULY_MISSING,True,
shtrihi-ognya,TRULY_MISSING,True,
yunye-titany-vpered,TRULY_MISSING,True,
spravedlivost,TRULY_MISSING,True,
poteryannaya-princessa,TRULY_MISSING,True,
posledniy-mech-samuraya,TRULY_MISSING,True,
zhizn-posle-smerti,TRULY_MISSING,True,
balzak-i-portniha-kitayanochka,TRULY_MISSING,True,
solnechnye-nochi,TRULY_MISSING,True,
slezy-na-rumyanah,TRULY_MISSING,True,
ohota-na-narkota,TRULY_MISSING,True,
te-zhen-zheleznyy-zaschitnik,TRULY_MISSING,True,
opyanennye,TRULY_MISSING,True,
mest-sluzhanki,TRULY_MISSING,True,
motiv,TRULY_MISSING,True,
cikl-pendragona-voshozhdenie-merlina,TRULY_MISSING,True,
drevniy-mech-i-bog-kulinarii,TRULY_MISSING,True,
vesennyaya-noch,TRULY_MISSING,True,
koroleva-na-polstavki,TRULY_MISSING,True,
supermehanik-ent-ensted,TRULY_MISSING,True,
pust-deti-ne-slyshat,TRULY_MISSING,True,
korol-koldun-granzort,TRULY_MISSING,True,
malenkie-zhenschiny-2-deti-dzho,TRULY_MISSING,True,
voin-dendo,TRULY_MISSING,True,
zvuk-lyubvi-pod-dozhdem,TRULY_MISSING,True,
posle-zakata,TRULY_MISSING,True,
ohotniki-za-golovami,TRULY_MISSING,True,
dvoynoe-schaste,TRULY_MISSING,True,
nemezida,TRULY_MISSING,True,
duh-bitvy-2,TRULY_MISSING,True,
detektiv,TRULY_MISSING,True,
lyubov-hleb-mechty,TRULY_MISSING,True,
hekimoglu,TRULY_MISSING,True,
kloun-popi,TRULY_MISSING,True,
pars-narkoterrorist,TRULY_MISSING,True,
selena,TRULY_MISSING,True,
getto,TRULY_MISSING,True,
legenda-ob-ohotnike-s-gory-chanbay,TRULY_MISSING,True,
serhat,TRULY_MISSING,True,
solnce-svetit-molodym,TRULY_MISSING,True,
bezzhalostnaya-borba-s-narkotikami,TRULY_MISSING,True,
ubiystvennoe-predstavlenie,TRULY_MISSING,True,
burlyaschaya-krov,TRULY_MISSING,True,
spisok-prestupleniy,TRULY_MISSING,True,
bereg-zhizni,TRULY_MISSING,True,
lyubov-hochet-nashey-smerti,TRULY_MISSING,True,
pobeg-iz-psihushki,TRULY_MISSING,True,
rashititelnica-grobnic-podvodnyy-hram,TRULY_MISSING,True,
operaciya-krasnoe-more-2,TRULY_MISSING,True,
v-poiskah-grobnicy,TRULY_MISSING,True,
bitva-za-zavtrashniy-den,TRULY_MISSING,True,
moy-syn-kukla,TRULY_MISSING,True,
staryy-pravednyy-blyuz,TRULY_MISSING,True,
devochka-iz-lesa,TRULY_MISSING,True,
timpi-tampa,TRULY_MISSING,True,
okrainy,TRULY_MISSING,True,
kondzha-naal-poru-talaiva,TRULY_MISSING,True,
posledniy-den,TRULY_MISSING,True,
didzhle,TRULY_MISSING,True,
shans-moey-zhizni,TRULY_MISSING,True,
dikaya-roza-2,TRULY_MISSING,True,
sochuvstvie-gospodinu-mest,TRULY_MISSING,True,
organizaciya-nasha-rabota,TRULY_MISSING,True,
uvy-gospodin-ramazan,TRULY_MISSING,True,
begu-k-tebe,TRULY_MISSING,True,
komissiya,TRULY_MISSING,True,
chto-to-drugoe,TRULY_MISSING,True,
kriptoaferist,TRULY_MISSING,True,
predel,TRULY_MISSING,True,
katya-i-mim-mim,TRULY_MISSING,True,
sid-malenkiy-uchenyy,TRULY_MISSING,True,
uvazhaemye-gospoda,TRULY_MISSING,True,
dvoynaya-rokirovka,TRULY_MISSING,True,
devushka-vihr-2,TRULY_MISSING,True,
chtoby-vlyubitsya-nuzhno-bolshe-chem-krasivoe-lico,TRULY_MISSING,True,
szhigayuschaya-strast,TRULY_MISSING,True,
lyubov-so-spoylerom,TRULY_MISSING,True,
pocelui-mezhdu-dobrom-i-zlom,TRULY_MISSING,True,
master-fu-srazhaetsya-za-lyubov,TRULY_MISSING,True,
devushka-vihr,TRULY_MISSING,True,
sdelano-v-koree,TRULY_MISSING,True,
serdce-heyzel,TRULY_MISSING,True,
agent-novichok-yanchzhi,TRULY_MISSING,True,
gurman,TRULY_MISSING,True,
fandom,TRULY_MISSING,True,
nepobedimaya-ty,TRULY_MISSING,True,
lyubovnyy-krug,TRULY_MISSING,True,
krasnyy-baron,TRULY_MISSING,True,
son-epifilluma,TRULY_MISSING,True,
temno-belyy,TRULY_MISSING,True,
priklyucheniya-vebdrayva,TRULY_MISSING,True,
reys,TRULY_MISSING,True,
vystrel-v-golovu,TRULY_MISSING,True,
ne-v-dengah-schaste-2,TRULY_MISSING,True,
beguschiy-po-lezviyu-britvy,TRULY_MISSING,True,
doktor-plyusheva,TRULY_MISSING,True,
izgnanie-zhizni,TRULY_MISSING,True,
den-14,TRULY_MISSING,True,
shepot-sten-3,TRULY_MISSING,True,
temno-krasnyy,TRULY_MISSING,True,
ne-zabyvay-menya-2,TRULY_MISSING,True,
zapisal-tvoe-imya-na-serdce,TRULY_MISSING,True,
pylnye-dorogi,TRULY_MISSING,True,
kukly,TRULY_MISSING,True,
doroga-k-domu,TRULY_MISSING,True,
sumrachnyy-samuray,TRULY_MISSING,True,
specialnyy-agent-oso,TRULY_MISSING,True,
sipahi,TRULY_MISSING,True,
ognennye-dni-nezavisimost,TRULY_MISSING,True,
nedosyagaemaya-hana-san-2,TRULY_MISSING,True,
nedosyagaemaya-hana-san,TRULY_MISSING,True,
moy-lyubimyy-mangaka,TRULY_MISSING,True,
dlya-menya-est-tolko-ty,TRULY_MISSING,True,
myatezhnik,TRULY_MISSING,True,
mir-himmapana,TRULY_MISSING,True,
lvinyy-zhezl,TRULY_MISSING,True,
more-peremen,TRULY_MISSING,True,
sungurlar,TRULY_MISSING,True,
pervaya-vstrecha-poslednee-proschanie,TRULY_MISSING,True,
polovinka-supruzheskoy-pary,TRULY_MISSING,True,
gibi,TRULY_MISSING,True,
bezumnyy-azart-bliznecy,TRULY_MISSING,True,
arka-zhizni,TRULY_MISSING,True,
kak-naschet-kofe,TRULY_MISSING,True,
urodlivaya-krasota-2,TRULY_MISSING,True,
otcovskaya-lyubov,TRULY_MISSING,True,
sprosi-u-menya-svoe-imya,TRULY_MISSING,True,
redzhep-ivedik-5,TRULY_MISSING,True,
pesnya-nashey-derevni,TRULY_MISSING,True,
tayny-vo-ldah,TRULY_MISSING,True,
milyy-milyy,TRULY_MISSING,True,
podpiska-na-izmenu,TRULY_MISSING,True,
neumelaya-rana,TRULY_MISSING,True,
tri-apokrifa-obet,TRULY_MISSING,True,
druzya-po-sosedstvu,TRULY_MISSING,True,
666-oderzhimost-dzhinami,TRULY_MISSING,True,
dzhinn,TRULY_MISSING,True,
korolevskaya-bitva-2,TRULY_MISSING,True,
golova-drakona,TRULY_MISSING,True,
era-vampirov,TRULY_MISSING,True,
nepreodolimoe-zhelanie,TRULY_MISSING,True,
tebe-suzhdeno-mne-ponravitsya,TRULY_MISSING,True,
ee-korolevskoe-vysochestvo,TRULY_MISSING,True,
pylayuschaya-nezhnost,TRULY_MISSING,True,
naydi-menya-esli-smozhesh,TRULY_MISSING,True,
prinadlezhnost-2,TRULY_MISSING,True,
godzilla-motra-mehagodzilla-spasite-tokio,TRULY_MISSING,True,
ad-dlya-odinochek-2,TRULY_MISSING,True,
ad-dlya-odinochek-3,TRULY_MISSING,True,
belosnezhnyy,TRULY_MISSING,True,
ad-dlya-odinochek-4,TRULY_MISSING,True,
zarazhennyy-2-chert,TRULY_MISSING,True,
gorod-buduschego,TRULY_MISSING,True,
bespokoystvo,TRULY_MISSING,True,
protivorechivaya-ya,TRULY_MISSING,True,
s-toboy-skvoz-vechnuyu-radost,TRULY_MISSING,True,
kaleydoskop-fantaziy-vospominaniya-o-fantazme,TRULY_MISSING,True,
kanoe-manitu,TRULY_MISSING,True,
purpurnaya-babochka,TRULY_MISSING,True,
domashniy-ochag,TRULY_MISSING,True,
nochi-zla,TRULY_MISSING,True,
bessmertnaya-lyubov,TRULY_MISSING,True,
ty-i-ya-na-strune-sol,TRULY_MISSING,True,
advokat-aydola,TRULY_MISSING,True,
ya-takaya-krasivaya,TRULY_MISSING,True,
koridor,TRULY_MISSING,True,
redzhep-ivedik-6,TRULY_MISSING,True,
tanec-oblakov,TRULY_MISSING,True,
snezhnoe-plamya,TRULY_MISSING,True,
haos-v-banketnom-zale,TRULY_MISSING,True,
son-vorona,TRULY_MISSING,True,
lyubov-po-obmenu,TRULY_MISSING,True,
moy-solnechnyy-svet,TRULY_MISSING,True,
chto-ne-tak-s-moim-sekretarem,TRULY_MISSING,True,
zolotye-peyzazhi-zavtrashnego-dnya,TRULY_MISSING,True,
dnevnik-princessy,TRULY_MISSING,True,
niko-i-mech-sveta,TRULY_MISSING,True,
upravlyayuschiy-sanse,TRULY_MISSING,True,
gayver-ii,TRULY_MISSING,True,
pervaya-poezdka,TRULY_MISSING,True,
zhenschina-v-peskah,TRULY_MISSING,True,
poddelnyy-kot,TRULY_MISSING,True,
nochnoy-banket,TRULY_MISSING,True,
lyubov-posle-razvoda,TRULY_MISSING,True,
krasnaya-boroda,TRULY_MISSING,True,
vozvraschenie-rokovoy-lyubvi,TRULY_MISSING,True,
chernoe-zoloto,TRULY_MISSING,True,
dvoynik,TRULY_MISSING,True,
bliznecy-2,TRULY_MISSING,True,
shpion-zorge,TRULY_MISSING,True,
ty-uveren-2,TRULY_MISSING,True,
mech-voina,TRULY_MISSING,True,
moya-zhena-gangster-2,TRULY_MISSING,True,
policeyskiy-specnaz,TRULY_MISSING,True,
proklyatie-2-2,TRULY_MISSING,True,
lyubov-pod-yasnym-nochnym-nebom,TRULY_MISSING,True,
medalon,TRULY_MISSING,True,
lyubi-menya,TRULY_MISSING,True,
detektivnoe-agentstvo-milki-holms-2,TRULY_MISSING,True,
moy-nastoyaschiy-drug,TRULY_MISSING,True,
vo-vtoroy-raz-povezet,TRULY_MISSING,True,
ya-pridu-k-tebe-skvoz-morya,TRULY_MISSING,True,
legendarnaya-taverna,TRULY_MISSING,True,
doktor-slamp,TRULY_MISSING,True,
luna-ne-ponimaet-moe-serdce,TRULY_MISSING,True,
napoleon,TRULY_MISSING,True,
stanesh-moim-menedzherom,TRULY_MISSING,True,
lyubovnyy-ray,TRULY_MISSING,True,
lyuksovyy-prazdnichnyy-roman,TRULY_MISSING,True,
letopis-tibetskih-blagovoniy,TRULY_MISSING,True,
amadey,TRULY_MISSING,True,
malenkiy-zoomagazin-taynyy-mir-pitomcev,TRULY_MISSING,True,
iskusnyy-master,TRULY_MISSING,True,
vse-psy-popadayut-v-ray,TRULY_MISSING,True,
bebi-luni-tyunz,TRULY_MISSING,True,
moguchiy-atom,TRULY_MISSING,True,
doktor-chen-ne-grusti,TRULY_MISSING,True,
bolen-toboy,TRULY_MISSING,True,
holodilnik,TRULY_MISSING,True,
otchayannyy-muzh,TRULY_MISSING,True,
falshivyy-flirt,TRULY_MISSING,True,
vsemirnyy-potop,TRULY_MISSING,True,
lyubi-menya-2,TRULY_MISSING,True,
placebo-eti-poiski-smysla,TRULY_MISSING,True,
plantaciya,TRULY_MISSING,True,
rozhdestvenskaya-karma,TRULY_MISSING,True,
dzhonni-test,TRULY_MISSING,True,
semeystvo-saturdey,TRULY_MISSING,True,
shou-mistera-pibodi-i-shermana,TRULY_MISSING,True,
chervyak-iz-buduschego,TRULY_MISSING,True,
novoe-shou-skubi-i-skreppi-du,TRULY_MISSING,True,
grom,TRULY_MISSING,True,
vyhodi-za-menya-zamuzh,TRULY_MISSING,True,
yaschik-pandory,TRULY_MISSING,True,
pozhaluysta-moya-melodiya-2,TRULY_MISSING,True,
pozhaluysta-moya-melodiya,TRULY_MISSING,True,
vremya-letit-i-ty-zdes,TRULY_MISSING,True,
ryuzgar,TRULY_MISSING,True,
vremya-neterpeniya,TRULY_MISSING,True,
mazlum-kuzey-i-kuddusi-2-babki-v-seyfe,TRULY_MISSING,True,
do-teh-por-poka-ty-lyubish-menya,TRULY_MISSING,True,
krutaya-ledi,TRULY_MISSING,True,
ya-more,TRULY_MISSING,True,
dilemma-aziza,TRULY_MISSING,True,
pust-glavar-ne-uslyshit,TRULY_MISSING,True,
basketbolnoe-kolco,TRULY_MISSING,True,
tigrovaya-maska,TRULY_MISSING,True,
gamonya-strana-fantaziy,TRULY_MISSING,True,
step-posmotrite-na-ptic,TRULY_MISSING,True,
kurer-5,TRULY_MISSING,True,
kak-asly,TRULY_MISSING,True,
chernaya-zolushka,TRULY_MISSING,True,
tolko-ona,TRULY_MISSING,True,
vozroditsya-v-tvoih-obyatiyah,TRULY_MISSING,True,
bezumnoe-zhelanie,TRULY_MISSING,True,
professor-chzhou-davay-pozhenimsya,TRULY_MISSING,True,
zaberi-lyubov-s-soboy,TRULY_MISSING,True,
poceluy-vesenney-nochyu,TRULY_MISSING,True,
slava-v-odnochase,TRULY_MISSING,True,
mirazh-gde-illyuziya-vstrechaetsya-s-istinoy,TRULY_MISSING,True,
utopaya-v-nochi,TRULY_MISSING,True,
dyadya,TRULY_MISSING,True,
lunnaya-reka,TRULY_MISSING,True,
adzumi,TRULY_MISSING,True,
on-plohoy-no-mne-eto-nravitsya,TRULY_MISSING,True,
adres-neizvesten,TRULY_MISSING,True,
schastlivogo-novogo-goda-rasshirennaya-versiya,TRULY_MISSING,True,
semya-v-arendu,TRULY_MISSING,True,
chelovecheskie-obrazcy,TRULY_MISSING,True,
nochnoy-ubiyca,TRULY_MISSING,True,
bog-voyny,TRULY_MISSING,True,
dvoynaya-rokirovka-3,TRULY_MISSING,True,
dvoynaya-rokirovka-2,TRULY_MISSING,True,
hi-men-i-vlasteliny-vselennoy,TRULY_MISSING,True,
bessovestnye,TRULY_MISSING,True,
opasnyy-lyubovnik-2,TRULY_MISSING,True,
zlodei,TRULY_MISSING,True,
mazinger-zet,TRULY_MISSING,True,
boss,TRULY_MISSING,True,
vysshaya-klyatva-neizvestnaya-tebe,TRULY_MISSING,True,
druzheskiy-kompleks-poslednyaya-glava,TRULY_MISSING,True,
moy-sputnik,TRULY_MISSING,True,
zamok,TRULY_MISSING,True,
koshachiy-bar-2,TRULY_MISSING,True,
edinstvennaya-kotoruyu-ty-ne-videl-2,TRULY_MISSING,True,
turki-idut-mech-spravedlivosti,TRULY_MISSING,True,
polet-na-kovre-samolete-2,TRULY_MISSING,True,
znak-sudnogo-dnya-sekta,TRULY_MISSING,True,
antihrist-2,TRULY_MISSING,True,
med-i-smetana,TRULY_MISSING,True,
kamera-obskura,TRULY_MISSING,True,
neznanie,TRULY_MISSING,True,
perekrestnye-voyny-digimonov-3,TRULY_MISSING,True,
gran-2-iskuplenie,TRULY_MISSING,True,
luchshaya-oshibka-3,TRULY_MISSING,True,
300-letniy-klass,TRULY_MISSING,True,
luchshaya-oshibka-2,TRULY_MISSING,True,
perekrestnye-voyny-digimonov-2,TRULY_MISSING,True,
velichayshie-gitarnye-riffy,TRULY_MISSING,True,
neuklyuzhiy-pomoschnik,TRULY_MISSING,True,
novyy-god-starogo-li,TRULY_MISSING,True,
lyubov-i-magiya-chudesnogo-debikuro-kuna,TRULY_MISSING,True,
bezumnyy-novyy-god,TRULY_MISSING,True,
luchshiy-oppa,TRULY_MISSING,True,
kanun-lyubvi,TRULY_MISSING,True,
valansol-1965,TRULY_MISSING,True,
dvoynaya-spika,TRULY_MISSING,True,
vosstavshaya-iz-pepla,TRULY_MISSING,True,
krasnaya-shapochka-tyatya-ova,TRULY_MISSING,True,
monti-payton-letayuschiy-cirk,TRULY_MISSING,True,
silmido,TRULY_MISSING,True,
slishkom-mnogo-krasnogo,TRULY_MISSING,True,
pylayuschiy,TRULY_MISSING,True,
nezhnost-nefrita,TRULY_MISSING,True,
muzhenek-vlyubis-v-menya,TRULY_MISSING,True,
vstretimsya-v-vesennyuyu-noch,TRULY_MISSING,True,
lunnyy-lyubovnik,TRULY_MISSING,True,
on-byl-pervym-kto-upal-v-bezdnu,TRULY_MISSING,True,
holodnyy-povelitel-sdalsya,TRULY_MISSING,True,
istochnik-nezhnosti,TRULY_MISSING,True,
devyatnadcatyy-god,TRULY_MISSING,True,
dikaya-roza-3,TRULY_MISSING,True,
glubokaya-noch-lyubvi,TRULY_MISSING,True,
taynaya-gran,TRULY_MISSING,True,
ey-nedostaet-poslushaniya,TRULY_MISSING,True,
serzhant-keroro,TRULY_MISSING,True,
sekret-poznaniya-sveta,TRULY_MISSING,True,
lyubov-nachnetsya-kogda-zakonchatsya-dengi,TRULY_MISSING,True,
strannaya-legenda-dinastii-tan-4,TRULY_MISSING,True,
velikiy-pravitel,TRULY_MISSING,True,
zhili-byli,TRULY_MISSING,True,
proschennyy,TRULY_MISSING,True,
bitva-kulinarnyh-klassov-2,TRULY_MISSING,True,
inadzuma-11-tolko-vpered-kamen-vremeni,TRULY_MISSING,True,
chto-bylo-to-bylo,TRULY_MISSING,True,
mama-na-kazhdyy-den,TRULY_MISSING,True,
glaza-zmei-4,TRULY_MISSING,True,
ornament-ubiystva,TRULY_MISSING,True,
vechnaya-podruzhka-nevesty,TRULY_MISSING,True,
tri-apokrifa-chernaya-magiya,TRULY_MISSING,True,
nol-odin-2,TRULY_MISSING,True,
dnevnik-puteshestvennika,TRULY_MISSING,True,
dnevnik-buduschego-specvypuski,TRULY_MISSING,True,
bezmolvnyy-dom,TRULY_MISSING,True,
rusalochki-morskaya-magiya,TRULY_MISSING,True,
pod-mostom-nad-arakavoy-2,TRULY_MISSING,True,
lego-disney-frozen-operation-puffins,TRULY_MISSING,True,
moy-shumnyy-dom-poslushnyy-ili-net,TRULY_MISSING,True,
savvi-sheldon,TRULY_MISSING,True,
ditya-luny,TRULY_MISSING,True,
dikaya-priroda,TRULY_MISSING,True,
zhoze-tigr-i-ryba,TRULY_MISSING,True,
tayna-staroy-shahty,TRULY_MISSING,True,
bbc-ubit-gitlera,TRULY_MISSING,True,
dolgaya-pamyat,TRULY_MISSING,True,
lico-lzhi,TRULY_MISSING,True,
povest-o-konce-sveta-2-chast-2,TRULY_MISSING,True,
prizraki-4,TRULY_MISSING,True,
ong-bak,TRULY_MISSING,True,
bestiya,TRULY_MISSING,True,
ohota-2,TRULY_MISSING,True,
shanhayskiy-roman,TRULY_MISSING,True,
stat-luchshe,TRULY_MISSING,True,
govori-kak-tvoy-muzh-2,TRULY_MISSING,True,
mezhdu-dvumya-rassvetami,TRULY_MISSING,True,
pod-mostom-nad-arakavoy,TRULY_MISSING,True,
lyupen-iii-chast-ii,TRULY_MISSING,True,
krepost-sanady,TRULY_MISSING,True,
matias-shandor,TRULY_MISSING,True,
sovershennoletnie-druzya,TRULY_MISSING,True,
vlyubitsya-v-tebya-cherez-1000-let,TRULY_MISSING,True,
pervyy-chelovek,TRULY_MISSING,True,
odin-mir-na-dvoih,TRULY_MISSING,True,
smertnyy-mir,TRULY_MISSING,True,
povest-o-zolushke,TRULY_MISSING,True,
virusis-poka-zhiv,TRULY_MISSING,True,
legenda-o-pyati-bessmertnyh,TRULY_MISSING,True,
vospominaniya-ob-ubiystve,TRULY_MISSING,True,
gorod-pod-nazvaniem-chistilische,TRULY_MISSING,True,
nezvanyy-gost-2,TRULY_MISSING,True,
zatoichi,TRULY_MISSING,True,
koldun-2,TRULY_MISSING,True,
chas-lyubvi-19-03,TRULY_MISSING,True,
vozmutitelnyy-klass-vozvraschenie,TRULY_MISSING,True,
my-takie,TRULY_MISSING,True,
svyatoy-duh,TRULY_MISSING,True,
roza-skrytaya-v-razgare-leta,TRULY_MISSING,True,
sezon-czyannan,TRULY_MISSING,True,
v-ozhidanii-proschalnogo-snega,TRULY_MISSING,True,
nebo-na-dvoih,TRULY_MISSING,True,
letnyaya-roza,TRULY_MISSING,True,
blagopriyatnyy-den-dlya-svadby,TRULY_MISSING,True,
lyubov-eto-sudba,TRULY_MISSING,True,
master-li-sekretar-e-slishkom-navyazchiva,TRULY_MISSING,True,
ispytanie-lyubovyu,TRULY_MISSING,True,
nepokornaya,TRULY_MISSING,True,
neudachnik-2,TRULY_MISSING,True,
vozrozhdennyy-orkestr,TRULY_MISSING,True,
detishki-kto-v-dome-hozyain,TRULY_MISSING,True,
zakadychnye-druzya,TRULY_MISSING,True,
kogda-ya-umru,TRULY_MISSING,True,
mertvye-mertvye-demony,TRULY_MISSING,True,
zahvati-lyubov-siloy-manacu,TRULY_MISSING,True,
vlastelin-legend,TRULY_MISSING,True,
priklyucheniya-digimonov-02,TRULY_MISSING,True,
klassika,TRULY_MISSING,True,
vesna-leto-osen-zima-i-snova-vesna,TRULY_MISSING,True,
vkus,TRULY_MISSING,True,
spisok-dlya-santy,TRULY_MISSING,True,
montok,TRULY_MISSING,True,
dve-zhenschiny,TRULY_MISSING,True,
zebramen,TRULY_MISSING,True,
s-nastupleniem-nochi,TRULY_MISSING,True,
bliznecy-2-2,TRULY_MISSING,True,
broshennyy-krolik-specvypuski,TRULY_MISSING,True,
nesnosnye-prishelcy-ova,TRULY_MISSING,True,
tigr-i-krolik,TRULY_MISSING,True,
uchitel-mizantrop-v-klasse-nelyudey,TRULY_MISSING,True,
tigr-i-krolik-2-chast-2,TRULY_MISSING,True,
drakon-radzha-epizod-0,TRULY_MISSING,True,
zvezdnyy-ray,TRULY_MISSING,True,
princ-tennisa-drugaya-istoriya-2,TRULY_MISSING,True,
kendi-kendi,TRULY_MISSING,True,
princ-tennisa-drugaya-istoriya-soobscheniya-iz-proshlogo-i-buduschego,TRULY_MISSING,True,
rybologiya,TRULY_MISSING,True,
solenaya-ryba-2,TRULY_MISSING,True,
solenaya-ryba-specvypuski,TRULY_MISSING,True,
sandzhey-i-kreyg,TRULY_MISSING,True,
halk-i-agenty-smesh,TRULY_MISSING,True,
astral-dom-13,TRULY_MISSING,True,
tibi-mstitel,TRULY_MISSING,True,
milyy-dom-3,TRULY_MISSING,True,
devushki-i-tanki-specvypuski,TRULY_MISSING,True,
milyy-dom-2-2,TRULY_MISSING,True,
otec-2,TRULY_MISSING,True,
pokemon-nachalo,TRULY_MISSING,True,
teylor-svift-the-eras-tour-konec-ery,TRULY_MISSING,True,
koshachi-istorii-2,TRULY_MISSING,True,
koshachi-istorii,TRULY_MISSING,True,
povest-o-sosedyah,TRULY_MISSING,True,
dvadcat-chetyre-strategii-chananya,TRULY_MISSING,True,
skorost-i-lyubov,TRULY_MISSING,True,
preemnik-zov-predkov,TRULY_MISSING,True,
tetrad-mesti-2,TRULY_MISSING,True,
tretiy-master-lyubit-menya,TRULY_MISSING,True,
pogruzhayas-v-ee-ocharovanie,TRULY_MISSING,True,
moya-chzhi-chzhi,TRULY_MISSING,True,
glyadya-na-yarkuyu-lunu-na-nochnom-nebe,TRULY_MISSING,True,
rozygrysh,TRULY_MISSING,True,
schaste-posle-razvoda,TRULY_MISSING,True,
vozrozhdennaya-iz-pepla,TRULY_MISSING,True,
dekalkomaniya,TRULY_MISSING,True,
zatenennye-serdca,TRULY_MISSING,True,
razryvaya-noch,TRULY_MISSING,True,
myagkost-dikih-tel,TRULY_MISSING,True,
ne-vyrvatsya-iz-tvoih-ruk,TRULY_MISSING,True,
pylayuschaya-lyubov,TRULY_MISSING,True,
zhasmin,TRULY_MISSING,True,
babochki,TRULY_MISSING,True,
predatelstvo-2,TRULY_MISSING,True,
plennica,TRULY_MISSING,True,
monstry-protiv-prishelcev,TRULY_MISSING,True,
zakon-merfi,TRULY_MISSING,True,
studencheskaya-mechta,TRULY_MISSING,True,
moya-mama,TRULY_MISSING,True,
mister-bin-2,TRULY_MISSING,True,
progulki-s-dinozavrami,TRULY_MISSING,True,
dolina-mumi-trolley,TRULY_MISSING,True,
toska,TRULY_MISSING,True,
sudba,TRULY_MISSING,True,
kogda-lyubov-boretsya-s-sudboy,TRULY_MISSING,True,
vital,TRULY_MISSING,True,
babnik,TRULY_MISSING,True,
zhizn-prekrasna-kogda-lyubish,TRULY_MISSING,True,
zapret,TRULY_MISSING,True,
deti-masaki-tancuyuschie-serdca,TRULY_MISSING,True,
klub-mesti,TRULY_MISSING,True,
metod,TRULY_MISSING,True,
ty-mila-kogda-idet-dozhd,TRULY_MISSING,True,
ad-sotkan-iz-blagih-namereniy,TRULY_MISSING,True,
ranma-1-2-super,TRULY_MISSING,True,
mlechnyy-put,TRULY_MISSING,True,
ranma-1-2-ova,TRULY_MISSING,True,
mama-ustrashitel-i-ya,TRULY_MISSING,True,
put-vybora-3,TRULY_MISSING,True,
pris-magic,TRULY_MISSING,True,
ne-oglyadyvaysya-2,TRULY_MISSING,True,
predsmertnye-zapiski-na-stole,TRULY_MISSING,True,
mstitelnaya-zhena,TRULY_MISSING,True,
put-vybora-2,TRULY_MISSING,True,
inukami,TRULY_MISSING,True,
esli-by-ya-ne-uvidel-solnca-2,TRULY_MISSING,True,
hetaliya-mirovaya-seriya,TRULY_MISSING,True,
dvoynoy-vystrel,TRULY_MISSING,True,
poslanie,TRULY_MISSING,True,
proschay-vivian,TRULY_MISSING,True,
imperator-ili-nachalnik,TRULY_MISSING,True,
morskoe-oko,TRULY_MISSING,True,
rubaki-tray,TRULY_MISSING,True,
miss-huafu-ne-ubegay,TRULY_MISSING,True,
ne-plachte-doktor-stazher,TRULY_MISSING,True,
puteshestvie-na-zapad-ova,TRULY_MISSING,True,
lyubov-szhigaet,TRULY_MISSING,True,
vesenniy-son-v-zvezdnoy-reke,TRULY_MISSING,True,
eho-luny,TRULY_MISSING,True,
belfegor,TRULY_MISSING,True,
necchuu-syndrome,TRULY_MISSING,True,
mayonaka-no-doa-stay-with-me-houshou-marine-cover,TRULY_MISSING,True,
megumi-no-hito-houshou-marine-cover,TRULY_MISSING,True,
panaceya-ne-tak-horosha-kak-ty,TRULY_MISSING,True,
bozhestvennoe-ochischenie-rekviem-loli-bogini,TRULY_MISSING,True,
complex-princess,TRULY_MISSING,True,
iii,TRULY_MISSING,True,
pohotlivyy-denezhnyy-mir-legendarnaya-noch,TRULY_MISSING,True,
ohotnik-h-ohotnik-2011,TRULY_MISSING,True,
ofsayd,TRULY_MISSING,True,
sumerki,TRULY_MISSING,True,
bez-uma-ot-tebya,TRULY_MISSING,True,
gorod,TRULY_MISSING,True,
kto-nanyal-killera,TRULY_MISSING,True,
moya-zhizn-dlya-menya-moe-serdce-dlya-tebya,TRULY_MISSING,True,
volchiy-dozhd-final,TRULY_MISSING,True,
chelovek-protiv-malysha,TRULY_MISSING,True,
cvetnaya-kost,TRULY_MISSING,True,
novaya-policeyskaya-istoriya,TRULY_MISSING,True,
bratya-ventura,TRULY_MISSING,True,
merv,TRULY_MISSING,True,
pustoy-dom,TRULY_MISSING,True,
hozyain-sudby,TRULY_MISSING,True,
chudesnye-zerkala,TRULY_MISSING,True,
posledniy-kadr,TRULY_MISSING,True,
pervorodnyy-greh,TRULY_MISSING,True,
dahaydao,TRULY_MISSING,True,
dom-sumasshedshih,TRULY_MISSING,True,
otvetnyy-stuk-serdca,TRULY_MISSING,True,
vnezapnoe-zamuzhestvo,TRULY_MISSING,True,
bezmolvnaya-bednost,TRULY_MISSING,True,
prostite-za-moih-bratev,TRULY_MISSING,True,
kakaya-segodnya-noch,TRULY_MISSING,True,
bud-soboy,TRULY_MISSING,True,
riskovaya,TRULY_MISSING,True,
tolko-ty-2,TRULY_MISSING,True,
moya-milaya-sosedka-zhivuschaya-naprotiv,TRULY_MISSING,True,
tainstvennoe-plamya,TRULY_MISSING,True,
vanton,TRULY_MISSING,True,
bolshoy-boss,TRULY_MISSING,True,
da-horoshenkoe-lekarstvo-5,TRULY_MISSING,True,
pozhilye-i-deti-devyanostyh,TRULY_MISSING,True,
mezhdugorodnie-otnosheniya,TRULY_MISSING,True,
medarot-spirits,TRULY_MISSING,True,
medarot,TRULY_MISSING,True,
volshebnaya-scena-modnicy-laly,TRULY_MISSING,True,
legenda-o-zu,TRULY_MISSING,True,
vzbodrites-poni,TRULY_MISSING,True,
krasochnaya-lyubov,TRULY_MISSING,True,
lyublyu-tebya-i-nenavizhu,TRULY_MISSING,True,
zhivi-tak-kak-hochesh,TRULY_MISSING,True,
transformery-roboty-pod-prikrytiem,TRULY_MISSING,True,
povest-o-konce-sveta-3,TRULY_MISSING,True,
vashe-velichestvo,TRULY_MISSING,True,
puteshestvie-kino-prekrasnyy-mir,TRULY_MISSING,True,
specnaz-protiv-samuraev-missiya-1549,TRULY_MISSING,True,
tainstvennyy-ostrov,TRULY_MISSING,True,
charodeyki,TRULY_MISSING,True,
povituha-v-holodnom-dvorce,TRULY_MISSING,True,
ottochennoe-pochtenie,TRULY_MISSING,True,
arhangel,TRULY_MISSING,True,
obmen-telami-2,TRULY_MISSING,True,
veter-i-priliv,TRULY_MISSING,True,
podskazki-bulki-dlya-vseh,TRULY_MISSING,True,
dyavolskoe-iskusstvo-2,TRULY_MISSING,True,
1942,TRULY_MISSING,True,
amitivill-virtualnaya-realnost,TRULY_MISSING,True,
zhivoy,TRULY_MISSING,True,
lyubov-k-yugu-ot-oblakov,TRULY_MISSING,True,
moya-sestra,TRULY_MISSING,True,
igray,TRULY_MISSING,True,
domashnyaya-kamera,TRULY_MISSING,True,
zhdi-i-smotri,TRULY_MISSING,True,
dvulikiy-detektiv,TRULY_MISSING,True,
labirint-sverhchuvstvennyh-oschuscheniy,TRULY_MISSING,True,
ceremoniya-sovershennoletiya,TRULY_MISSING,True,
polozhi-svoyu-golovu-mne-na-plecho,TRULY_MISSING,True,
dotyanutsya-do-zvezd,TRULY_MISSING,True,
moy-boss-kot,TRULY_MISSING,True,
avgustovskaya-rapsodiya,TRULY_MISSING,True,
oko-fortuny,TRULY_MISSING,True,
legenda-o-narayame,TRULY_MISSING,True,
plohie-milliardery-indiya,TRULY_MISSING,True,
prekrasnoe-vremya-yunosti,TRULY_MISSING,True,
put-yunosti-toska-lyubvi,TRULY_MISSING,True,
sem-mechey,TRULY_MISSING,True,
zapertaya-komnata,TRULY_MISSING,True,
otryad-drakon,TRULY_MISSING,True,
otklonenie-ot-normy,TRULY_MISSING,True,
vtoroy-propuschennyy-zvonok,TRULY_MISSING,True,
vzaimnoe-zhelanie,TRULY_MISSING,True,
prizrachnyy-mech,TRULY_MISSING,True,
smertelnyy-trans,TRULY_MISSING,True,
snl50-za-kulisami-subbotnego-shou,TRULY_MISSING,True,
spletni,TRULY_MISSING,True,
demony-pustyni,TRULY_MISSING,True,
moy-muzh-vampir,TRULY_MISSING,True,
dikiy,TRULY_MISSING,True,
stan-moey-zhenoy,TRULY_MISSING,True,
imperator-pribyl,TRULY_MISSING,True,
posle-svadby-nachinaetsya-boy,TRULY_MISSING,True,
strastnaya-byvshaya-mistera-fu,TRULY_MISSING,True,
ot-lyubvi-ne-sbezhat,TRULY_MISSING,True,
my-molody,TRULY_MISSING,True,
lestnica-k-zvezdam,TRULY_MISSING,True,
nelegko-byt-korolem,TRULY_MISSING,True,
nesovershennaya-lyubov,TRULY_MISSING,True,
ne-celuy-menya-mister-dyavol-2,TRULY_MISSING,True,
17-3-o-sekse,TRULY_MISSING,True,
vlyublennost,TRULY_MISSING,True,
dnevnik-38-letney-razvedennoy-zhenschiny-kotoraya-poprobovala-prilozhenie-dlya-z,TRULY_MISSING,True,
vor-perioda-edo-po-klichke-krysa,TRULY_MISSING,True,
blizhe-k-tebe,TRULY_MISSING,True,
49,TRULY_MISSING,True,
puteshestvie-cvetka,TRULY_MISSING,True,
novyy-mir,TRULY_MISSING,True,
ti-yay-rozhdennyy-byt-plohim,TRULY_MISSING,True,
slegka-poslushnaya,TRULY_MISSING,True,
muzh-umeyuschiy-chitat-mysli,TRULY_MISSING,True,
svidanie,TRULY_MISSING,True,
chto-ty-delal-tem-letom,TRULY_MISSING,True,
lyublyu-etu-sumasshedshuyu,TRULY_MISSING,True,
soblyudaya-prilichiya,TRULY_MISSING,True,
brat-i-sestra-pod-prikrytiem,TRULY_MISSING,True,
plohie-parni,TRULY_MISSING,True,
molodost-vozvraschaetsya,TRULY_MISSING,True,
istoriya-tainstvennogo-mysa,TRULY_MISSING,True,
kukolnyy-domik,TRULY_MISSING,True,
sammit-stalnoy-dozhd-2,TRULY_MISSING,True,
trepet,TRULY_MISSING,True,
odnim-durackim-letom,TRULY_MISSING,True,
istinnye-cveta,TRULY_MISSING,True,
yammilend,TRULY_MISSING,True,
neobyknovennyy,TRULY_MISSING,True,
chernyy-kogot,TRULY_MISSING,True,
takeshiz,TRULY_MISSING,True,
banzo,TRULY_MISSING,True,
dom-gneva,TRULY_MISSING,True,
vybory,TRULY_MISSING,True,
shepot-sten-4-golos,TRULY_MISSING,True,
na-obschestvennyh-nachalah,TRULY_MISSING,True,
zavtra-obyazatelno,TRULY_MISSING,True,
inadzuma-11-vneshniy-kod,TRULY_MISSING,True,
rozhdestvo-na-dezhurstve,TRULY_MISSING,True,
zhemchuzhina-klassa-e-temnaya-storona,TRULY_MISSING,True,
odinokiy-samuray,TRULY_MISSING,True,
kid-protiv-ket,TRULY_MISSING,True,
poza,TRULY_MISSING,True,
konditer-novogo-urovnya,TRULY_MISSING,True,
cena-ispovedi,TRULY_MISSING,True,
ey-u-tebya-zamechatelnyy-bolshoy-biznes,TRULY_MISSING,True,
moya-supersila,TRULY_MISSING,True,
moya-lyubov-iz-vavilona,TRULY_MISSING,True,
ne-sdavaysya-tien,TRULY_MISSING,True,
ben-10-inoplanetnaya-sverhsila,TRULY_MISSING,True,
seyfheven,TRULY_MISSING,True,
tochka-obzora,TRULY_MISSING,True,
semya-makmallen,TRULY_MISSING,True,
spartak-dom-ashura,TRULY_MISSING,True,
rumyana-haytan-siyayut-pod-dozhdem,TRULY_MISSING,True,
obedennyy-stolik-noriko,TRULY_MISSING,True,
moya-devushka-dyavol,TRULY_MISSING,True,
triptank,TRULY_MISSING,True,
ya-bokser,TRULY_MISSING,True,
devushka-v-moey-komnate,TRULY_MISSING,True,
60-minut-do-lyubvi,TRULY_MISSING,True,
vse-bolshe-i-bolshe-lyublyu-tebya,TRULY_MISSING,True,
ty-moe-zvezdnoe-nebo,TRULY_MISSING,True,
klyatva,TRULY_MISSING,True,
lyubovnica,TRULY_MISSING,True,
s-p-l-zvezdy-sudby,TRULY_MISSING,True,
bannikula-krolik-vampir,TRULY_MISSING,True,
dengi-dengi-prihodite,TRULY_MISSING,True,
vozrozhdenie-krasoty,TRULY_MISSING,True,
drugoy-inspektor,TRULY_MISSING,True,
gambit-vorobya,TRULY_MISSING,True,
zaputannyy-brak,TRULY_MISSING,True,
zhemchuzhina-klassa-e,TRULY_MISSING,True,
dlinnonogiy-dyadyushka,TRULY_MISSING,True,
babochka-snayper,TRULY_MISSING,True,
mertvyy-sezon,TRULY_MISSING,True,
sinobi,TRULY_MISSING,True,
veruyuschie-2,TRULY_MISSING,True,
zolotye-glaza,TRULY_MISSING,True,
istoriya-lisy-prizraka-2,TRULY_MISSING,True,
esche-raz-s-chuvstvom,TRULY_MISSING,True,
priznanie-v-lyubvi-skvoz-vremya,TRULY_MISSING,True,
kalel-15,TRULY_MISSING,True,
pogrebennyy-gorod-sokryt-vse-ogni,TRULY_MISSING,True,
terra-alta,TRULY_MISSING,True,
yunye-gody-chudesnye,TRULY_MISSING,True,
priyatno-poznakomitsya,TRULY_MISSING,True,
amerikanskiy-drakon-dzheyk-long,TRULY_MISSING,True,
rebeka,TRULY_MISSING,True,
sostoyanie-fugi-1986,TRULY_MISSING,True,
koroleva-poiska,TRULY_MISSING,True,
ekstremalnye-gonki,TRULY_MISSING,True,
dvoynoe-morozhenoe,TRULY_MISSING,True,
pokinutye,TRULY_MISSING,True,
tri-mushketera,TRULY_MISSING,True,
pervyy-god-na-severe,TRULY_MISSING,True,
100-litrov-zolota,TRULY_MISSING,True,
nadezhda-2,TRULY_MISSING,True,
padenie-prezidenta,TRULY_MISSING,True,
svini-na-uboy,TRULY_MISSING,True,
znaki-zhizni,TRULY_MISSING,True,
predugadyvayuschaya-sudbu,TRULY_MISSING,True,
rozhdestvenskiy-tachdaun-futbolnaya-istoriya-lyubvi,TRULY_MISSING,True,
sovremennyy-folklor,TRULY_MISSING,True,
chetyre-nochi-v-lesu-straha,TRULY_MISSING,True,
schastlivy-navsegda,TRULY_MISSING,True,
da-zdravstvuet-korol-dzhulian,TRULY_MISSING,True,
eretiki,TRULY_MISSING,True,
bulvar-midnayt,TRULY_MISSING,True,
ne-zabud-menya,TRULY_MISSING,True,
prekrasnyy-pererodivshiysya-cvetok,TRULY_MISSING,True,
sosedskiy-malchishka,TRULY_MISSING,True,
navstrechu-opasnosti,TRULY_MISSING,True,
lyubov-skvoz-vremya,TRULY_MISSING,True,
unizhay-i-vlastvuy,TRULY_MISSING,True,
vse-chto-ya-hochu-v-lyubvi-eto-ty,TRULY_MISSING,True,
kim-pyat-s-plyusom,TRULY_MISSING,True,
otel-transilvaniya,TRULY_MISSING,True,
smertelnoe-puteshestvie,TRULY_MISSING,True,
kapoeyra,TRULY_MISSING,True,
delo-chesti,TRULY_MISSING,True,
chest-drakona,TRULY_MISSING,True,
princ-tennisa,TRULY_MISSING,True,
yamato,TRULY_MISSING,True,
gorech-i-sladost,TRULY_MISSING,True,
neudachnoe-ograblenie,TRULY_MISSING,True,
slovno-son,TRULY_MISSING,True,
aprelskiy-sneg,TRULY_MISSING,True,
derzhis-ot-nego-podalshe,TRULY_MISSING,True,
hinokio,TRULY_MISSING,True,
natyanutaya-tetiva,TRULY_MISSING,True,
nepokornaya-nalozhnica,TRULY_MISSING,True,
dreyfuya-v-lyubvi,TRULY_MISSING,True,
odnazhdy-vo-sne,TRULY_MISSING,True,
muzh-so-zvezdy,TRULY_MISSING,True,
sprosi-u-vetra,TRULY_MISSING,True,
sluchaynyy-flirt-i-vot-uzhe-svadba,TRULY_MISSING,True,
rozhdennyy-siyat,TRULY_MISSING,True,
pod-bleskom,TRULY_MISSING,True,
vosmaya-semya,TRULY_MISSING,True,
schastlivye-vragi,TRULY_MISSING,True,
skrytye-namereniya-ho,TRULY_MISSING,True,
nemyslimoe-strannye-istorii,TRULY_MISSING,True,
obmen-dushami,TRULY_MISSING,True,
zapertaya-komnata-2,TRULY_MISSING,True,
zapretnyy-trepet-serdca-v-ofise,TRULY_MISSING,True,
dobro-pozhalovat-v-tehas,TRULY_MISSING,True,
i-eto-proydet,TRULY_MISSING,True,
rastopi-moe-serdce-v-eto-rozhdestvo,TRULY_MISSING,True,
endzh,TRULY_MISSING,True,
moy-paren-robot,TRULY_MISSING,True,
sandokan-princ-piratov,TRULY_MISSING,True,
sochuvstvie-gospozhe-mest,TRULY_MISSING,True,
vozvraschenie-k-istokam,TRULY_MISSING,True,
duelyant,TRULY_MISSING,True,
dobro-pozhalovat-v-tonmakkol,TRULY_MISSING,True,
dusha-drakona,TRULY_MISSING,True,
legenda-ob-ohotnike-2-svyaschennaya-gora-hingan,TRULY_MISSING,True,
nevinnye-shagi,TRULY_MISSING,True,
bbc-drevniy-egipet-velikoe-otkrytie,TRULY_MISSING,True,
korol-i-shut,TRULY_MISSING,True,
chelovek-iz-niotkuda,TRULY_MISSING,True,
mogila-svetlyachkov,TRULY_MISSING,True,
hrabrost,TRULY_MISSING,True,
schenyachiy-patrul-rozhdestvo,TRULY_MISSING,True,
sarancha,TRULY_MISSING,True,
priklyucheniya-dzhimmi-neytrona-malchika-geniya,TRULY_MISSING,True,
bunt-prislugi,TRULY_MISSING,True,
vsem-vstat,TRULY_MISSING,True,
docheri-gornichnoy,TRULY_MISSING,True,
rassvet-knigi-nebes,TRULY_MISSING,True,
oazis-oskara,TRULY_MISSING,True,
pingviny-iz-madagaskara,TRULY_MISSING,True,
vintazhnoe-rozhdestvo,TRULY_MISSING,True,
bog-voyny-chzhao-yun,TRULY_MISSING,True,
ey-arnold,TRULY_MISSING,True,
semyanin-2,TRULY_MISSING,True,
vyyti-za-nego-zamuzh-vmesto-nee,TRULY_MISSING,True,
levsha,TRULY_MISSING,True,
zayon,TRULY_MISSING,True,
kazhdyy-god,TRULY_MISSING,True,
pozhiratel-snov,TRULY_MISSING,True,
syn-tysyachi-otcov,TRULY_MISSING,True,
v-puti-2,TRULY_MISSING,True,
puteshestviya-vo-vremeni-opasny,TRULY_MISSING,True,
raptus,TRULY_MISSING,True,
abhangi-tukarama,TRULY_MISSING,True,
legenda-o-lise-iz-carstva-zelenyh-holmov,TRULY_MISSING,True,
obman-po-lyubvi,TRULY_MISSING,True,
kleymo-oborotnya,TRULY_MISSING,True,
priklyucheniya-vudi-i-ego-druzey,TRULY_MISSING,True,
alaya-reka,TRULY_MISSING,True,
prosto-chtoby-uvidet-tebya,TRULY_MISSING,True,
ya-sluchayno-vlyubilsya,TRULY_MISSING,True,
vudi-vudpekker,TRULY_MISSING,True,
yamato-navsegda-myatezhnik-3199,TRULY_MISSING,True,
zona-vosemdesyat-vosem,TRULY_MISSING,True,
nochnoy-dozhd-v-mire-czyanhu-podoben-snu,TRULY_MISSING,True,
zmeya,TRULY_MISSING,True,
pylayuschie-kulaki,TRULY_MISSING,True,
ispoved-kishibe-rohanu,TRULY_MISSING,True,
ubiycy,TRULY_MISSING,True,
chernaya-zmeya,TRULY_MISSING,True,
obitel-prizrakov-2,TRULY_MISSING,True,
renuar,TRULY_MISSING,True,
1972-svetlyachki-na-plyazhe,TRULY_MISSING,True,
borba-s-narkotikami,TRULY_MISSING,True,
krasnoe-svadebnoe-plate,TRULY_MISSING,True,
von-feyhun-chernaya-sekta,TRULY_MISSING,True,
zolotaya-lihoradka-pod-led-beringova-morya,TRULY_MISSING,True,
papa-psih,TRULY_MISSING,True,
scena,TRULY_MISSING,True,
obedinenie-yaponii,TRULY_MISSING,True,
tutanhamon-proklyatie-grobnicy,TRULY_MISSING,True,
gorod-tanca,TRULY_MISSING,True,
shkval,TRULY_MISSING,True,
rabota-v-teni,TRULY_MISSING,True,
nakanune-skandala,TRULY_MISSING,True,
voyny-zhukov-gigantov,TRULY_MISSING,True,
svirepye-korolevy,TRULY_MISSING,True,
archer,TRULY_MISSING,True,
radost-zhizni-2,TRULY_MISSING,True,
voin-severa,TRULY_MISSING,True,
2012-gibel-imperii,TRULY_MISSING,True,
avantyura,TRULY_MISSING,True,
tenevoy-detektiv,TRULY_MISSING,True,
podozritelnyy,TRULY_MISSING,True,
koshmarnyy-detektiv,TRULY_MISSING,True,
zyat-eto-boss,TRULY_MISSING,True,
napev-o-divnom-sne,TRULY_MISSING,True,
nevesta-morskogo-boga,TRULY_MISSING,True,
stariki-razvedchiki-2,TRULY_MISSING,True,
vozvraschenie-nanin,TRULY_MISSING,True,
segodnya-ne-usnut,TRULY_MISSING,True,
ledyanaya-fantaziya-sudba,TRULY_MISSING,True,
bespomoschnyy,TRULY_MISSING,True,
oda-radosti-3,TRULY_MISSING,True,
zapiski-detektiva,TRULY_MISSING,True,
pravila-igry,TRULY_MISSING,True,
hraniteli-boevyh-iskusstv,TRULY_MISSING,True,
strana-teyiti,TRULY_MISSING,True,
dnevnaya-krasavica,TRULY_MISSING,True,
oda-radosti,TRULY_MISSING,True,
kvartira-2,TRULY_MISSING,True,
oda-radosti-2-2,TRULY_MISSING,True,
hroniki-valkirii-teatr-valkiriy,TRULY_MISSING,True,
super-sema,TRULY_MISSING,True,
kriki,TRULY_MISSING,True,
shelk,TRULY_MISSING,True,
son-babochki,TRULY_MISSING,True,
vrata-drakona-i-tigra,TRULY_MISSING,True,
aran,TRULY_MISSING,True,
likvidator,TRULY_MISSING,True,
pravednye-svyazi,TRULY_MISSING,True,
zapiski-detektiva-2,TRULY_MISSING,True,
my-lyubim-poetomu-vse-horosho,TRULY_MISSING,True,
zhutkaya-devushka,TRULY_MISSING,True,
lyubov-i-smert,TRULY_MISSING,True,
13,TRULY_MISSING,True,
schenyachiy-patrul,TRULY_MISSING,True,
transformery-vlastogolovy,TRULY_MISSING,True,
legenda-o-magnate,TRULY_MISSING,True,
nichto-ne-vechno,TRULY_MISSING,True,
techenie-chudesnogo-vremeni,TRULY_MISSING,True,
re-cikl,TRULY_MISSING,True,
zhdu-tebya-v-buduschem,TRULY_MISSING,True,
blagorodnye-yunoshi,TRULY_MISSING,True,
nesravnennaya-mulan,TRULY_MISSING,True,
komnata-pamyati,TRULY_MISSING,True,
glaza-princessy-drakonov,TRULY_MISSING,True,
ruka-demona-unichtozhayuschaya-cvety,TRULY_MISSING,True,
belovolosaya-vedma,TRULY_MISSING,True,
eho-serdca,TRULY_MISSING,True,
nuzhny-li-zhenschinam-bordeli,TRULY_MISSING,True,
ya-ne-poterplyu-devchonok,TRULY_MISSING,True,
schaste-prihodit-k-tem-kto-est-spit-i-zhdet,TRULY_MISSING,True,
tochka-prityazheniya,TRULY_MISSING,True,
moya-zhena-gangster-3,TRULY_MISSING,True,
parni-v-balete,TRULY_MISSING,True,
replika-mest-byvshey-zheny,TRULY_MISSING,True,
peremeny-v-serdce,TRULY_MISSING,True,
korporativnyy-rab-yabu,TRULY_MISSING,True,
vtorzhenie-dinozavra,TRULY_MISSING,True,
svet-vo-tme,TRULY_MISSING,True,
mogura,TRULY_MISSING,True,
specialistka-po-razvodam-spayder,TRULY_MISSING,True,
serdechnyy-pristup-2,TRULY_MISSING,True,
esli-mir-eto-scena-gde-zhe-grimerka,TRULY_MISSING,True,
beshenyy,TRULY_MISSING,True,
lilith-fair-sozdavaya-taynu,TRULY_MISSING,True,
voyna-cvetov,TRULY_MISSING,True,
vinchi-2,TRULY_MISSING,True,
ubiyca-klana-inugami,TRULY_MISSING,True,
legenda-o-sedmom-nozhe,TRULY_MISSING,True,
ubit-imperatora,TRULY_MISSING,True,
legenda-czu,TRULY_MISSING,True,
choknutye,TRULY_MISSING,True,
chihayafuru-final,TRULY_MISSING,True,
tanec-mechey,TRULY_MISSING,True,
boevaya-rybka,TRULY_MISSING,True,
sladkie-mechty,TRULY_MISSING,True,
voronka-uorrena,TRULY_MISSING,True,
vechnaya-lyubov-3-2,TRULY_MISSING,True,
vechnaya-lyubov-2-2,TRULY_MISSING,True,
10-let-spustya,TRULY_MISSING,True,
lyubov-i-imperator,TRULY_MISSING,True,
prityazhenie-radugi,TRULY_MISSING,True,
molodost-dolzhna-byt-ranney,TRULY_MISSING,True,
master-musi,TRULY_MISSING,True,
nana-2-2,TRULY_MISSING,True,
bespokoynyy,TRULY_MISSING,True,
natyurmort,TRULY_MISSING,True,
ya-lyublyu-tebya-moya-zemlya-i-nebo,TRULY_MISSING,True,
eto-tvoya-vina,TRULY_MISSING,True,
obratnyy-hod-vremeni,TRULY_MISSING,True,
mimoletnyy-son,TRULY_MISSING,True,
igra-v-propagandu,TRULY_MISSING,True,
vybory-2,TRULY_MISSING,True,
rok-shou-legenda-o-shingan-crimsonz,TRULY_MISSING,True,
takie-raznye-zhivotnye,TRULY_MISSING,True,
lezvie-ranit-glubzhe,TRULY_MISSING,True,
bankovskie-igry,TRULY_MISSING,True,
dom-ubiystv,TRULY_MISSING,True,
polnolunie,TRULY_MISSING,True,
pyatnica-13-e-poterya-krovi,TRULY_MISSING,True,
lyubov-na-biryuzovoy-zemle,TRULY_MISSING,True,
glubokoe-pogruzhenie-prinuditelnaya-peremotka,TRULY_MISSING,True,
v-nuzhnoe-vremya-s-nuzhnym-chelovekom,TRULY_MISSING,True,
policeyskie-pod-prikrytiem,TRULY_MISSING,True,
vyhodit-zamuzh-ili-net,TRULY_MISSING,True,
dve-nedeli-2,TRULY_MISSING,True,
aferisty-po-yaponski-princessa,TRULY_MISSING,True,
taksi-delyuks-2,TRULY_MISSING,True,
taksi-delyuks-3,TRULY_MISSING,True,
30-minut-do-proschaniya,TRULY_MISSING,True,
portret-krasavicy-2,TRULY_MISSING,True,
lyubov-k-tebe-iscelyaet,TRULY_MISSING,True,
hraniteli-drevney-klyatvy,TRULY_MISSING,True,
v-poiskah-duha-guyguczy,TRULY_MISSING,True,
dorogoy-dizayner,TRULY_MISSING,True,
svoy-chelovek-2,TRULY_MISSING,True,
hudozhnik-2,TRULY_MISSING,True,
ohotnik-na-lzhecov,TRULY_MISSING,True,
vlyubitsya-v-moego-plohogo-parnya,TRULY_MISSING,True,
noch-po-tu-storonu-treugolnogo-okna,TRULY_MISSING,True,
sirai-san,TRULY_MISSING,True,
vlyubitsya-v-moego-imperatora,TRULY_MISSING,True,
aferisty-po-yaponski-romantichnaya-glava,TRULY_MISSING,True,
zapredelnost,TRULY_MISSING,True,
sem-mechey-cvetok-semi-chuvstv,TRULY_MISSING,True,
dlya-tvoih-glaz,TRULY_MISSING,True,
missiya,TRULY_MISSING,True,
raskrashennaya-kozha,TRULY_MISSING,True,
gluboko-v-serdce,TRULY_MISSING,True,
kanikuly-2,TRULY_MISSING,True,
otverzhennye-2,TRULY_MISSING,True,
bandit-iz-starshey-shkoly,TRULY_MISSING,True,
vremya,TRULY_MISSING,True,
bayty-uzhasa-evolyuciya-horror-igr,TRULY_MISSING,True,
mladenec-na-30-000-000,TRULY_MISSING,True,
master-go,TRULY_MISSING,True,
svadba-tui,TRULY_MISSING,True,
kerri-i-superkola-shkolnye-priklyucheniya,TRULY_MISSING,True,
bitva-umov,TRULY_MISSING,True,
200-funtov-krasoty,TRULY_MISSING,True,
ukroschennyy-iskusheniem,TRULY_MISSING,True,
pobeg-po-korolevski,TRULY_MISSING,True,
nyurnberg-nacisty-pered-licom-svoih-prestupleniy,TRULY_MISSING,True,
beskraynee-more,TRULY_MISSING,True,
propavshie-bez-vesti-vopros-zhizni-i-smerti,TRULY_MISSING,True,
vse-hotyat-s-toboy-poznakomitsya,TRULY_MISSING,True,
ezhednevnaya-fantaziya,TRULY_MISSING,True,
korol-vorov-chu-lyusyan,TRULY_MISSING,True,
pozhar-na-ravnine,TRULY_MISSING,True,
legenda-loulan-prizrachnaya-armiya,TRULY_MISSING,True,
bolnica-dlya-monstrov,TRULY_MISSING,True,
schastlivyy-urok-final,TRULY_MISSING,True,
schastlivyy-urok-uspeh,TRULY_MISSING,True,
maoshan,TRULY_MISSING,True,
volshebnyy-gorod,TRULY_MISSING,True,
spinoy-k-obschestvu,TRULY_MISSING,True,
blesk-v-moih-glazah,TRULY_MISSING,True,
legenda-o-zmee,TRULY_MISSING,True,
gordaya-lyubov,TRULY_MISSING,True,
zateryannaya-grobnica-perezagruzka-budda-iz-zmeinoy-kosti,TRULY_MISSING,True,
londonskaya-istoriya-lyubvi,TRULY_MISSING,True,
legenda-o-zmee-2,TRULY_MISSING,True,
voinstvennaya-vselennaya,TRULY_MISSING,True,
karnaval-beschestiya,TRULY_MISSING,True,
houmstak,TRULY_MISSING,True,
oku,TRULY_MISSING,True,
smert-banni-manro,TRULY_MISSING,True,
klinery,TRULY_MISSING,True,
luna-2,TRULY_MISSING,True,
pisma-s-ivodzimy,TRULY_MISSING,True,
odna-na-fronte,TRULY_MISSING,True,
romashka,TRULY_MISSING,True,
zhestokiy-zimniy-blyuz,TRULY_MISSING,True,
podsolnuh,TRULY_MISSING,True,
pervaya-lyubov-millionera,TRULY_MISSING,True,
novaya-molodezh,TRULY_MISSING,True,
problemy-s-shampanskim,TRULY_MISSING,True,
bog-poteryannyh-grez,TRULY_MISSING,True,
ups-ya-v-tyurme,TRULY_MISSING,True,
schastlivyy-urok-specvypusk,TRULY_MISSING,True,
v-dzhunglyah-vse-bylo-horosho-poka-ne-prishla-guu-final,TRULY_MISSING,True,
alma-v-parizhe,TRULY_MISSING,True,
lisichka-helen,TRULY_MISSING,True,
polnochnoe-solnce,TRULY_MISSING,True,
orden-korolya-drakonov,TRULY_MISSING,True,
dnevnik-zhenschiny-lekarya,TRULY_MISSING,True,
gospozha-kaguya-v-lyubvi-kak-na-voyne-final,TRULY_MISSING,True,
proshu-tebya,TRULY_MISSING,True,
volshebnyy-fonar-lotosa,TRULY_MISSING,True,
novaya-zhizn-2,TRULY_MISSING,True,
mest-cvetov,TRULY_MISSING,True,
snayper-2,TRULY_MISSING,True,
poka-my-ne-vstretimsya-vnov,TRULY_MISSING,True,
koroleva,TRULY_MISSING,True,
vodnyy-monstr-2-tayny-lesa,TRULY_MISSING,True,
nepobedimye-2,TRULY_MISSING,True,
ya-prosto-lyublyu-tebya,TRULY_MISSING,True,
leti-papochka-leti,TRULY_MISSING,True,
lyubov-i-chest,TRULY_MISSING,True,
tri-mudreca,TRULY_MISSING,True,
slava-molodosti,TRULY_MISSING,True,
kto-ty,TRULY_MISSING,True,
boss-i-ya,TRULY_MISSING,True,
renuar-2,TRULY_MISSING,True,
v-brennom-mire-netlennaya-odezhda-bessmertnogo,TRULY_MISSING,True,
ee-den-i-noch,TRULY_MISSING,True,
monstr-sheyker,TRULY_MISSING,True,
pererabotka,TRULY_MISSING,True,
iscelenie-krolichego-bozhestva,TRULY_MISSING,True,
drozh-zemli-udar-izvne,TRULY_MISSING,True,
zerhun,TRULY_MISSING,True,
metod-lyubovnika-bez-chuvstv,TRULY_MISSING,True,
santimetr-lyubvi,TRULY_MISSING,True,
nash-sosedskiy-specnaz,TRULY_MISSING,True,
ne-boysya-lyubit,TRULY_MISSING,True,
vera,TRULY_MISSING,True,
seredina-leta-polnaya-lyubvi,TRULY_MISSING,True,
proschanie-s-mamoy,TRULY_MISSING,True,
posmotri-na-zvezdnoe-nebo,TRULY_MISSING,True,
v-dvadcat-net-somneniy-2,TRULY_MISSING,True,
v-dvadcat-net-somneniy,TRULY_MISSING,True,
suicidalnaya-pesnya,TRULY_MISSING,True,
liga-super-puper-krolikov,TRULY_MISSING,True,
shamo,TRULY_MISSING,True,
tayna-volshebnoy-tykvy,TRULY_MISSING,True,
toska-po-domu,TRULY_MISSING,True,
pochemu-on-vse-esche-odinok,TRULY_MISSING,True,
dar-lyubvi,TRULY_MISSING,True,
sukiyaki-vestern-dzhango,TRULY_MISSING,True,
my-vse-odinoki,TRULY_MISSING,True,
chernyy-kosmos,TRULY_MISSING,True,
tayny-vo-tme,TRULY_MISSING,True,
ya-eto-ty-2,TRULY_MISSING,True,
osennyaya-cikada,TRULY_MISSING,True,
kacheli-v-nebo,TRULY_MISSING,True,
prednaznachenie-lyubvi,TRULY_MISSING,True,
lyubov-v-shanhae,TRULY_MISSING,True,
zhdu-tebya-v-pekine,TRULY_MISSING,True,
puaro-i-marpl-velikie-detektivy-agaty-kristi,TRULY_MISSING,True,
morskie-cvety,TRULY_MISSING,True,
moy-strannyy-drug,TRULY_MISSING,True,
nevospetaya-zolushka,TRULY_MISSING,True,
obmanchivoe-more,TRULY_MISSING,True,
princ-ee-mechty,TRULY_MISSING,True,
obeschanie-zolushka,TRULY_MISSING,True,
rozovyy-s-ottenkom-krasnogo,TRULY_MISSING,True,
sperva-eda-potom-lyubov,TRULY_MISSING,True,
intuiciya-2,TRULY_MISSING,True,
my-prosto-ne-v-razvode,TRULY_MISSING,True,
lyubi-menya-mertvym,TRULY_MISSING,True,
zhizn-na-solnce,TRULY_MISSING,True,
dozhdlivyy-den,TRULY_MISSING,True,
gurman-dinastii-tan,TRULY_MISSING,True,
lyubov-menyayuschaya-sudby,TRULY_MISSING,True,
lyubov-tak-romantichna,TRULY_MISSING,True,
ya-vlyubilsya-v-svoyu-cel,TRULY_MISSING,True,
stazhery-v-otele,TRULY_MISSING,True,
vifleem,TRULY_MISSING,True,
dospehi,TRULY_MISSING,True,
platforma-7,TRULY_MISSING,True,
dando,TRULY_MISSING,True,
dvazhdy-dva-eto-sinobu,TRULY_MISSING,True,
prosba-ne-meshat-vozneseniyu,TRULY_MISSING,True,
syn-plotnika,TRULY_MISSING,True,
kryuk,TRULY_MISSING,True,
banni,TRULY_MISSING,True,
bungalo,TRULY_MISSING,True,
vrachebnaya-mudrost-2,TRULY_MISSING,True,
yumeriya,TRULY_MISSING,True,
lego-marvel-mstiteli-strannye-hvosty,TRULY_MISSING,True,
den-sobak-presledovanie-dezertirov-2,TRULY_MISSING,True,
voshozhdenie-na-bashnyu-feniksov,TRULY_MISSING,True,
moy-veselyy-brak,TRULY_MISSING,True,
zloy-umysel-3,TRULY_MISSING,True,
novaya-taverna-drakona,TRULY_MISSING,True,
tokiyskiy-snezhnyy-chelovek,TRULY_MISSING,True,
moya-luchshaya-hudshaya-podruga,TRULY_MISSING,True,
siguatera,TRULY_MISSING,True,
sinantrop,TRULY_MISSING,True,
vse-esche-nedostatochno,TRULY_MISSING,True,
pokoryaya-vershiny,TRULY_MISSING,True,
chetvertaya-revolyuciya-lyubvi,TRULY_MISSING,True,
telo-19,TRULY_MISSING,True,
chingishan-velikiy-mongol,TRULY_MISSING,True,
beskonechnaya-pomolvka,TRULY_MISSING,True,
moya-strannaya-zhizn,TRULY_MISSING,True,
chetyre-radosti,TRULY_MISSING,True,
krovnye-bratya,TRULY_MISSING,True,
astro-boec-sanred-2,TRULY_MISSING,True,
esli-by-ya-ne-videl-solnca,TRULY_MISSING,True,
uboynaya-ledi,TRULY_MISSING,True,
hroniki-fenhuan,TRULY_MISSING,True,
magicheskaya-bitva-smertelnaya-migraciya,TRULY_MISSING,True,
liniya-zanyata,TRULY_MISSING,True,
missiya-serdca,TRULY_MISSING,True,
lovec-lyubvi-2,TRULY_MISSING,True,
lovec-lyubvi-v-seule,TRULY_MISSING,True,
idealnyy-partner,TRULY_MISSING,True,
lovec-lyubvi-na-bali,TRULY_MISSING,True,
s-novym-godom,TRULY_MISSING,True,
bezmolvnyy-prestupnik,TRULY_MISSING,True,
novoe-lico,TRULY_MISSING,True,
luna-svetit-dlya-tebya,TRULY_MISSING,True,
v-brake-net-mesta-dlya-lyubvi,TRULY_MISSING,True,
teatr-kosuke-masudy,TRULY_MISSING,True,
spokoynaya-komnata,TRULY_MISSING,True,
myatezhnik-2,TRULY_MISSING,True,
neuyazvimaya-mishen,TRULY_MISSING,True,
shef-povar,TRULY_MISSING,True,
slepaya-gora,TRULY_MISSING,True,
posledniy-vyzhivshiy-samuray,TRULY_MISSING,True,
goryachaya-tochka,TRULY_MISSING,True,
golos-ubiycy,TRULY_MISSING,True,
sem-dney,TRULY_MISSING,True,
poteryannye-v-pekine,TRULY_MISSING,True,
taynoe-siyanie,TRULY_MISSING,True,
ne-stoilo-celovatsya,TRULY_MISSING,True,
polkovodcy,TRULY_MISSING,True,
robot-i-monstr,TRULY_MISSING,True,
roskoshnyy-otpusk-korolevy-vorov,TRULY_MISSING,True,
protezhe,TRULY_MISSING,True,
gran-nochi,TRULY_MISSING,True,
problemy-zelenogo-vampira,TRULY_MISSING,True,
erotichnyy-paren-menya-ocharoval,TRULY_MISSING,True,
probuzhdenie-domohozyayki,TRULY_MISSING,True,
samyy-sladkiy-sekret,TRULY_MISSING,True,
dozhd-vechnogo-procvetaniya,TRULY_MISSING,True,
bezotvetnaya-lyubov,TRULY_MISSING,True,
rokovaya-zhenschina,TRULY_MISSING,True,
moya-odinnadcataya-mama,TRULY_MISSING,True,
chernyy-poyas,TRULY_MISSING,True,
gospozha-pleymen,TRULY_MISSING,True,
vo-imya-chesti,TRULY_MISSING,True,
deti-huang-shi,TRULY_MISSING,True,
vorony-nachalo,TRULY_MISSING,True,
bbc-gang,TRULY_MISSING,True,
peregovorschiki,TRULY_MISSING,True,
dlinnye-teni,TRULY_MISSING,True,
putevye-zametki-o-poezdke-za-pokupkami-v-yokogamu-tihoe-zagorodnoe-kafe,TRULY_MISSING,True,
klevyy-malchik,TRULY_MISSING,True,
lego-bionikl-puteshestvie,TRULY_MISSING,True,
dzhifayters-gorod-supergeroev,TRULY_MISSING,True,
ocharovatelnaya-boginya-edy,TRULY_MISSING,True,
sekret-muzhchiny,TRULY_MISSING,True,
istoriya-mari-i-treh-schenkov,TRULY_MISSING,True,
vozvraschenie-zhemchuzhiny,TRULY_MISSING,True,
svecha-v-grobnice-dolina-chervya,TRULY_MISSING,True,
potomu-chto-sleduyuschey-zhizni-net,TRULY_MISSING,True,
moy-sosed-po-parte,TRULY_MISSING,True,
pereletnye-pticy,TRULY_MISSING,True,
sekret-4,TRULY_MISSING,True,
kot-i-pes,TRULY_MISSING,True,
bezumie-chelovecheskih-ambiciy,TRULY_MISSING,True,
moy-sosed-chitaet-mysli,TRULY_MISSING,True,
nepreodolimaya-lyubov,TRULY_MISSING,True,
taynaya-lyubov-v-brake,TRULY_MISSING,True,
tyambara-striptiz,TRULY_MISSING,True,
sumerechnyy-sindrom-smertelnyy-kruiz,TRULY_MISSING,True,
russkiy-konsul,TRULY_MISSING,True,
vyyti-zamuzh-za-bozhestvo,TRULY_MISSING,True,
detektiv-lzhi,TRULY_MISSING,True,
neznakomyy-vozlyublennyy,TRULY_MISSING,True,
chertovski-horoshaya-kompaniya,TRULY_MISSING,True,
odnazhdy-otdannoe-nikogda-ne-zabytoe,TRULY_MISSING,True,
troynoe-eho-vremeni,TRULY_MISSING,True,
zmeinaya-ataka,TRULY_MISSING,True,
vozlyublennyy-iz-buduschego,TRULY_MISSING,True,
pogonya-za-myachom,TRULY_MISSING,True,
zelenoe-zerkalo,TRULY_MISSING,True,
polet-drakona,TRULY_MISSING,True,
krasota-ot-serdca,TRULY_MISSING,True,
bet-semeyka,TRULY_MISSING,True,
rika-ohotnica-na-zombi,TRULY_MISSING,True,
posledniy-zvonok,TRULY_MISSING,True,
zalozhniki-3,TRULY_MISSING,True,
lzhivaya-lyubov,TRULY_MISSING,True,
devochka-pulemet,TRULY_MISSING,True,
nomer-10,TRULY_MISSING,True,
prazdniki-i-druzya-da-zdravstvuet-zhizn,TRULY_MISSING,True,
sshivaya-zhizn-i-smert,TRULY_MISSING,True,
devushka-iz-shaolinya,TRULY_MISSING,True,
chingiz-han,TRULY_MISSING,True,
daygander,TRULY_MISSING,True,
takara-rebenok-buduschego,TRULY_MISSING,True,
moya-rizelmina,TRULY_MISSING,True,
igra-dedala,TRULY_MISSING,True,
neft-sary,TRULY_MISSING,True,
narushenie-granic,TRULY_MISSING,True,
valentina-lyubov-moya,TRULY_MISSING,True,
tri-gracii,TRULY_MISSING,True,
moya-lyubov-moya-pechal,TRULY_MISSING,True,
spotykaytes,TRULY_MISSING,True,
alibi-2,TRULY_MISSING,True,
gornyy-duh,TRULY_MISSING,True,
struyaschayasya-nad-rekoy-luna,TRULY_MISSING,True,
zapiski-o-strannom-dinastii-tan-3,TRULY_MISSING,True,
nevestka-kitayskogo-magnata,TRULY_MISSING,True,
shtormovoy-tanec,TRULY_MISSING,True,
bezzhalostnaya,TRULY_MISSING,True,
tacuki-fudzimoto-s-semnadcati-do-dvadcati-shesti,TRULY_MISSING,True,
gipnotik,TRULY_MISSING,True,
koifure-pochti-lyubov-i-eto-idealno,TRULY_MISSING,True,
ty-ubiyca,TRULY_MISSING,True,
drugaya-devushka,TRULY_MISSING,True,
ostanovis-miss-hua,TRULY_MISSING,True,
fer,TRULY_MISSING,True,
rascvet-vo-vremeni,TRULY_MISSING,True,
ya-ne-mogu-pozvolit-sebe-etu-sluzhanku,TRULY_MISSING,True,
vlyublen-v-tvoi-yamochki,TRULY_MISSING,True,
plamya-lozhnogo-greha,TRULY_MISSING,True,
ogon-i-voda-sozdanie-avatarov,TRULY_MISSING,True,
tolko-i-dumaesh-ob-etom-shen,TRULY_MISSING,True,
pridvornaya-dama,TRULY_MISSING,True,
flyuks,TRULY_MISSING,True,
serebryanye-dospehi-adiana,TRULY_MISSING,True,
neobychnaya-lyubov-kumira,TRULY_MISSING,True,
snova-pervaya-lyubov,TRULY_MISSING,True,
bez-granic,TRULY_MISSING,True,
moya-sladkaya-lyubov,TRULY_MISSING,True,
sudmedekspert-cin-min-bezmolvnaya-ulika,TRULY_MISSING,True,
zhenschina-s-razrezannym-rtom-2,TRULY_MISSING,True,
dospeh-samuray-zombi,TRULY_MISSING,True,
tri-korolevy-siama,TRULY_MISSING,True,
iz-za-tebya-betsya-moe-serdce,TRULY_MISSING,True,
gustloff,TRULY_MISSING,True,
les-rusalok-specvypuski,TRULY_MISSING,True,
imperatrica-i-voiny,TRULY_MISSING,True,
basketbol-v-stile-kung-fu,TRULY_MISSING,True,
iz-mnogih,TRULY_MISSING,True,
te-7-dney,TRULY_MISSING,True,
tretiy-glaz,TRULY_MISSING,True,
devchonki-s-damskimi-pushkami,TRULY_MISSING,True,
vo-vsem-vinovata-ona,TRULY_MISSING,True,
ya-hochu-byt-tvoim-bratom,TRULY_MISSING,True,
oko-za-oko,TRULY_MISSING,True,
samyy-krutoy-mir,TRULY_MISSING,True,
gorkiy-shokolad,TRULY_MISSING,True,
volshebnyy-teatr-omisi-riski-i-seyfti,TRULY_MISSING,True,
master-kiton-ova,TRULY_MISSING,True,
smert-ot-molnii,TRULY_MISSING,True,
somtum,TRULY_MISSING,True,
istoriya-legendarnogo-libido,TRULY_MISSING,True,
skoro-na-ekranah,TRULY_MISSING,True,
iskushenie-leta,TRULY_MISSING,True,
sokrovische-v-tvoih-rukah,TRULY_MISSING,True,
sedmoy-udar-serdca,TRULY_MISSING,True,
sayara,TRULY_MISSING,True,
senorita,TRULY_MISSING,True,
pozhary,TRULY_MISSING,True,
posle-amnezii-byvshiy-muzh-baluet-menya,TRULY_MISSING,True,
osleplena-toboy,TRULY_MISSING,True,
osleplena-toboy-2,TRULY_MISSING,True,
fetish,TRULY_MISSING,True,
moy-lyubimyy-voin,TRULY_MISSING,True,
poymay-svoyu-udachu,TRULY_MISSING,True,
moe-sokrovische,TRULY_MISSING,True,
gangstery-s-shonom-binom,TRULY_MISSING,True,
bit-eks-neo,TRULY_MISSING,True,
morskoy-briz,TRULY_MISSING,True,
bozhe-moy-ya-gusynya-a-ne-lebed,TRULY_MISSING,True,
porok-2,TRULY_MISSING,True,
sleplennyy-gorod,TRULY_MISSING,True,
nevesta-na-odnu-noch-2,TRULY_MISSING,True,
uvidimsya-snova-czyan-e,TRULY_MISSING,True,
bolshaya-morskaya-ryba,TRULY_MISSING,True,
moy-sosed-ochen-mnogo-est,TRULY_MISSING,True,
mne-nravitsya-tvoya-lozh,TRULY_MISSING,True,
odnazhdy-ya-pytalsya-umeret,TRULY_MISSING,True,
skvoz-skaly-i-oblaka,TRULY_MISSING,True,
schastlivogo-rozhdestva-ted-kuper,TRULY_MISSING,True,
zvezdnye-rycari-so-zvezdy-izgoev-specvypuski,TRULY_MISSING,True,
idealnyy-gorod,TRULY_MISSING,True,
schastlivaya-zhizn-s-toboy,TRULY_MISSING,True,
dazhe-esli-ne-smozhesh,TRULY_MISSING,True,
horoshie-i-plohie,TRULY_MISSING,True,
dazhe-esli-lyubov-ne-vechna,TRULY_MISSING,True,
dom-na-kolesah-za-okeanom,TRULY_MISSING,True,
radost-i-smeh-v-meksike,TRULY_MISSING,True,
nemnogo-ekstrasensoriki,TRULY_MISSING,True,
nuna-ty-dlya-menya-zhenschina,TRULY_MISSING,True,
gandalla-korol-pylayuschey-pustyni,TRULY_MISSING,True,
kiberkomanda-akihabary,TRULY_MISSING,True,
oko-za-oko-2,TRULY_MISSING,True,
geveliy,TRULY_MISSING,True,
tanec-drakona,TRULY_MISSING,True,
zhizn-kak-ona-est,TRULY_MISSING,True,
6-let-v-lyubvi,TRULY_MISSING,True,
presvyatye-otroki,TRULY_MISSING,True,
orochi,TRULY_MISSING,True,
pobeg-3,TRULY_MISSING,True,
snachala-svadba-potom-lyubov,TRULY_MISSING,True,
svyaz,TRULY_MISSING,True,
l-kak-lyubov-l-kak-lozh,TRULY_MISSING,True,
k-20-legenda-o-maske,TRULY_MISSING,True,
bessmertnyy-otshelnik-iz-klana-gun,TRULY_MISSING,True,
esli-ty-zabudesh-golos,TRULY_MISSING,True,
druzhba-navsegda,TRULY_MISSING,True,
simpsony-v-fortnayt,TRULY_MISSING,True,
surovoe-pravosudie,TRULY_MISSING,True,
ong-bak-2-neprevzoydennyy,TRULY_MISSING,True,
fobiya,TRULY_MISSING,True,
strannaya-parochka,TRULY_MISSING,True,
shokolad-3,TRULY_MISSING,True,
legendarnyy-ubiyca,TRULY_MISSING,True,
zver-presledovatel,TRULY_MISSING,True,
mey-lanfan-navsegda-ocharovannyy,TRULY_MISSING,True,
moshenniki,TRULY_MISSING,True,
letopis-voyn-v-shkole-mure,TRULY_MISSING,True,
dolina-smertnoy-teni,TRULY_MISSING,True,
sovmestnaya-opeka-v-rozhdestvo,TRULY_MISSING,True,
18-letnyaya-prababushka-navodit-poryadok-v-seme-2,TRULY_MISSING,True,
moy-paren-domohozyain,TRULY_MISSING,True,
zhui,TRULY_MISSING,True,
hrabrye-krylya,TRULY_MISSING,True,
s-toboy-skvoz-vechnuyu-radost-2,TRULY_MISSING,True,
oblacheniya-sluzhanki-gosudarya,TRULY_MISSING,True,
meyz-prostranstvo-megavzryva,TRULY_MISSING,True,
plodorodnye-zemli,TRULY_MISSING,True,
svyatoy-prizrak,TRULY_MISSING,True,
koka-devochki,TRULY_MISSING,True,
ya-lyublyu-los-andzheles,TRULY_MISSING,True,
salemskie-hroniki,TRULY_MISSING,True,
vraznos,TRULY_MISSING,True,
korolevskoe-rozhdestvo-v-montane,TRULY_MISSING,True,
robin-gud,TRULY_MISSING,True,
gde-ugodno,TRULY_MISSING,True,
pomeste-tmy,TRULY_MISSING,True,
modnyy-proval,TRULY_MISSING,True,
sceny-prestupleniya,TRULY_MISSING,True,
ya-ee-mama,TRULY_MISSING,True,
tainstvennaya-grabitelnica-sent-teyl,TRULY_MISSING,True,
retrograd-2,TRULY_MISSING,True,
tremembe,TRULY_MISSING,True,
gostinica-demonov,TRULY_MISSING,True,
kriminalnyy-profil,TRULY_MISSING,True,
nordin,TRULY_MISSING,True,
devochka-iz-braunsvilla,TRULY_MISSING,True,
vash-veduschiy,TRULY_MISSING,True,
tryufel,TRULY_MISSING,True,
parshivaya-ovca-2,TRULY_MISSING,True,
27-nochey,TRULY_MISSING,True,
pozavtrakay-so-mnoy,TRULY_MISSING,True,
chtoby-stat-luchshe,TRULY_MISSING,True,
svezhina,TRULY_MISSING,True,
klyaksa-i-izobretenie-bradobreya-filippa,TRULY_MISSING,True,
sol-s-percem,TRULY_MISSING,True,
kulbity-gospodina-aktera,TRULY_MISSING,True,
sladkaya-zhizn,TRULY_MISSING,True,
spasiterozu,TRULY_MISSING,True,
spasite-zamok,TRULY_MISSING,True,
chudesnoe-vremya,TRULY_MISSING,True,
goryachaya-mamochka,TRULY_MISSING,True,
serdcebienie-lyubvi,TRULY_MISSING,True,
amsterdamskaya-imperiya,TRULY_MISSING,True,
era-tankov,TRULY_MISSING,True,
billi-dzhoel-tak-i-est,TRULY_MISSING,True,
odinokiy-grebec,TRULY_MISSING,True,
siren,TRULY_MISSING,True,
tayna-ai-tyan,TRULY_MISSING,True,
strastnyy-detektiv,TRULY_MISSING,True,
poveliteli-fortuny,TRULY_MISSING,True,
iskazhennaya-strana-chudes-epizod-hartslabyula,TRULY_MISSING,True,
sever,TRULY_MISSING,True,
na-segodnya-vse,TRULY_MISSING,True,
sestrinstvo-proklyatyh,TRULY_MISSING,True,
sin-tyan,TRULY_MISSING,True,
luchshiy-drug-2,TRULY_MISSING,True,
persona,TRULY_MISSING,True,
deystvuyuschee-lico,TRULY_MISSING,True,
dvorec-kovarnye-zhenschiny,TRULY_MISSING,True,
fantom-lyubvi,TRULY_MISSING,True,
medovaya-kletka,TRULY_MISSING,True,
sovremennaya-molodezh,TRULY_MISSING,True,
sudba-lyubvi,TRULY_MISSING,True,
ne-uhodi-posle-shkoly,TRULY_MISSING,True,
tayna-zamka-nang-khoy,TRULY_MISSING,True,
moy-muzh-spit-v-morozilnoy-kamere,TRULY_MISSING,True,
taynye-sledovateli,TRULY_MISSING,True,
moy-paren-zagadka,TRULY_MISSING,True,
opredelenno-ne-segodnya,TRULY_MISSING,True,
dyadya-istoriya-odnogo-cheloveka-2,TRULY_MISSING,True,
ostorozhno-akula,TRULY_MISSING,True,
teatr-kosuke-masudy-3,TRULY_MISSING,True,
teatr-kosuke-masudy-2,TRULY_MISSING,True,
kto-na-tvoey-storone,TRULY_MISSING,True,
ty-samaya-prekrasnaya-v-etom-mire,TRULY_MISSING,True,
kompleks-zolushki,TRULY_MISSING,True,
neudachnica,TRULY_MISSING,True,
cennyy-kadr,TRULY_MISSING,True,
polnyy-proval-tragediya-na-festivale-astroworld,TRULY_MISSING,True,
moya-imperatrica-lisica,TRULY_MISSING,True,
potomki-hon-gil-dona,TRULY_MISSING,True,
eta-chertova-zemlya,TRULY_MISSING,True,
kukushka,TRULY_MISSING,True,
aromat-granatov,TRULY_MISSING,True,
mariya-2,TRULY_MISSING,True,
ne-tot-kem-kazhetsya,TRULY_MISSING,True,
moya-pervaya-lyubov-eto-ty,TRULY_MISSING,True,
imperator-kazhdyy-den-zhelaet-svergnut-imperatricu,TRULY_MISSING,True,
istoriya-o-prizrakah,TRULY_MISSING,True,
letayuschiy-lis-so-snezhnoy-gory,TRULY_MISSING,True,
raskrashennaya-kozha-3,TRULY_MISSING,True,
zagadochnaya-istoriya-goroda-lunyun,TRULY_MISSING,True,
krasnyy-vorobey,TRULY_MISSING,True,
ostansya-so-mnoy-2,TRULY_MISSING,True,
okno-dikoy-prirody-vzglyad-v-glubinu,TRULY_MISSING,True,
muzhchiny-semi-vada,TRULY_MISSING,True,
novaya-raskrashennaya-kozha,TRULY_MISSING,True,
puteshestvie-na-sever,TRULY_MISSING,True,
v-glushi-2-2,TRULY_MISSING,True,
v-glushi,TRULY_MISSING,True,
pod-pokrovom-nochi-3,TRULY_MISSING,True,
noch-vesny-s-toboy,TRULY_MISSING,True,
leto-more-i-ty,TRULY_MISSING,True,
yatagan-rassekayuschiy-aluyu-rozu,TRULY_MISSING,True,
v-plenu-snov-2,TRULY_MISSING,True,
rozhdestvo-v-beverli-hillz,TRULY_MISSING,True,
sistema-korolevy,TRULY_MISSING,True,
o-sobakah-i-lyudyah,TRULY_MISSING,True,
koroleva-tmy,TRULY_MISSING,True,
lis-doznavatel-iz-shendu,TRULY_MISSING,True,
v-nogu-s-krasotoy,TRULY_MISSING,True,
lyubov-gluboko-vnutri,TRULY_MISSING,True,
komanda-s-2,TRULY_MISSING,True,
perezagruzka-bezdna-lozhnoy-grobnicy,TRULY_MISSING,True,
detektiv-ke-chen,TRULY_MISSING,True,
odinokiy-zver,TRULY_MISSING,True,
utrennee-shou,TRULY_MISSING,True,
chaynaya-rokuhodo,TRULY_MISSING,True,
lyubov-mezhdu-direktorom-i-podchinennoy-eto-razocharovanie,TRULY_MISSING,True,
hiru-2,TRULY_MISSING,True,
serdechnyy-treugolnik,TRULY_MISSING,True,
lyublyu-tebya-den-i-mesyac,TRULY_MISSING,True,
fermer-i-aristokratka,TRULY_MISSING,True,
hokkeist,TRULY_MISSING,True,
vruklinskiy-zoopark,TRULY_MISSING,True,
7000-mil,TRULY_MISSING,True,
dorogoe-ditya,TRULY_MISSING,True,
serdce-geniya,TRULY_MISSING,True,
mastera-dueley-propavshie-kristall-vospominaniy,TRULY_MISSING,True,
duhovnye-hraniteli-2,TRULY_MISSING,True,
vlyublennyy-fanat,TRULY_MISSING,True,
lazar,TRULY_MISSING,True,
vanganskaya-polnoch,TRULY_MISSING,True,
pischa-bogov,TRULY_MISSING,True,
nastoyaschiy-dzhentlmen,TRULY_MISSING,True,
lyubov-pri-39-gradusah,TRULY_MISSING,True,
gollivudskaya-vyderzhka,TRULY_MISSING,True,
vkus-gorechi,TRULY_MISSING,True,
o-moy-lord,TRULY_MISSING,True,
moy-roman-izdaleka,TRULY_MISSING,True,
moy-put-2,TRULY_MISSING,True,
muzh-v-rassrochku,TRULY_MISSING,True,
naveki-tvoy,TRULY_MISSING,True,
neukrotimye-2,TRULY_MISSING,True,
mstitelnaya-vesna,TRULY_MISSING,True,
lyubov-priklyucheniya-i-pticy,TRULY_MISSING,True,
zapah-lipy,TRULY_MISSING,True,
potryasenie-2,TRULY_MISSING,True,
park-razvlecheniy-holister,TRULY_MISSING,True,
zamuzh-za-molodogo-marshala,TRULY_MISSING,True,
skrytaya-gran,TRULY_MISSING,True,
moya-yadovitaya-vozlyublennaya,TRULY_MISSING,True,
pi-vi-v-roli-samogo-sebya,TRULY_MISSING,True,
vpered-moy-geroy,TRULY_MISSING,True,
tayna-misteriya-prodolzhaetsya,TRULY_MISSING,True,
eto-nikogda-ne-zakonchitsya-dzheff-bakli,TRULY_MISSING,True,
kto-ubil-nensi,TRULY_MISSING,True,
haha-klouny,TRULY_MISSING,True,
miss-svoboda,TRULY_MISSING,True,
maneken,TRULY_MISSING,True,
hippo,TRULY_MISSING,True,
proekt-b-3,TRULY_MISSING,True,
blackpink-zazhgi-nebo,TRULY_MISSING,True,
steklyannyy-rebenok,TRULY_MISSING,True,
luch-nadezhdy,TRULY_MISSING,True,
kamen-vlasti,TRULY_MISSING,True,
vyzhivanie-v-severnyh-lesah,TRULY_MISSING,True,
naydi-etu-tupuyu-suchku-i-vybrosi-ee-v-reku,TRULY_MISSING,True,
zolotaya-lihoradka-burnye-vody,TRULY_MISSING,True,
nozh,TRULY_MISSING,True,
missis-pod-prikrytiem,TRULY_MISSING,True,
pastuhi,TRULY_MISSING,True,
sherohovatyy-mir-3-specvypuski,TRULY_MISSING,True,
sherohovatyy-mir-3,TRULY_MISSING,True,
sherif-okruga,TRULY_MISSING,True,
dom-milyy-dom,TRULY_MISSING,True,
shpionka-s-bleskom-dlya-gub,TRULY_MISSING,True,
lyubov-na-veki-vechnye,TRULY_MISSING,True,
ura-mechte,TRULY_MISSING,True,
odna-lyubov-dve-zhizni,TRULY_MISSING,True,
i-oni-pribyli-nochyu,TRULY_MISSING,True,
ya-cusima-ona,TRULY_MISSING,True,
nekiy-nauchnyy-reylgan-s-vse-vazhneyshie-otkrytiya-delayutsya-vo-vremya-kupaniya,TRULY_MISSING,True,
vedminskie-shtuchki,TRULY_MISSING,True,
duolingo-posledniy-test,TRULY_MISSING,True,
nasha-vina,TRULY_MISSING,True,
plyvi-ko-mne,TRULY_MISSING,True,
leto-trappa,TRULY_MISSING,True,
effekt-darmy,TRULY_MISSING,True,
makross-7-galaktika-zovet-menya,TRULY_MISSING,True,
klan-krutoy-ekipazh,TRULY_MISSING,True,
dzhon-ueyn-geysi-zamaskirovannyy-dyavol,TRULY_MISSING,True,
malenkiy-i-moguchiy,TRULY_MISSING,True,
seva-genroku-dvoynoe-samoubiystvo-po-rakugo-ova,TRULY_MISSING,True,
vybor-muzha,TRULY_MISSING,True,
moya-malenkaya-koza,TRULY_MISSING,True,
dyavolskaya-sestra,TRULY_MISSING,True,
devushki-zolushki-vtornichnyy-teatr-zolushki-4,TRULY_MISSING,True,
istoriya-fenczy-glava-o-syanlo,TRULY_MISSING,True,
dostoynyy-nebes,TRULY_MISSING,True,
molodye-i-bezzhalostnye,TRULY_MISSING,True,
legenda-o-bryuse-li,TRULY_MISSING,True,
legenda-o-bryuse-li-2,TRULY_MISSING,True,
bua-i-kvan-v-lyubvi-i-nenavisti,TRULY_MISSING,True,
plenennoe-serdce,TRULY_MISSING,True,
duhovnye-hraniteli-4,TRULY_MISSING,True,
zvezdy-aykacu-film,TRULY_MISSING,True,
morskaya-shkola-ova,TRULY_MISSING,True,
van-pis-krik-serdca,TRULY_MISSING,True,
horoshenkoe-lekarstvo-vse-zvezdy-spoem-vmeste,TRULY_MISSING,True,
lyupen-iii-lyupen-vse-esche-rvetsya-vpered,TRULY_MISSING,True,
fantom-ubiystva,TRULY_MISSING,True,
horoshenkoe-lekarstvo-zvezdy-mechty,TRULY_MISSING,True,
sekretnoe-naznachenie-devushek-nindzya-ova,TRULY_MISSING,True,
kulak-sinego-neba-pererozhdenie-2,TRULY_MISSING,True,
kamen-rayder-gotchard-protiv-kamena-raydera-ledzhenda,TRULY_MISSING,True,
zhelannyy-cvetok,TRULY_MISSING,True,
ai-mai-mi-hirurgicheskie-druzya,TRULY_MISSING,True,
belyy-mishka-kotoryy-vlyubilsya,TRULY_MISSING,True,
terraformirovanie-ova-2,TRULY_MISSING,True,
devochki-roboty-z,TRULY_MISSING,True,
kofeynya,TRULY_MISSING,True,
cubasa-i-svetlyachki-2016,TRULY_MISSING,True,
vual-lisy,TRULY_MISSING,True,
ispytanie-ality,TRULY_MISSING,True,
severo-vostochnaya-policeyskaya-istoriya-2,TRULY_MISSING,True,
zavoevateli-mira-operaciya-zvezda-novaya-bitva,TRULY_MISSING,True,
muzykalnye-devchonki,TRULY_MISSING,True,
veschi-kotorye-ty-dolzhna-byla-sdelat,TRULY_MISSING,True,
mestnye-idoly-ova,TRULY_MISSING,True,
pozdravlyayu-moy-byvshiy,TRULY_MISSING,True,
esli-by-my-snova-vstretilis-na-tom-holme-gde-cvetut-lilii,TRULY_MISSING,True,
kiborg-009-vs-chelovek-dyavol,TRULY_MISSING,True,
gakumon-shkola-monstrov,TRULY_MISSING,True,
kem-my-byli,TRULY_MISSING,True,
odinokaya-zhizn-uchenicy-mladshey-shkoly,TRULY_MISSING,True,
zapretnaya-zona,TRULY_MISSING,True,
raspisnoe-serdce-ispytanie-bliznecov,TRULY_MISSING,True,
prekrasnyy-ritm-korol-prizmy,TRULY_MISSING,True,
saki-bieri,TRULY_MISSING,True,
detektiv-konan-s-novym-godom,TRULY_MISSING,True,
lostreydzh-obedinenie-wixoss-nedostayuschee-zveno,TRULY_MISSING,True,
tanec-s-demonami-fortuna,TRULY_MISSING,True,
matoy-izgonyayuschaya-duhov-epizod-13,TRULY_MISSING,True,
vpered-princessy-horoshenkogo-lekarstva-film,TRULY_MISSING,True,
buntarki,TRULY_MISSING,True,
merdo-smert-v-seme,TRULY_MISSING,True,
idealnyy-muzh-i-ya-ili-kak-ukrast-55-poceluev-2,TRULY_MISSING,True,
hozyain-dveri,TRULY_MISSING,True,
belaya-risovka,TRULY_MISSING,True,
raznocvetnye-popugai-2,TRULY_MISSING,True,
raznocvetnye-popugai,TRULY_MISSING,True,
strazh-pererozhdeniya-ova,TRULY_MISSING,True,
horoshenkoe-lekarstvo-devochki-volshebnicy-film,TRULY_MISSING,True,
proslavlennyy-velikolepnye-dni-princessy-tusukuru,TRULY_MISSING,True,
nikto-ne-videl-kak-my-uhodili,TRULY_MISSING,True,
ple-ple-pleyady-specvypusk,TRULY_MISSING,True,
dazhe-ne-dumay-ubivat-korolevu,TRULY_MISSING,True,
poyuschiy-princ-realnaya-lyubov-legendarnaya-zvezda,TRULY_MISSING,True,
geroy-yuna-yuki-istoriya-sumi-vashio,TRULY_MISSING,True,
detektiv-konan-palach-zero,TRULY_MISSING,True,
svarit-medvedya,TRULY_MISSING,True,
denezhnoe-pole-2,TRULY_MISSING,True,
enciklopediya-zhalkih-sozdaniy,TRULY_MISSING,True,
proekt-b-ambicioznoe-bienie,TRULY_MISSING,True,
zhricy-s-mechami-korotkie-epizody-ova,TRULY_MISSING,True,
onihey-etot-chelovek-heydzo-hasegava,TRULY_MISSING,True,
po-zapahu,TRULY_MISSING,True,
zakryty-v-ramkah-genom-pryamaya-translyaciya-uzly-vospominaniy,TRULY_MISSING,True,
devushki-i-tanki-voyna-tayyaki,TRULY_MISSING,True,
naznachennaya-lyubov,TRULY_MISSING,True,
horoshenkoe-lekarstvo-vselennaya-chudes,TRULY_MISSING,True,
osomacu-san-film-2,TRULY_MISSING,True,
ty-kosnulas-moego-serdca,TRULY_MISSING,True,
epoha-ligi-legend-vremya-lu-2,TRULY_MISSING,True,
cepnye-hroniki-ova,TRULY_MISSING,True,
cepnye-hroniki-film-3,TRULY_MISSING,True,
horoshenkoe-lekarstvo-v-mode,TRULY_MISSING,True,
cepnye-hroniki-film-2,TRULY_MISSING,True,
cepnye-hroniki-film-1,TRULY_MISSING,True,
semerka-idolov-koncert-vne-vremeni,TRULY_MISSING,True,
zagadochnyy-dzhoker-3,TRULY_MISSING,True,
otryad-infiniti,TRULY_MISSING,True,
aktivnyy-reyd-mobilnaya-boevaya-diviziya-vosmoy-otryad-2,TRULY_MISSING,True,
molodaya-imperatorskaya-gvardiya-2,TRULY_MISSING,True,
lyubov-s-nezapamyatnyh-vremen,TRULY_MISSING,True,
aktery-2,TRULY_MISSING,True,
lunnaya-pesn,TRULY_MISSING,True,
novaya-yarmarka-tscheslaviya,TRULY_MISSING,True,
vozduhoplavatel,TRULY_MISSING,True,
neznachitelnye,TRULY_MISSING,True,
fermer-aristokrat-3,TRULY_MISSING,True,
horoshenkoe-lekarstvo-obyatiya-zvezdnye-vospominaniya,TRULY_MISSING,True,
tanec-mechey-cvetochnyy-krug-2,TRULY_MISSING,True,
plyazhniki-2,TRULY_MISSING,True,
plyazhniki,TRULY_MISSING,True,
kilstrik,TRULY_MISSING,True,
pominki,TRULY_MISSING,True,
krovnye-uzy-3,TRULY_MISSING,True,
razluchnica,TRULY_MISSING,True,
nenavizhu-chto-lyublyu-tebya,TRULY_MISSING,True,
portugalskiy-dom,TRULY_MISSING,True,
esli-ya-sbegu,TRULY_MISSING,True,
predatelstvo-3,TRULY_MISSING,True,
mobilnyy-voin-gandam-san,TRULY_MISSING,True,
martovskie-koty,TRULY_MISSING,True,
chudo-lyubvi,TRULY_MISSING,True,
milyy-zlodey,TRULY_MISSING,True,
tss-prover-svoy-telefon,TRULY_MISSING,True,
kvartet-iz-alternativnogo-mira-3,TRULY_MISSING,True,
dusha-madzhonga-pon,TRULY_MISSING,True,
kitti-kets,TRULY_MISSING,True,
dnevnik-trenirovok-ebisi,TRULY_MISSING,True,
muzykalnaya-shkola-zvezd-ova,TRULY_MISSING,True,
v-polete,TRULY_MISSING,True,
vstavay-otorvis,TRULY_MISSING,True,
den-gneva-2,TRULY_MISSING,True,
muzykalnaya-shkola-zvezd-2,TRULY_MISSING,True,
pandora-i-akubi,TRULY_MISSING,True,
neprostitelnoe,TRULY_MISSING,True,
kolco,TRULY_MISSING,True,
sherlok-iz-kabuki-te-ova,TRULY_MISSING,True,
hayp-haus-2,TRULY_MISSING,True,
tropicheskaya-pomada-horoshenkoe-lekarstvo,TRULY_MISSING,True,
devushki-poni-enkoma,TRULY_MISSING,True,
mobilnyy-voin-gandam-udar-molnii-banditskiy-cvetok,TRULY_MISSING,True,
robot-getter-ark,TRULY_MISSING,True,
devushki-na-linii-fronta-ona-2,TRULY_MISSING,True,
horoshenkoe-lekarstvo-vesenniy-karnaval,TRULY_MISSING,True,
sem-smertnyh-grehov-mini-anime,TRULY_MISSING,True,
rema-vozrozhdenie-princa-tennisa,TRULY_MISSING,True,
akademiya-kukol,TRULY_MISSING,True,
proschay-moy-dorogoy-kramer-pervoe-kasanie,TRULY_MISSING,True,
volshebnica-rurumo-final,TRULY_MISSING,True,
shturm-lili-mini-anime,TRULY_MISSING,True,
chistaya-serdcem,TRULY_MISSING,True,
zabvenie-betteri-ona,TRULY_MISSING,True,
gumma-2,TRULY_MISSING,True,
sudba-velikiy-karnaval,TRULY_MISSING,True,
prekrasnoe-puteshestvie-kuromi,TRULY_MISSING,True,
volnyy-stil-posledniy-grebok,TRULY_MISSING,True,
pancir-cherepahi-eto-rebra-cheloveka,TRULY_MISSING,True,
tropicheskaya-pomada-horoshenkoe-lekarstvo-snezhnaya-princessa-i-chudo-kolco,TRULY_MISSING,True,
devushki-ne-imeyuschie-granic-proekt-48,TRULY_MISSING,True,
rilakkuma-i-park-razvlecheniy,TRULY_MISSING,True,
vedomstvo-po-delam-mertvyh-ona,TRULY_MISSING,True,
tanec-hula-hula,TRULY_MISSING,True,
horoshenkoe-lekarstvo-v-mode-pamyatnyy-milfey,TRULY_MISSING,True,
ura-mechte-film-epizod-o-rozelii-ii,TRULY_MISSING,True,
garo-blednaya-sakura,TRULY_MISSING,True,
eto-more-perepolnitsya,TRULY_MISSING,True,
plohie-lyudi-dolzhny-umeret,TRULY_MISSING,True,
korrespondent,TRULY_MISSING,True,
puteshestvennicy-vo-vremeni-mari-vaka-i-vosem-uchenyh,TRULY_MISSING,True,
tykva,TRULY_MISSING,True,
puteshestvie-2,TRULY_MISSING,True,
muzykalnaya-shkola-zvezd-3,TRULY_MISSING,True,
milyy-dom-chi-3,TRULY_MISSING,True,
kosmicheskiy-zhuk,TRULY_MISSING,True,
ya-nastolko-zainteresovana-nekotoy-chto-nichego-ne-mogu-s-soboy-podelat,TRULY_MISSING,True,
vampir-ne-umeet-pravilno-sosat,TRULY_MISSING,True,
devushki-kaydzyu,TRULY_MISSING,True,
ai-mai-mi-illyuzornaya-katastrofa,TRULY_MISSING,True,
devushki-pokoryayuschie-novye-gorizonty-ova,TRULY_MISSING,True,
ya-konec-sveta,TRULY_MISSING,True,
oslepitelnyy-rayon,TRULY_MISSING,True,
nevesta-charodeya-ona,TRULY_MISSING,True,
zemlya-zabytaya-vremenem,TRULY_MISSING,True,
tot-kto-smotrit,TRULY_MISSING,True,
pochti-semya,TRULY_MISSING,True,
poteryannye-dni,TRULY_MISSING,True,
prishelcy-ubiycy-iz-otkrytogo-kosmosa,TRULY_MISSING,True,
zahvat,TRULY_MISSING,True,
navoznyy-zhuk-letaet-v-sumerkah,TRULY_MISSING,True,
aykacu-na-parade,TRULY_MISSING,True,
kinozvezda-i-kovboy,TRULY_MISSING,True,
v-gonkonge-ne-idet-sneg,TRULY_MISSING,True,
gnosiya,TRULY_MISSING,True,
my-ne-mozhem-vyyti-v-pryamoy-efir,TRULY_MISSING,True,
tennis-7-specvypuski,TRULY_MISSING,True,
dobro-pozhalovat-v-dzhapari-park,TRULY_MISSING,True,
tennis-8-specvypuski,TRULY_MISSING,True,
tennis-5-specvypuski,TRULY_MISSING,True,
esli-by-byla-starshaya-shkola-tolko-dlya-krasivyh-parney,TRULY_MISSING,True,
detektivnoe-agentstvo-milki-holms-4,TRULY_MISSING,True,
smertonosnyy-aromat,TRULY_MISSING,True,
cena-spravedlivosti,TRULY_MISSING,True,
pozhaluysta-lyubi-menya,TRULY_MISSING,True,
razrushitel-galaktiki,TRULY_MISSING,True,
puteshestvie-istoriya-chudes-i-srazheniy-na-drevnem-araviyskom-poluostrove,TRULY_MISSING,True,
sudba-velikiy-prikaz-ricuka-fudzimaru-ne-ponimaet-etogo-2,TRULY_MISSING,True,
ruka-mastera,TRULY_MISSING,True,
kartochnye-boi-avangarda-zameschenie-2,TRULY_MISSING,True,
neozhidannye-otkrytiya-s-denni-treho,TRULY_MISSING,True,
muzykalnaya-shkola-zvezd-v-hellouin,TRULY_MISSING,True,
ura-mechte-pyataya-godovschina-blagodarstvennaya-vecherinka-circle,TRULY_MISSING,True,
chetyre-morskih-kita-2,TRULY_MISSING,True,
udar-monstra-2,TRULY_MISSING,True,
hormeyster,TRULY_MISSING,True,
devochka-dinozavr-gauko,TRULY_MISSING,True,
povsednevnaya-zhizn-marulk,TRULY_MISSING,True,
tenmen,TRULY_MISSING,True,
neizvestnaya-tainstvennaya-podruga,TRULY_MISSING,True,
studiya-badzya,TRULY_MISSING,True,
mechty-letnih-dney-epizod-2-5,TRULY_MISSING,True,
alisa-mehanizm-egidy-ova,TRULY_MISSING,True,
oreol-lyubvi,TRULY_MISSING,True,
lunnaya-pesn-2,TRULY_MISSING,True,
pes-i-otbros,TRULY_MISSING,True,
smertelnyy-otvet,TRULY_MISSING,True,
zhizn-beni-sasu,TRULY_MISSING,True,
nanoyadro-3,TRULY_MISSING,True,
geroy-yuna-yuki-3-istoriya-polnogo-cveteniya,TRULY_MISSING,True,
vosproizvedenie-zhizni-i-smerti,TRULY_MISSING,True,
razminka,TRULY_MISSING,True,
otryad-infiniti-2,TRULY_MISSING,True,
pastelnaya-zhizn,TRULY_MISSING,True,
do-nachala-nashih-otnosheniy,TRULY_MISSING,True,
rieltor,TRULY_MISSING,True,
mia,TRULY_MISSING,True,
naparniki-ponevole,TRULY_MISSING,True,
kartochnye-boi-avangarda-zameschenie,TRULY_MISSING,True,
advokat-po-semeynym-delam,TRULY_MISSING,True,
ubiystvennaya-buhta,TRULY_MISSING,True,
navyazchivost,TRULY_MISSING,True,
predlozhenie-v-machu-pikchu,TRULY_MISSING,True,
tak-gasnet-svet,TRULY_MISSING,True,
portret-czyanhu-perevoploschennyy-uchenik,TRULY_MISSING,True,
chistaya-serdcem-2,TRULY_MISSING,True,
do-nachala-nashih-otnosheniy-2,TRULY_MISSING,True,
v-tylu-vraga-2,TRULY_MISSING,True,
horoshenkoe-lekarstvo-iscelenie-dobrom-film,TRULY_MISSING,True,
kalifano,TRULY_MISSING,True,
dakota,TRULY_MISSING,True,
bakugan-bronirovannyy-alyans,TRULY_MISSING,True,
do-nachala-nashih-otnosheniy-nulevoy-sezon,TRULY_MISSING,True,
posledniy-taksist,TRULY_MISSING,True,
geroi-czyanhu-vedut-rassledovanie,TRULY_MISSING,True,
pol-i-polett-prinimayut-vannu,TRULY_MISSING,True,
perepoloh-v-starshey-shkole,TRULY_MISSING,True,
yama,TRULY_MISSING,True,
moya-geroyskaya-akademiya-voshozhdenie-geroev-specvypusk,TRULY_MISSING,True,
na-krayu-sveta,TRULY_MISSING,True,
vozmezdie-za-greh,TRULY_MISSING,True,
hellouin,TRULY_MISSING,True,
taal,TRULY_MISSING,True,
zhazhduyuschiy,TRULY_MISSING,True,
brachnyy-znak,TRULY_MISSING,True,
beybleyd-vzryv-dinamitnaya-bitva,TRULY_MISSING,True,
inaya-lyubov,TRULY_MISSING,True,
naydennaya-plenka-istoriya-sozdaniya-proekta-patterson,TRULY_MISSING,True,
horoshenkoe-lekarstvo-iscelenie-dobrom,TRULY_MISSING,True,
sbros,TRULY_MISSING,True,
ischeznuvshiy-malchik,TRULY_MISSING,True,
vyhodnye-mechty,TRULY_MISSING,True,
germaniya,TRULY_MISSING,True,
chto-delat,TRULY_MISSING,True,
ko-mne-v-gosti-prishla-feya,TRULY_MISSING,True,
devushki-i-tanki-final-chast-3-specvypuski,TRULY_MISSING,True,
to-chto-zdes-zhivet,TRULY_MISSING,True,
lager-na-svezhem-vozduhe-2-specvypuski,TRULY_MISSING,True,
vorobey-2,TRULY_MISSING,True,
nastoyaschiy,TRULY_MISSING,True,
maska,TRULY_MISSING,True,
premera,TRULY_MISSING,True,
moya-geroyskaya-akademiya-missiya-mirovyh-geroev-otbytie,TRULY_MISSING,True,
krov-na-tribunah,TRULY_MISSING,True,
kartochnye-boi-avangarda-if,TRULY_MISSING,True,
tihie-ubiycy,TRULY_MISSING,True,
devushki-zolushki-ekstra,TRULY_MISSING,True,
voshititelnyy-vecher,TRULY_MISSING,True,
ommedzi,TRULY_MISSING,True,
yasyahime-princessa-poludemon-vtoraya-glava,TRULY_MISSING,True,
horoshenkoe-lekarstvo-skachok-tainstvennyy-den-so-vsemi,TRULY_MISSING,True,
argonavis-iz-ura-mechte,TRULY_MISSING,True,
idolmaster-koncert-na-million,TRULY_MISSING,True,
mononoke-ognennaya-krysa,TRULY_MISSING,True,
gluhoman,TRULY_MISSING,True,
rasplata-6,TRULY_MISSING,True,
volna,TRULY_MISSING,True,
pokemon-hisuyskiy-sneg,TRULY_MISSING,True,
kartochnye-boi-avangarda-novoe-zameschenie,TRULY_MISSING,True,
klub-strelby-iz-luka-film,TRULY_MISSING,True,
ultramen-2,TRULY_MISSING,True,
kogda-ulitka-vlyublena,TRULY_MISSING,True,
vlyubitsya-v-tebya-2,TRULY_MISSING,True,
manyaschie-gory-vospominaniya,TRULY_MISSING,True,
detektiv-konan-zheleznaya-podvodnaya-lodka,TRULY_MISSING,True,
horoshenkoe-lekarstvo-mercanie-zvezd,TRULY_MISSING,True,
dve-tysyachi-dvuhsotyy-god-yaponiya-strana-koshek,TRULY_MISSING,True,
detektiv-konan-podsolnuhi-iz-adskogo-plameni,TRULY_MISSING,True,
ya-ochen-tebya-lyublyu,TRULY_MISSING,True,
zagadochnyy-dzhoker-4,TRULY_MISSING,True,
uragan-2,TRULY_MISSING,True,
vek-strelka-2,TRULY_MISSING,True,
haos-na-kladbische,TRULY_MISSING,True,
lazurnye-ogni,TRULY_MISSING,True,
ya-uvidel-korolya,TRULY_MISSING,True,
uchitelnica-polskogo,TRULY_MISSING,True,
metod-nebes-dopolnitelnyy-epizod,TRULY_MISSING,True,
odin-iz-otvergnutyh-izgoy-nebesnaya-gora,TRULY_MISSING,True,
znak,TRULY_MISSING,True,
zvezda-kotoruyu-ya-poteryala,TRULY_MISSING,True,
devstvenniki-2,TRULY_MISSING,True,
seksologiya,TRULY_MISSING,True,
degustatorshi,TRULY_MISSING,True,
punkt-naznacheniya-lyubov,TRULY_MISSING,True,
pustoe-mesto,TRULY_MISSING,True,
deti-bozhi,TRULY_MISSING,True,
pohischennyy,TRULY_MISSING,True,
udar-monstra-dozhd-vospominaniy,TRULY_MISSING,True,
stelios,TRULY_MISSING,True,
obod,TRULY_MISSING,True,
udar-monstra-3,TRULY_MISSING,True,
vyshe-kolena,TRULY_MISSING,True,
zazhivo-pogrebennye,TRULY_MISSING,True,
ohotnicy-za-millionerami,TRULY_MISSING,True,
frenk,TRULY_MISSING,True,
pan-amerikan,TRULY_MISSING,True,
dropkik-zlogo-duha-3,TRULY_MISSING,True,
vpered-vpered-atom,TRULY_MISSING,True,
sonata-smerti,TRULY_MISSING,True,
noch-vlada,TRULY_MISSING,True,
zabroshennyy,TRULY_MISSING,True,
devushka-v-pogrebe,TRULY_MISSING,True,
angely-i-ko,TRULY_MISSING,True,
ispug,TRULY_MISSING,True,
smertelnoe-zhelanie,TRULY_MISSING,True,
vernut-ee,TRULY_MISSING,True,
vual-2,TRULY_MISSING,True,
les,TRULY_MISSING,True,
zhestokoe-predatelstvo,TRULY_MISSING,True,
veduschie-zvezdy,TRULY_MISSING,True,
nevidimoe-2,TRULY_MISSING,True,
vypusknoy-rozygrysh,TRULY_MISSING,True,
posledniy-rubezh-zaschitniki-galaktiki-2016,TRULY_MISSING,True,
poyuschie-malchiki-iz-kavagoe,TRULY_MISSING,True,
moya-luchshaya-podruga-zlodeyka,TRULY_MISSING,True,
pilon-princessy,TRULY_MISSING,True,
novyy-master-kulinarii-2-sezon,TRULY_MISSING,True,
lager-na-svezhem-vozduhe-3-specvypuski,TRULY_MISSING,True,
schastlivaya-zvezda-2,TRULY_MISSING,True,
mir-epohi-zvezd,TRULY_MISSING,True,
zaschitnica-2,TRULY_MISSING,True,
ternii,TRULY_MISSING,True,
dlinnyy-mech,TRULY_MISSING,True,
pesn-vremeni-rapsodiya-cvetka-i-plameni,TRULY_MISSING,True,
mechta-2,TRULY_MISSING,True,
fantasticheskaya-ballada-o-gorah-i-moryah,TRULY_MISSING,True,
svyaz-2,TRULY_MISSING,True,
nevidimyy-agressor,TRULY_MISSING,True,
kartochnye-boi-avangarda-novoe-zameschenie-3,TRULY_MISSING,True,
kartochnye-boi-avangarda-novoe-zameschenie-2,TRULY_MISSING,True,
bronirovannye-voiny-votomy-fantom,TRULY_MISSING,True,
svodniki-duhov-lisi-svahi-krasnaya-luna-2,TRULY_MISSING,True,
odnazhdy-dnem,TRULY_MISSING,True,
pustota,TRULY_MISSING,True,
pautina-sharlotty-2,TRULY_MISSING,True,
na-odnu-noch,TRULY_MISSING,True,
den-tigra,TRULY_MISSING,True,
kak-ubili-dzhona-kennedi,TRULY_MISSING,True,
ura-mechte-film-puzyryaschayasya-mechta,TRULY_MISSING,True,
devushka-vlyubilas-v-starshuyu-sestru-tri-mercayuschie-zvezdy,TRULY_MISSING,True,
zhizn-dlya-samouchek,TRULY_MISSING,True,
skazka-o-volke,TRULY_MISSING,True,
hram-nikto-ne-mozhet-zhit-v-odinochestve-h-devushka-na-chas,TRULY_MISSING,True,
ozzi-osborn-vyhoda-net,TRULY_MISSING,True,
princessa-shpionka-ukrotitel-korony-2,TRULY_MISSING,True,
heribert,TRULY_MISSING,True,
net-zverya-stol-svirepogo,TRULY_MISSING,True,
bomba,TRULY_MISSING,True,
opuhol-mozga,TRULY_MISSING,True,
mrachnyy-motel,TRULY_MISSING,True,
fantaziya-granblyu-2-glava-dzhity,TRULY_MISSING,True,
toren-vozvraschenie-k-kornyam,TRULY_MISSING,True,
my-chuzhie,TRULY_MISSING,True,
malu,TRULY_MISSING,True,
udar-krovi-poteryannoe-svyatoe-kope,TRULY_MISSING,True,
yakitori,TRULY_MISSING,True,
gorodskaya-dyavolica-2,TRULY_MISSING,True,
fanatka-3,TRULY_MISSING,True,
uboynyy-kontent,TRULY_MISSING,True,
muks-tishe-nekuda,TRULY_MISSING,True,
mir-geroev-sd-gandam,TRULY_MISSING,True,
nidzien,TRULY_MISSING,True,
risunki-ot-key,TRULY_MISSING,True,
priklyucheniya-digimonov-poslednyaya-evolyuciya,TRULY_MISSING,True,
letnie-sekrety,TRULY_MISSING,True,
idolmaster-devushki-zolushki-u149,TRULY_MISSING,True,
puteshestvie-na-zapad-sudba,TRULY_MISSING,True,
scena-dlya-moih-geroev-teplo-vospominaniy,TRULY_MISSING,True,
bezymyannye-strashilki,TRULY_MISSING,True,
povelitel-ple-ple-pleyady-4,TRULY_MISSING,True,
dokazatelstvo-dlya-dvoih,TRULY_MISSING,True,
sluchaynoe-taksi-v-lesu,TRULY_MISSING,True,
ostansya-2,TRULY_MISSING,True,
sherohovatyy-mir-2,TRULY_MISSING,True,
horoshenkoe-lekarstvo-devochki-volshebnicy,TRULY_MISSING,True,
odin-tanec,TRULY_MISSING,True,
za-granyu-4,TRULY_MISSING,True,
ubit-volka,TRULY_MISSING,True,
beguschiy-kon-skachuschiy-kon,TRULY_MISSING,True,
pustaya-zona,TRULY_MISSING,True,
chelovek-osminog,TRULY_MISSING,True,
novoe-tokio-myau-myau,TRULY_MISSING,True,
lyubov-s-nezapamyatnyh-vremen-2,TRULY_MISSING,True,
lunnyy-proekt-2,TRULY_MISSING,True,
pokemon-paldeyskie-vetry,TRULY_MISSING,True,
specii-i-chary,TRULY_MISSING,True,
volshebnik-voin-orfen-put-strannika-kimlak,TRULY_MISSING,True,
kak-naslazhdatsya-etim-mirom-sekretnaya-istoriya-film,TRULY_MISSING,True,
idolmaster-blestyaschie-cveta,TRULY_MISSING,True,
nekiy-nauchnyy-reylgan-t-specvypuski,TRULY_MISSING,True,
volnyy-stil-zaplyv-v-buduschee-film,TRULY_MISSING,True,
sinobanay-kriptonindzya-sakuya,TRULY_MISSING,True,
horoshenkoe-lekarstvo-vse-zvezdy-film-f,TRULY_MISSING,True,
skazanie-o-demonah-sakury-kiotskiy-tanec,TRULY_MISSING,True,
zagadochnaya-devushka-h-zagadochnyy-letniy-festival,TRULY_MISSING,True,
detektiv-konan-prestupnik-hanzava,TRULY_MISSING,True,
gandam-skonstruirovannaya-metavselennaya,TRULY_MISSING,True,
puteshestvie-na-zapad-peschera-cyunci,TRULY_MISSING,True,
predatelstvo-4,TRULY_MISSING,True,
vladyka-ada-v-pechali-2,TRULY_MISSING,True,
propavshie-fei-2,TRULY_MISSING,True,
utonuvshiy,TRULY_MISSING,True,
blich-tysyacheletnyaya-krovavaya-voyna-proschanie-rekap,TRULY_MISSING,True,
tenti-lishniy-reoki-4,TRULY_MISSING,True,
devushki-poni-slavnoe-derbi-doroga-k-vershine,TRULY_MISSING,True,
bezymyannye-strashilki-3,TRULY_MISSING,True,
zhivaya-lyubov-klub-idolov-starshey-shkoly-nidzigasaki-2,TRULY_MISSING,True,
sdelay-moy-den,TRULY_MISSING,True,
v-poiskah-mechey,TRULY_MISSING,True,
moya-devushka-sovershennoe-oruzhie-drugaya-pesnya-o-lyubvi,TRULY_MISSING,True,
detektiv-konan-istoriya-lyubvi-v-shtab-kvartire-policii-nakanune-svadby,TRULY_MISSING,True,
priklyucheniya-digimonov-02-nachalo,TRULY_MISSING,True,
kvartet-iz-alternativnogo-mira-drugoy-mir,TRULY_MISSING,True,
alisa-mehanizm-egidy,TRULY_MISSING,True,
povinuysya-mne,TRULY_MISSING,True,
tretya-gruppa,TRULY_MISSING,True,
povinuysya-mne-2,TRULY_MISSING,True,
arifureta-silneyshiy-remeslennik-v-mire-2-specvypusk,TRULY_MISSING,True,
devushki-i-tanki-final-chast-4-specvypuski,TRULY_MISSING,True,
detektiv-konan-hellouinskaya-nevesta,TRULY_MISSING,True,
portret-czyanhu-perevoploschennyy-uchenik-2,TRULY_MISSING,True,
klassikaloid,TRULY_MISSING,True,
kontinent-boevyh-duhov,TRULY_MISSING,True,
puteshestvie-na-zapad-vozrozhdenie,TRULY_MISSING,True,
opus-cveta,TRULY_MISSING,True,
propavshie-devushki-na-stancii,TRULY_MISSING,True,
gamera-pererozhdenie,TRULY_MISSING,True,
pingviniy-baraban-film,TRULY_MISSING,True,
ptiche-krylo-istoriya-golfistok-2,TRULY_MISSING,True,
molitva,TRULY_MISSING,True,
efemernyy,TRULY_MISSING,True,
rukovodstvo-genialnogo-princa-po-vyzvoleniyu-strany-iz-dolgov-specvypuski,TRULY_MISSING,True,
ptiche-krylo-istoriya-golfistok,TRULY_MISSING,True,
kosmicheskiy-linkor-yamato-2205-novoe-priklyuchenie,TRULY_MISSING,True,
fermer-aristokrat-specvypuski,TRULY_MISSING,True,
moy-heshteg-ne-siyal,TRULY_MISSING,True,
novye-priklyucheniya-betmena,TRULY_MISSING,True,
kulinarnye-skitaniya-v-parallelnom-mire-2,TRULY_MISSING,True,
vesna-korotka-lyubite-malchishki,TRULY_MISSING,True,
flag,TRULY_MISSING,True,
kollekciya-nindzya,TRULY_MISSING,True,
nastoyaschie-ubiystva-na-ulice-vyazov,TRULY_MISSING,True,
zhar-ptica-edem17,TRULY_MISSING,True,
otpravlyayu-tebe-moy-pervyy-son,TRULY_MISSING,True,
nidzien-2,TRULY_MISSING,True,
tenti-lishniy-galakticheskaya-policiya-nachalo-raya,TRULY_MISSING,True,
tiko-i-nanami,TRULY_MISSING,True,
ne-lyubi-menya,TRULY_MISSING,True,
syny-groma,TRULY_MISSING,True,
gonki-s-offsetom,TRULY_MISSING,True,
shest-zhelaniy,TRULY_MISSING,True,
mechta-zhizni-ty-i-ya,TRULY_MISSING,True,
putin-istoriya-russkogo-shpiona,TRULY_MISSING,True,
prestuplenie-na-pochve-lyubvi-i-nenavisti,TRULY_MISSING,True,
dzhastin-biber-sezony,TRULY_MISSING,True,
data-svadby,TRULY_MISSING,True,
v-bolezni-i-v-zdravii,TRULY_MISSING,True,
poisk,TRULY_MISSING,True,
ego-istoriya,TRULY_MISSING,True,
gelvetika,TRULY_MISSING,True,
boycovskiy-mir-s-frenkom-grillo,TRULY_MISSING,True,
poslednee-leto-2,TRULY_MISSING,True,
sdelat-predlozhenie-koroleve,TRULY_MISSING,True,
nastoyaschiy-koshmar,TRULY_MISSING,True,
udivitelnyy-chelovek,TRULY_MISSING,True,
dusha-madzhonga-kan,TRULY_MISSING,True,
dc-devchonki-supergeroi,TRULY_MISSING,True,
fermer-aristokrat,TRULY_MISSING,True,
megaton-2,TRULY_MISSING,True,
probuzhdenie-istochnika-sily,TRULY_MISSING,True,
zapretnyy-nochnoy-perekus-mistera-cukuemi,TRULY_MISSING,True,
celuyu-tebya-trizhdy,TRULY_MISSING,True,
moy-status-ubiycy-ochevidno-prevoshodit-geroyskiy,TRULY_MISSING,True,
gintama-3-z-klass-ginpachi-senseya,TRULY_MISSING,True,
kandidat-dlya-bogini,TRULY_MISSING,True,
arifureta-silneyshiy-remeslennik-v-mire-2-ova,TRULY_MISSING,True,
novichok-3,TRULY_MISSING,True,
udar-krovi-final,TRULY_MISSING,True,
udar-krovi-iv,TRULY_MISSING,True,
kubikl,TRULY_MISSING,True,
saharnye-kapitany,TRULY_MISSING,True,
bendzhamin-franklin,TRULY_MISSING,True,
beyrut-6-07,TRULY_MISSING,True,
beyrut-303,TRULY_MISSING,True,
arkeyn-preodolenie-razloma,TRULY_MISSING,True,
legenda-o-gryaduschey-nochi,TRULY_MISSING,True,
indulgenciya,TRULY_MISSING,True,
chernye-vdovy,TRULY_MISSING,True,
trevozhnye,TRULY_MISSING,True,
megre,TRULY_MISSING,True,
strana-peskov,TRULY_MISSING,True,
syschiki-polyarnaya-ohota,TRULY_MISSING,True,
devushka-kotoraya-vyzhila-istoriya-aliny-tompson,TRULY_MISSING,True,
spat-s-tigrom,TRULY_MISSING,True,
nevesta-shuyguy,TRULY_MISSING,True,
golye-ruki,TRULY_MISSING,True,
kogda-poet-dusha,TRULY_MISSING,True,
moshennicy,TRULY_MISSING,True,
neznakomec-v-zerkale,TRULY_MISSING,True,
moey-obeschannoe,TRULY_MISSING,True,
ya-tayna-tvoego-serdca,TRULY_MISSING,True,
ya-leman,TRULY_MISSING,True,
ohota-na-zlodeev,TRULY_MISSING,True,
tibetskiy-morskoy-cvetok-zloveschiy-fonar-zasnezhenyh-gor,TRULY_MISSING,True,
klinok-yarosti,TRULY_MISSING,True,
konec-sveta-s-siba-inu,TRULY_MISSING,True,
mir-v-superpesochnice,TRULY_MISSING,True,
ne-trogay-menya-kotesasi,TRULY_MISSING,True,
vanpanchmen-3,TRULY_MISSING,True,
rinne-mezh-dvuh-mirov-2,TRULY_MISSING,True,
digimony-bitbreyk,TRULY_MISSING,True,
alma-hochet-stat-semey,TRULY_MISSING,True,
rinne-mezh-dvuh-mirov-3,TRULY_MISSING,True,
korol-prizmy-gordost-geroya,TRULY_MISSING,True,
starshaya-karta-cvetenie,TRULY_MISSING,True,
puteshestvie-v-cvetuschiy-mir,TRULY_MISSING,True,
propavshaya-vosmerka,TRULY_MISSING,True,
poveliteli-izmereniy,TRULY_MISSING,True,
zapisi-o-devyati-vozdushnyh-ostrovah,TRULY_MISSING,True,
duh-mecha-vechnosti,TRULY_MISSING,True,
rycari-zodiaka-svyatoy-seyya-bitva-za-svyatilische-chast-2,TRULY_MISSING,True,
rycari-zodiaka-svyatoy-seyya-bitva-za-svyatilische,TRULY_MISSING,True,
charlz,TRULY_MISSING,True,
siniy-orkestr-2,TRULY_MISSING,True,
devushki-poni-seraya-zolushka-chast-2,TRULY_MISSING,True,
si-vis-zvuk-geroev,TRULY_MISSING,True,
kryuk-2,TRULY_MISSING,True,
semya-2,TRULY_MISSING,True,
manyachka,TRULY_MISSING,True,
chelovek-iz-rima,TRULY_MISSING,True,
ranma-1-2-2024-2,TRULY_MISSING,True,
igrat-po-krupnomu,TRULY_MISSING,True,
postapokalipticheskoe-puteshestvie,TRULY_MISSING,True,
ty-nastoyaschiy-geniy,TRULY_MISSING,True,
beskonechnyy-mir,TRULY_MISSING,True,
kartochnye-boi-avangarda-svyataya-zet,TRULY_MISSING,True,
makross-fb7-potok-dushi-vo-vselennoy-vnimayte-moey-pesne,TRULY_MISSING,True,
haron,TRULY_MISSING,True,
dlya-tebya-bessmertnyy-3,TRULY_MISSING,True,
pridvornyy-mag-polzovavshiysya-lish-magiey-podderzhki-potomu-chto-ego-soyuzniki-,TRULY_MISSING,True,
alyans-boga-voyny,TRULY_MISSING,True,
skazanie-ob-obruchalnyh-kolcah-2,TRULY_MISSING,True,
tysyacha-mushketerov,TRULY_MISSING,True,
moya-geroyskaya-akademiya-final,TRULY_MISSING,True,
fanaty-2,TRULY_MISSING,True,
s-tem-zhe-vzglyadom,TRULY_MISSING,True,
snezhnyy-korol-pribyl,TRULY_MISSING,True,
tibi-godzilla-nanosit-otvetnyy-udar-2,TRULY_MISSING,True,
ostrov-nasekomyh-gigantov-film,TRULY_MISSING,True,
puteshestvie-na-zapad-proschay-ukun,TRULY_MISSING,True,
kod-krushitel-ova,TRULY_MISSING,True,
sestry-grimm,TRULY_MISSING,True,
ganglion,TRULY_MISSING,True,
letniy-lager-2,TRULY_MISSING,True,
rukovodstvo-zheny-po-kontratake,TRULY_MISSING,True,
dinotraks,TRULY_MISSING,True,
sobranie-koshek,TRULY_MISSING,True,
opasnye-ulicy,TRULY_MISSING,True,
arahnid-2,TRULY_MISSING,True,
pokemon-stremlenie-stat-masterom-pokemonov,TRULY_MISSING,True,
vlechenie-2,TRULY_MISSING,True,
ya-byl-predan-tovarischami-v-glubine-podzemelya-no-blagodarya-svoemu-navyku-besk,TRULY_MISSING,True,
mirskie-stremleniya,TRULY_MISSING,True,
nachinayuschie-vedmy,TRULY_MISSING,True,
neprevzoydennye-gory-i-morya,TRULY_MISSING,True,
mobilnyy-voin-gandam-pokolenie-film,TRULY_MISSING,True,
boevaya-liga-mastera-meha-gadzhetov,TRULY_MISSING,True,
dostuchatsya-do-tebya-rekap,TRULY_MISSING,True,
tanec-mechey-pylayuschiy-honnodzhi,TRULY_MISSING,True,
pesnya-boevyh-princess-mehasimfoniya-5,TRULY_MISSING,True,
istrebiteli-nasekomyh-ova,TRULY_MISSING,True,
vneklassnye-pleyady-ona,TRULY_MISSING,True,
kapibara,TRULY_MISSING,True,
volshebnica-medsestra-komugi-r,TRULY_MISSING,True,
prosnites-devushki-novaya-glava,TRULY_MISSING,True,
svecha-v-grobnice-gnev-vremeni,TRULY_MISSING,True,
igra-ty-nikogda-ne-igraesh-v-odinochku,TRULY_MISSING,True,
poeziya-teney,TRULY_MISSING,True,
tonnel,TRULY_MISSING,True,
kartochnye-boi-avangarda-svyataya-zet-2,TRULY_MISSING,True,
mini-zhricy,TRULY_MISSING,True,
udivitelnaya-vi-podrostok-vampir,TRULY_MISSING,True,
tihuana,TRULY_MISSING,True,
takaya-dolgaya-noch,TRULY_MISSING,True,
spaydy,TRULY_MISSING,True,
staryy-pes-novye-tryuki,TRULY_MISSING,True,
podzemelya-i-televidenie,TRULY_MISSING,True,
poeziya-teney-sem-teney,TRULY_MISSING,True,
nepostizhimaya-aharen-ona,TRULY_MISSING,True,
ya-hochu-vstretit-tebya-pered-tem-kak-mir-razrushitsya,TRULY_MISSING,True,
kayna-v-velikom-snezhnom-more-zvezdnyy-mudrec,TRULY_MISSING,True,
demon-detektiv,TRULY_MISSING,True,
blagoslovennaya-kampanella,TRULY_MISSING,True,
zvezda-chto-yarche-solnca,TRULY_MISSING,True,
vazzrok,TRULY_MISSING,True,
polunochnaya-gostinica,TRULY_MISSING,True,
zavet,TRULY_MISSING,True,
oruzheynaya-lavka-dlya-ledi-i-dzhentlmenov-2019,TRULY_MISSING,True,
istoriya-lyubvi-ubiycy,TRULY_MISSING,True,
akvarion-evol-specvypusk,TRULY_MISSING,True,
rycari-zodiaka-svyatoy-seyya,TRULY_MISSING,True,
sila-tysyachi-feeriya-epohi,TRULY_MISSING,True,
neumelyy-sempay,TRULY_MISSING,True,
ya-brosila-vyzov-zakonu,TRULY_MISSING,True,
poeziya-teney-ark,TRULY_MISSING,True,
vulkan-spasenie-s-ostrova-uayt-aylend,TRULY_MISSING,True,
krovavyy-sneg,TRULY_MISSING,True,
dusha-mastera-soldata-chast-2,TRULY_MISSING,True,
bubuki-buranki-zvezda-gigantov,TRULY_MISSING,True,
apokalipsis-v-tropikah,TRULY_MISSING,True,
mesto-prestupleniya-nochnoy-berlin,TRULY_MISSING,True,
pohischenie-inoplanetyanami-v-manhettene,TRULY_MISSING,True,
svezhie-yayca,TRULY_MISSING,True,
maradona-blagoslovennaya-mechta,TRULY_MISSING,True,
korol-prizmy-sem-siyayuschih-zvezd,TRULY_MISSING,True,
bavi-stok,TRULY_MISSING,True,
puteshestviya-zhyulya-verna,TRULY_MISSING,True,
proschayte-uchitel,TRULY_MISSING,True,
parallelnaya-zhizn,TRULY_MISSING,True,
biblioteka-kokoro,TRULY_MISSING,True,
proyti-otbor,TRULY_MISSING,True,
propavshie-bez-vesti,TRULY_MISSING,True,
nekotiruemyy,TRULY_MISSING,True,
povar-nebesnoy-gostinicy-2,TRULY_MISSING,True,
pi-nak-4,TRULY_MISSING,True,
dvoynoy-angel-proryv,TRULY_MISSING,True,
rycari-zodiaka-sainciya-sho,TRULY_MISSING,True,
dyavolenok,TRULY_MISSING,True,
popsovyy-epos-specvypuski,TRULY_MISSING,True,
beskonechnye-nebesa-ova,TRULY_MISSING,True,
mobilnyy-voin-gandam-00-probuzhdenie-innovatora,TRULY_MISSING,True,
poslednie-cari,TRULY_MISSING,True,
aykacu-osobennaya-volshebnaya-karta-aykacu,TRULY_MISSING,True,
grozovaya-fantaziya-mech-zhizni-i-smerti,TRULY_MISSING,True,
grozovaya-fantaziya-charuyuschaya-melodiya-zapada,TRULY_MISSING,True,
pod-davleniem,TRULY_MISSING,True,
liliya-lyagushka-i-mladshiy-brat,TRULY_MISSING,True,
krov-i-voda,TRULY_MISSING,True,
molchanie-3,TRULY_MISSING,True,
cherepaha,TRULY_MISSING,True,
kogda-ya-prosnulsya-ya-stal-bublikovoy-devochkoy,TRULY_MISSING,True,
moguchaya-berdi-shifr,TRULY_MISSING,True,
gadkiy-ya-2-kollekciya-iz-treh-mini-filmov,TRULY_MISSING,True,
istoriya-drevney-britanii,TRULY_MISSING,True,
bebi-luni-tyunz-neobyknovennoe-priklyuchenie,TRULY_MISSING,True,
obychnye-dni-yano-2,TRULY_MISSING,True,
shi-ra-i-nepobedimye-princessy,TRULY_MISSING,True,
vremya-provedennoe-s-toboy,TRULY_MISSING,True,
puteshestvie-na-zapad-5-2,TRULY_MISSING,True,
davno-ne-videlis,TRULY_MISSING,True,
otkrovenie-2-2,TRULY_MISSING,True,
geneshaft,TRULY_MISSING,True,
kak-vyzhit-buduchi-odinokim,TRULY_MISSING,True,
drug-cheloveka,TRULY_MISSING,True,
ceremoniya-sovershennoletiya-myao-cyansuy,TRULY_MISSING,True,
podruzhki-nevesty,TRULY_MISSING,True,
boss-2,TRULY_MISSING,True,
vegas,TRULY_MISSING,True,
izbrannyy,TRULY_MISSING,True,
puteshestvie-kollekcionera-po-drugomu-miru,TRULY_MISSING,True,
otcovskie-dni,TRULY_MISSING,True,
nerazvedennyy-muzhchina,TRULY_MISSING,True,
na-sever-za-almaznoy-pylyu-specvypusk,TRULY_MISSING,True,
begi-nikson,TRULY_MISSING,True,
egipetskie-bogi-2,TRULY_MISSING,True,
egipetskie-bogi,TRULY_MISSING,True,
nikogda-ne-govori-nikogda-2,TRULY_MISSING,True,
novyy-paren-mamy,TRULY_MISSING,True,
istoriya-odnoy-semi,TRULY_MISSING,True,
deti-raya,TRULY_MISSING,True,
komnata-dlya-doprosov,TRULY_MISSING,True,
ubiystvo-pered-vecherney,TRULY_MISSING,True,
nalet-na-hatton-garden,TRULY_MISSING,True,
navasara-9-emociy,TRULY_MISSING,True,
lyubov-vne-vremeni-4,TRULY_MISSING,True,
moguchie-reyndzhery-dino-yarost,TRULY_MISSING,True,
kakao-cveta-dozhdya-4,TRULY_MISSING,True,
verni-menya-k-zhizni,TRULY_MISSING,True,
govorit-zodiak,TRULY_MISSING,True,
propavshie-devushki-long-aylendskiy-ubiyca,TRULY_MISSING,True,
besedy-s-ubiycey-zapisi-syna-sema,TRULY_MISSING,True,
dyavol-v-seme-padenie-rubi-franke,TRULY_MISSING,True,
ocherki-priklyucheniy-vo-vremena-dinastii-tan,TRULY_MISSING,True,
pohititelnica-anna,TRULY_MISSING,True,
da-budet-volya-tvoya,TRULY_MISSING,True,
vstavay,TRULY_MISSING,True,
flanki-bol,TRULY_MISSING,True,
devochki-volshebnicy-devushki-narii,TRULY_MISSING,True,
gde-vy-d-b-kuper,TRULY_MISSING,True,
risovaya-lyubov,TRULY_MISSING,True,
lapua-1976,TRULY_MISSING,True,
shalnoy-posledniy-boss-yavilsya,TRULY_MISSING,True,
chasovye,TRULY_MISSING,True,
tri-puti-k-svobode,TRULY_MISSING,True,
chistilische-dzheka,TRULY_MISSING,True,
novyy-princ-tennisa-ova,TRULY_MISSING,True,
master-krutyaschego-momenta-epilog,TRULY_MISSING,True,
master-krutyaschego-momenta-3,TRULY_MISSING,True,
chetyre-sezona-fuka-i-nanami,TRULY_MISSING,True,
master-krutyaschego-momenta-2,TRULY_MISSING,True,
master-krutyaschego-momenta,TRULY_MISSING,True,
po-sosedski,TRULY_MISSING,True,
alisa-v-strane-chudes,TRULY_MISSING,True,
idealnaya-svekrov-2,TRULY_MISSING,True,
anatomiya-haosa,TRULY_MISSING,True,
sdelano-v-turcii,TRULY_MISSING,True,
nasledie,TRULY_MISSING,True,
samyy-razyskivaemyy-podrostok-haker,TRULY_MISSING,True,
zdes-my-ne-v-bezopasnosti,TRULY_MISSING,True,
mest-v-saut-sayde,TRULY_MISSING,True,
million-2,TRULY_MISSING,True,
koshmar-v-arguse,TRULY_MISSING,True,
prizraki-big-sendi,TRULY_MISSING,True,
devyatnadcat,TRULY_MISSING,True,
dnevnik-gospozhi-chzhao,TRULY_MISSING,True,
vtoraya-polovina,TRULY_MISSING,True,
golova-meduzy,TRULY_MISSING,True,
koshachiy-glaz-2,TRULY_MISSING,True,
vechnost-yugure-epizod-0,TRULY_MISSING,True,
bar-tango,TRULY_MISSING,True,
monmartr,TRULY_MISSING,True,
dela-pohoronnye,TRULY_MISSING,True,
schastlivyy-brak,TRULY_MISSING,True,
rasskazy-honoki,TRULY_MISSING,True,
lyublyu-tebya-3000-raz,TRULY_MISSING,True,
macu-yamma-i-moburi-tayna-semi-dragocennyh-kamney-i-letayuschego-zamka,TRULY_MISSING,True,
nadya-s-zagadochnogo-morya-specvypuski,TRULY_MISSING,True,
graciya-duha-2,TRULY_MISSING,True,
macu-yamma-i-moburi-morskie-sokrovischa-i-ostrov-zagadka,TRULY_MISSING,True,
sila-sposobnaya-svernut-gory-i-reki,TRULY_MISSING,True,
devushka-v-czyanhu,TRULY_MISSING,True,
dom-reyven,TRULY_MISSING,True,
tenka-hyakken-dobro-pozhalovat-v-zal-meydzi,TRULY_MISSING,True,
ura-mechte-morfonizaciya,TRULY_MISSING,True,
dzho-pera-govorit-s-vami,TRULY_MISSING,True,
v-poiskah-doma,TRULY_MISSING,True,
andzhela-blek,TRULY_MISSING,True,
koroleva-demonov-zhazhdet-umeret,TRULY_MISSING,True,
million-arturov-2,TRULY_MISSING,True,
van-pis-priklyuchenie-v-nebulandii,TRULY_MISSING,True,
kolybelnaya-pikotaro-ona,TRULY_MISSING,True,
nesgovorchivyy-hozyain,TRULY_MISSING,True,
padcherica-2,TRULY_MISSING,True,
ulybka,TRULY_MISSING,True,
vtoroe-deystvie,TRULY_MISSING,True,
pokemon-nasha-sila,TRULY_MISSING,True,
pozvonite-moemu-agentu-berlin,TRULY_MISSING,True,
udar-gol-v-buduschee,TRULY_MISSING,True,
legendarnyy-lazurnyy-udar-film,TRULY_MISSING,True,
zemleprohodcy,TRULY_MISSING,True,
makross-delta-strast-valkiriy,TRULY_MISSING,True,
mobilnyy-voin-gandam-udar-molnii-dekabrskoe-nebo,TRULY_MISSING,True,
2020,TRULY_MISSING,True,
gostya,TRULY_MISSING,True,
ya-ubiyca-na-svobode,TRULY_MISSING,True,
mobilnyy-voin-gandam-sumerechnyy-aksis-krasnoe-pyatno,TRULY_MISSING,True,
izvechnaya-bitva-geroev,TRULY_MISSING,True,
syuga,TRULY_MISSING,True,
kratkaya-istoriya-semi,TRULY_MISSING,True,
slavsya-meri,TRULY_MISSING,True,
shum-voln,TRULY_MISSING,True,
denni-v-poiskah-om,TRULY_MISSING,True,
my-ne-mozhem-uchitsya-2,TRULY_MISSING,True,
nedotrogi,TRULY_MISSING,True,
ushastye-druzya-2,TRULY_MISSING,True,
doamayger-d,TRULY_MISSING,True,
velikolepnyy-konditer-specvypusk,TRULY_MISSING,True,
zhivaya-lyubov-siyanie-nad-radugoy,TRULY_MISSING,True,
bezdelniki-bollivuda,TRULY_MISSING,True,
lyubov-lyubit-sluchaynosti-2,TRULY_MISSING,True,
velikolepnyy-konditer-2,TRULY_MISSING,True,
devushki-poni-slavnoe-derbi-pv,TRULY_MISSING,True,
karatistka,TRULY_MISSING,True,
dela-advokata-hilki-ischeznovenie,TRULY_MISSING,True,
bumerang,TRULY_MISSING,True,
spasennye-zvonkom,TRULY_MISSING,True,
lager-albanta,TRULY_MISSING,True,
idealnyy-kommandos,TRULY_MISSING,True,
svyaz-s-katmandu,TRULY_MISSING,True,
plotina,TRULY_MISSING,True,
spasayas-ot-dozhdya,TRULY_MISSING,True,
obychnyy-muzhik,TRULY_MISSING,True,
kruzheva,TRULY_MISSING,True,
aliya,TRULY_MISSING,True,
poehali,TRULY_MISSING,True,
progulki-malenkoy-akuly,TRULY_MISSING,True,
beskonechnoe-leto,TRULY_MISSING,True,
kuhnya-apokalipsisa,TRULY_MISSING,True,
preemnik-zov-predkov-2,TRULY_MISSING,True,
mezhdu-ogney,TRULY_MISSING,True,
volshebnaya-somera-specvypusk,TRULY_MISSING,True,
liga-spravedlivosti-bez-granic,TRULY_MISSING,True,
tamayura-zaklyuchitelnaya-glava-zavtrashniy-den,TRULY_MISSING,True,
tamayura-zaklyuchitelnaya-glava-toska,TRULY_MISSING,True,
tamayura-zaklyuchitelnaya-glava-zvuki,TRULY_MISSING,True,
vest-sayd,TRULY_MISSING,True,
zhenskaya-voyna,TRULY_MISSING,True,
ya-dzhordzhina,TRULY_MISSING,True,
vstrechi,TRULY_MISSING,True,
uspeh,TRULY_MISSING,True,
opasnye-sluhi,TRULY_MISSING,True,
glitch,TRULY_MISSING,True,
vozmi-moyu,TRULY_MISSING,True,
kartel-zhab-nachalo,TRULY_MISSING,True,
ulichnyy-boec-voskreshenie,TRULY_MISSING,True,
sprosite-povara,TRULY_MISSING,True,
vmeste-my-uh-sila,TRULY_MISSING,True,
zombi-lars,TRULY_MISSING,True,
polosataya-komnata,TRULY_MISSING,True,
e-chen-2-vozrozhdenie,TRULY_MISSING,True,
tamayura-zaklyuchitelnaya-glava-znaki,TRULY_MISSING,True,
lyubov-princessy-megohime,TRULY_MISSING,True,
ditya-sudby,TRULY_MISSING,True,
horoshenkoe-lekarstvo-prostirayuschiesya-nebesa,TRULY_MISSING,True,
smert-i-kompromiss,TRULY_MISSING,True,
fernanda,TRULY_MISSING,True,
kosti,TRULY_MISSING,True,
ya-smeyus-potomu-chto-lyublyu-tebya,TRULY_MISSING,True,
laym-i-spyaschie-psy,TRULY_MISSING,True,
angely-ragnastrayk,TRULY_MISSING,True,
nindzya-nobunagi-3,TRULY_MISSING,True,
soulvorker-oruzhie-dushi,TRULY_MISSING,True,
klan-date-masamune,TRULY_MISSING,True,
kulak-sinego-neba-pererozhdenie,TRULY_MISSING,True,
apokalipsis-gitler-atakuet-na-vostoke,TRULY_MISSING,True,
progulki-malenkoy-akuly-i-vechera-s-koshkoy-urok-horoshih-maner,TRULY_MISSING,True,
vozrastnoy-igrok,TRULY_MISSING,True,
gandam-skonstruirovannye-dayvery-podem-2,TRULY_MISSING,True,
gandam-skonstruirovannye-dayvery-podem,TRULY_MISSING,True,
dyavolskie-vozlyublennye-ova,TRULY_MISSING,True,
superdrakoniy-zhemchug-geroi,TRULY_MISSING,True,
boginya-blagoslovi-mamoru,TRULY_MISSING,True,
dikie-grivy,TRULY_MISSING,True,
pylayuschee-solnce-nebesnogo-puti,TRULY_MISSING,True,
boevoy-veter-yanhua,TRULY_MISSING,True,
live-aid-rok-n-roll-vo-imya-mira,TRULY_MISSING,True,
hranitel-vechnosti-ova,TRULY_MISSING,True,
iskusstvo-perevoploscheniya,TRULY_MISSING,True,
dzegapeyn-adaptaciya,TRULY_MISSING,True,
platonicheskiy,TRULY_MISSING,True,
na-kazhdom-kilometre-2,TRULY_MISSING,True,
animaliya,TRULY_MISSING,True,
rassledovanie-2,TRULY_MISSING,True,
v-rasstroennyh-chuvstvah,TRULY_MISSING,True,
2073,TRULY_MISSING,True,
lord-syue-in-3-2,TRULY_MISSING,True,
otel-s-privideniyami,TRULY_MISSING,True,
lyubov-vo-vremya-okkupacii,TRULY_MISSING,True,
kak-possorit-mamu-i-papu,TRULY_MISSING,True,
lyubov-sladkaya-kak-med,TRULY_MISSING,True,
nochnoy-dozhd,TRULY_MISSING,True,
pechalnaya-sila,TRULY_MISSING,True,
luchshiy-muzhchina,TRULY_MISSING,True,
udachi,TRULY_MISSING,True,
vse-muzhchiny-korolevy,TRULY_MISSING,True,
neopredelennost-lyubvi,TRULY_MISSING,True,
svyazannye-miry-ona,TRULY_MISSING,True,
chernye-vdovy-2,TRULY_MISSING,True,
utopa,TRULY_MISSING,True,
oshibka-3,TRULY_MISSING,True,
kasseta-straha-2,TRULY_MISSING,True,
amerikanskoe-evangelie,TRULY_MISSING,True,
stambul-moya-lyubov,TRULY_MISSING,True,
hayba,TRULY_MISSING,True,
zmeekon,TRULY_MISSING,True,
chernaya-zmeya-2,TRULY_MISSING,True,
chastnye-peshehody,TRULY_MISSING,True,
scena-u-reki-v-den-cinmin,TRULY_MISSING,True,
dvadcat-pyat,TRULY_MISSING,True,
vse-chego-ya-ne-pomnyu,TRULY_MISSING,True,
gostinichnyy-nomer-2806-obvinenie,TRULY_MISSING,True,
diggstaun,TRULY_MISSING,True,
volshebnaya-legenda-put-k-bessmertiyu-2,TRULY_MISSING,True,
podgotovka-k-sleduyuschey-zhizni,TRULY_MISSING,True,
dilayla,TRULY_MISSING,True,
v-adu-ne-plachut,TRULY_MISSING,True,
priroda-cheloveka,TRULY_MISSING,True,
nischiy,TRULY_MISSING,True,
dikie-prestupleniya,TRULY_MISSING,True,
legenda-o-duhe-zemli,TRULY_MISSING,True,
sabvey-serfers,TRULY_MISSING,True,
s-toy-storony,TRULY_MISSING,True,
bolshie-koshki-dnem-i-nochyu,TRULY_MISSING,True,
vares-poceluy-zla,TRULY_MISSING,True,
tihaya-doroga,TRULY_MISSING,True,
velikiy-pravitel-2,TRULY_MISSING,True,
vremya-podzhimaet,TRULY_MISSING,True,
maska-geroya-2,TRULY_MISSING,True,
voiny-chernogo-i-belogo-2,TRULY_MISSING,True,
kriketnaya-lihoradka-mumbai-indians,TRULY_MISSING,True,
sidzhin-8,TRULY_MISSING,True,
velikie-tankovye-srazheniya,TRULY_MISSING,True,
chestnaya-sdelka,TRULY_MISSING,True,
plohie-idei,TRULY_MISSING,True,
meydoff,TRULY_MISSING,True,
zvezdnyy-domen-sorokovoe-tysyacheletie,TRULY_MISSING,True,
duh-sveta,TRULY_MISSING,True,
vspomni-menya,TRULY_MISSING,True,
dnevnik-voditelya-uber,TRULY_MISSING,True,
molodoy-hvastlivyy-kochevnik,TRULY_MISSING,True,
kapitan-cubasa-podrostki,TRULY_MISSING,True,
prostoe-ubiystvo,TRULY_MISSING,True,
kupol-16,TRULY_MISSING,True,
mech-rassveta,TRULY_MISSING,True,
kto-takaya-dani,TRULY_MISSING,True,
ultrafiolet-2,TRULY_MISSING,True,
tri-tysyachi-let-praktiki-ci,TRULY_MISSING,True,
franklin-2,TRULY_MISSING,True,
prevzoyti-bogov-prihod-chernogo-voyska,TRULY_MISSING,True,
my-zoloto,TRULY_MISSING,True,
lord-syue-in-2,TRULY_MISSING,True,
eva,TRULY_MISSING,True,
istorii-kotorye-ne-dadut-zasnut,TRULY_MISSING,True,
sekta,TRULY_MISSING,True,
agent-po-nedvizhimosti,TRULY_MISSING,True,
pisatel-2,TRULY_MISSING,True,
schenyachya-akademiya,TRULY_MISSING,True,
semestr,TRULY_MISSING,True,
na-kanatah,TRULY_MISSING,True,
informator-3838,TRULY_MISSING,True,
sanitary,TRULY_MISSING,True,
lazurnyy-kristall-pochtennogo-bozhestva,TRULY_MISSING,True,
velikiy-master-alhimii,TRULY_MISSING,True,
tayna-imperatora-devyati-nebes-2,TRULY_MISSING,True,
lord-syue-in-2-2,TRULY_MISSING,True,
tayna-imperatora-devyati-nebes,TRULY_MISSING,True,
korol-boycov-sudba,TRULY_MISSING,True,
nindzya-nobunagi-2,TRULY_MISSING,True,
legenda-devyati-nochey,TRULY_MISSING,True,
skazka-o-stambule,TRULY_MISSING,True,
sila-tysyachi-volki-zapada,TRULY_MISSING,True,
kod-linyun,TRULY_MISSING,True,
polagayus-na-tebya-sistema-boga-voyny,TRULY_MISSING,True,
tayny-zvezdnyh-seks-video,TRULY_MISSING,True,
pervyy-poryadok,TRULY_MISSING,True,
ohotnica-na-prizrakov,TRULY_MISSING,True,
legenda-mecha-i-fei-zerkalo-illyuziy,TRULY_MISSING,True,
voiny-totema,TRULY_MISSING,True,
pesn-o-nozhe-pod-podushkoy-2,TRULY_MISSING,True,
pozhaluysta-ne-baluy-menya-3,TRULY_MISSING,True,
pesn-o-nozhe-pod-podushkoy,TRULY_MISSING,True,
pozhaluysta-ne-baluy-menya-2,TRULY_MISSING,True,
bashnya-mechty-zagadka-snezhnogo-goroda,TRULY_MISSING,True,
vorobey-v-kletke,TRULY_MISSING,True,
pozhaluysta-ne-baluy-menya-4,TRULY_MISSING,True,
shepot-prikosnoveniy,TRULY_MISSING,True,
ty-v-moih-rukah,TRULY_MISSING,True,
nezhnost-nashih-tel,TRULY_MISSING,True,
slepaya-svyaz,TRULY_MISSING,True,
ache,TRULY_MISSING,True,
ceni-kazhdoe-mgnovenie,TRULY_MISSING,True,
ya-iskal-tebya-1000-let,TRULY_MISSING,True,
gotard,TRULY_MISSING,True,
blistatelnaya-shaohua,TRULY_MISSING,True,
noch-mezhdu-nami,TRULY_MISSING,True,
sofiya-smert-i-ya,TRULY_MISSING,True,
sudba-arada-2-geroi-podzemnogo-goroda,TRULY_MISSING,True,
sudba-arada,TRULY_MISSING,True,
tyurma,TRULY_MISSING,True,
sila-parkera,TRULY_MISSING,True,
vyberi-odnogo-iz-chetyreh,TRULY_MISSING,True,
ya-deystvitelno-bespolezen,TRULY_MISSING,True,
beng-beng,TRULY_MISSING,True,
soblaznit-ego-serdce,TRULY_MISSING,True,
tennis-6-specvypuski,TRULY_MISSING,True,
mech-dinastii-2,TRULY_MISSING,True,
car-obezyan-ohotnik-na-bogov,TRULY_MISSING,True,
zvezdy-v-lunnom-svete,TRULY_MISSING,True,
nasha-lyubov-podobna-letu,TRULY_MISSING,True,
infiniti-nado-6,TRULY_MISSING,True,
infiniti-nado-5,TRULY_MISSING,True,
milyy-kozlik-i-seryy-volk-film-8,TRULY_MISSING,True,
kitayskiy-folklor,TRULY_MISSING,True,
prezhde-chem-umrem,TRULY_MISSING,True,
oliviya,TRULY_MISSING,True,
montu-pilot,TRULY_MISSING,True,
perekrestnyy-ogon-proekt-prizrak,TRULY_MISSING,True,
infiniti-nado-3,TRULY_MISSING,True,
infiniti-nado-2,TRULY_MISSING,True,
prekrasnyy-den-chtoby-lyubit-tebya,TRULY_MISSING,True,
hroniki-bozhestvennogo-puti,TRULY_MISSING,True,
gayver-2,TRULY_MISSING,True,
bessmertnyy-bog-mecha-2,TRULY_MISSING,True,
igraya-lyubovyu,TRULY_MISSING,True,
imperskaya-gvardiya-plameni,TRULY_MISSING,True,
pylayuschaya-vesna,TRULY_MISSING,True,
beguschie-geroi,TRULY_MISSING,True,
spryatannoe-sokrovische,TRULY_MISSING,True,
nindzyago-mastera-kruzhitcu,TRULY_MISSING,True,
pustynnyy-kray-boga-voyny,TRULY_MISSING,True,
ya-tak-mechtal-tebya-obnyat,TRULY_MISSING,True,
tri-mechnika,TRULY_MISSING,True,
ty-poteryaesh-nechto-stoyaschee,TRULY_MISSING,True,
makuolter,TRULY_MISSING,True,
igry-v-kotorye-igrayut-lyudi,TRULY_MISSING,True,
brigada-bagza-banni,TRULY_MISSING,True,
zaschita-na-maksimum,TRULY_MISSING,True,
chudaki-3,TRULY_MISSING,True,
may-littl-poni-poni-layf,TRULY_MISSING,True,
eto-rok-n-roll,TRULY_MISSING,True,
prevzoyti-bogov-chernye-voyska,TRULY_MISSING,True,
nesravnennyy-nebesnyy-imperator,TRULY_MISSING,True,
zakonnyy-bog-desyati-tysyach-mirov,TRULY_MISSING,True,
klinok-korolevy-4-bezgranichnyy,TRULY_MISSING,True,
pervyy-bessmertnyy-semi-mirov,TRULY_MISSING,True,
zerkalnyy-gorod-shuanchen-2,TRULY_MISSING,True,
veter-iz-loyana-tainstvennyy-malchik,TRULY_MISSING,True,
serdce-galaktiki,TRULY_MISSING,True,
osnovnoy-smysl,TRULY_MISSING,True,
voyna-reyndzherov,TRULY_MISSING,True,
more-svobody,TRULY_MISSING,True,
kray-osnovateley-6,TRULY_MISSING,True,
kray-osnovateley-5,TRULY_MISSING,True,
kray-osnovateley-4,TRULY_MISSING,True,
kray-osnovateley-3,TRULY_MISSING,True,
kray-osnovateley-2,TRULY_MISSING,True,
vse-nebesnye-dni,TRULY_MISSING,True,
velichayshiy-hranitel-duhov-2,TRULY_MISSING,True,
velichayshiy-hranitel-duhov,TRULY_MISSING,True,
vesny-i-oseni-tysyachi-mirov,TRULY_MISSING,True,
prizrachnyy-poslannik-film,TRULY_MISSING,True,
zerkalnyy-gorod-shuanchen,TRULY_MISSING,True,
voyna-korolevstv,TRULY_MISSING,True,
kulak-severnoy-zvezdy-vkus-klubniki,TRULY_MISSING,True,
priklyucheniya-vo-vremeni-24,TRULY_MISSING,True,
uznik-vremeni-2-2,TRULY_MISSING,True,
uznik-vremeni,TRULY_MISSING,True,
karma-vostochnyy-otdel,TRULY_MISSING,True,
voiny-chernogo-i-belogo-3,TRULY_MISSING,True,
naslednik,TRULY_MISSING,True,
zvezdy-ansamblya-pamyatnyy-otbor-element,TRULY_MISSING,True,
zvezdy-ansamblya-pamyatnyy-otbor-perepute,TRULY_MISSING,True,
zvezdy-ansamblya-pamyatnyy-otbor-shah-i-mat,TRULY_MISSING,True,
ubiystva-v-breslau,TRULY_MISSING,True,
nebesnye-vorovki-bliznyashki-angelochki-ova,TRULY_MISSING,True,
po-veleniyu-adskoy-sestry-otbytie,TRULY_MISSING,True,
svaty-2,TRULY_MISSING,True,
toksichnaya-lyubov,TRULY_MISSING,True,
ya-proklinayu-etu-zemlyu,TRULY_MISSING,True,
parshivye-ovcy,TRULY_MISSING,True,
deti,TRULY_MISSING,True,
nochnoy-gost,TRULY_MISSING,True,
menya-zovut-gyultepe,TRULY_MISSING,True,
agentstvo,TRULY_MISSING,True,
lyubov-ochen-vazhna,TRULY_MISSING,True,
zaklyuchennyy-1,TRULY_MISSING,True,
moya-mama-2,TRULY_MISSING,True,
umysel,TRULY_MISSING,True,
kolizey,TRULY_MISSING,True,
tango,TRULY_MISSING,True,
amerikanskiy-soul,TRULY_MISSING,True,
idealnaya-zhizn,TRULY_MISSING,True,
pan-samohodik-i-tampliery,TRULY_MISSING,True,
holostyackiy-dom,TRULY_MISSING,True,
lankaster,TRULY_MISSING,True,
metanol,TRULY_MISSING,True,
kupidon,TRULY_MISSING,True,
legendarnyy-lazurnyy-udar,TRULY_MISSING,True,
nikto-krome-tebya-2,TRULY_MISSING,True,
bozhestvennyy-imperator-sudby,TRULY_MISSING,True,
monson,TRULY_MISSING,True,
istoriya-mira-za-dva-chasa,TRULY_MISSING,True,
ten-3,TRULY_MISSING,True,
na-linii-ognya-2,TRULY_MISSING,True,
semeynyy-biznes,TRULY_MISSING,True,
v-tihom-omute-3,TRULY_MISSING,True,
tayny,TRULY_MISSING,True,
moy-puzyrkovyy-chay,TRULY_MISSING,True,
zhutkaya-sekta-koloniya-dignidad,TRULY_MISSING,True,
mir-dikoy-prirody,TRULY_MISSING,True,
gromovye-koty,TRULY_MISSING,True,
karl-velikiy,TRULY_MISSING,True,
istinnyy-uzhas-s-robertom-inglundom,TRULY_MISSING,True,
samye-zhestokie-tyurmy-mira,TRULY_MISSING,True,
temnyy-futbol,TRULY_MISSING,True,
pustyshki,TRULY_MISSING,True,
kosmicheskiy-rycar-tekkamen-bleyd-nedostayuschee-zveno,TRULY_MISSING,True,
kosmicheskiy-rycar-tekkamen-bleyd-goryaschie-chasy,TRULY_MISSING,True,
kosmicheskiy-rycar-tekkamen-bleyd-dve-krovi,TRULY_MISSING,True,
strana-grez-istoriya-shturma-zony-51,TRULY_MISSING,True,
kosmicheskiy-rycar-tekkamen-bleyd,TRULY_MISSING,True,
neuderzhimyy,TRULY_MISSING,True,
vals,TRULY_MISSING,True,
idealnye-prestupleniya,TRULY_MISSING,True,
aziatskaya-shema,TRULY_MISSING,True,
korol,TRULY_MISSING,True,
zakon-chernoy-luny,TRULY_MISSING,True,
rassledovanie-prestupleniy-dlya-nachinayuschih,TRULY_MISSING,True,
chibivers,TRULY_MISSING,True,
gufi-kak-doma-sidet,TRULY_MISSING,True,
zhenschina-iz-knigi,TRULY_MISSING,True,
hallabalu,TRULY_MISSING,True,
dzhonni-test-2,TRULY_MISSING,True,
podrostok-evtanaziya,TRULY_MISSING,True,
posledniy-flamingo-krasnogo-letnego-zakata,TRULY_MISSING,True,
hokkeistki,TRULY_MISSING,True,
pasta-arrabiata-ili-ruka-ruku-moet,TRULY_MISSING,True,
odnazhdy-v-skazke,TRULY_MISSING,True,
nas-pyatero,TRULY_MISSING,True,
my-little-pony-zazhgi-svoyu-iskorku,TRULY_MISSING,True,
kanareyka,TRULY_MISSING,True,
akademiya-grinhaus,TRULY_MISSING,True,
pererozhdenie-dlya-tebya-yu-protiv-velikogo-o-hana,TRULY_MISSING,True,
mertvye-devushki,TRULY_MISSING,True,
2-dnya,TRULY_MISSING,True,
klavishnye-geroi,TRULY_MISSING,True,
bresh-2,TRULY_MISSING,True,
obnovlennyy-dnevnik-misticheskih-suschestv-nachalo,TRULY_MISSING,True,
pokemon-konserzh-chast-2,TRULY_MISSING,True,
vindzory,TRULY_MISSING,True,
dni-nashey-zhizni-za-predelami-salema,TRULY_MISSING,True,
neprostoe-ograblenie,TRULY_MISSING,True,
garem,TRULY_MISSING,True,
zveropoy-thriller,TRULY_MISSING,True,
barashek-shon-rozhdestvenskie-priklyucheniya,TRULY_MISSING,True,
syn-2,TRULY_MISSING,True,
gromokoshki,TRULY_MISSING,True,
afina,TRULY_MISSING,True,
srednyaya-shkola,TRULY_MISSING,True,
tainstvennyy-put-nachalo,TRULY_MISSING,True,
kizazi-moto-pokolenie-ognya,TRULY_MISSING,True,
drugaya-storona-raya,TRULY_MISSING,True,
shpionka,TRULY_MISSING,True,
zavodchiki-norok,TRULY_MISSING,True,
podnoshenie-solenoy-ryby-masteru,TRULY_MISSING,True,
dnevnik-yatogame,TRULY_MISSING,True,
kandidat-2,TRULY_MISSING,True,
v-kurse,TRULY_MISSING,True,
fermery,TRULY_MISSING,True,
kod-m,TRULY_MISSING,True,
zombi-re-animacionnyy-serial-re-vypusknoy-god,TRULY_MISSING,True,
letchiki,TRULY_MISSING,True,
osminog,TRULY_MISSING,True,
greyvsend,TRULY_MISSING,True,
belaya-stena,TRULY_MISSING,True,
famalam,TRULY_MISSING,True,
tramp-protiv-illyuminatov,TRULY_MISSING,True,
bigfut-protiv-illyuminatov,TRULY_MISSING,True,
semeyka-grin-v-gorode-kosmicheskiy-otpusk,TRULY_MISSING,True,
lego-marvel-mstiteli-razrushitelnaya-missiya,TRULY_MISSING,True,
manki-kid-rozhdenie-geroya,TRULY_MISSING,True,
komanda-fastfud-navsegda-plantazm,TRULY_MISSING,True,
oktonavty-i-peschery-sak-aktun,TRULY_MISSING,True,
spasti-futbol,TRULY_MISSING,True,
my-little-pony-zimnee-zhelanie,TRULY_MISSING,True,
domoy,TRULY_MISSING,True,
krasnye-dzhungli,TRULY_MISSING,True,
lego-marvel-mstiteli-trenirovka-loki,TRULY_MISSING,True,
ne-sovsem-obychnyy-narval,TRULY_MISSING,True,
takoe-bylo-vremya,TRULY_MISSING,True,
drakony-spasateli-geroi-neba,TRULY_MISSING,True,
vrane,TRULY_MISSING,True,
voyna-na-ostrove,TRULY_MISSING,True,
nevinoven,TRULY_MISSING,True,
dvuhtysyachnye,TRULY_MISSING,True,
samye-obychnye-muzhiki,TRULY_MISSING,True,
devyanostye,TRULY_MISSING,True,
1994,TRULY_MISSING,True,
lego-piksar-briktony,TRULY_MISSING,True,
pod-vodoy,TRULY_MISSING,True,
ray-i-ad,TRULY_MISSING,True,
evolyuciya-hip-hopa,TRULY_MISSING,True,
zdes-pomozhet-tolko-molitva,TRULY_MISSING,True,
umeret-tozhe-ne-vyhod,TRULY_MISSING,True,
na-krayu-propasti,TRULY_MISSING,True,
kaginado,TRULY_MISSING,True,
ashram,TRULY_MISSING,True,
mappety-segodnya,TRULY_MISSING,True,
populyaren-vo-francii,TRULY_MISSING,True,
dnevniki-prestupnosti-kolmenares,TRULY_MISSING,True,
chastnaya-zhizn-koronovannyh-osob,TRULY_MISSING,True,
neobyasnimoe,TRULY_MISSING,True,
pokolenie-aferistov,TRULY_MISSING,True,
rozhdenie,TRULY_MISSING,True,
den-lva,TRULY_MISSING,True,
spartanskaya-mechta,TRULY_MISSING,True,
slushay-kto-govorit,TRULY_MISSING,True,
smeshenie-polov,TRULY_MISSING,True,
igroki-2,TRULY_MISSING,True,
santos-dyumon,TRULY_MISSING,True,
uborschica,TRULY_MISSING,True,
moy-sleduyuschiy-gost-ne-nuzhdaetsya-v-predstavlenii,TRULY_MISSING,True,
dvoe-sredi-milliona,TRULY_MISSING,True,
ya-lyublyu-villi,TRULY_MISSING,True,
sosedi-sverhu-2,TRULY_MISSING,True,
moy-malenkiy-poni-rasskazhi-svoyu-istoriyu,TRULY_MISSING,True,
era-ii,TRULY_MISSING,True,
shkola-monstrov,TRULY_MISSING,True,
kogda-pyl-osela,TRULY_MISSING,True,
igra-slova,TRULY_MISSING,True,
presledovanie-2,TRULY_MISSING,True,
novyy-smysl-borba-za-svobodu-v-ssha,TRULY_MISSING,True,
varvarka-i-troll,TRULY_MISSING,True,
dikaya-braziliya,TRULY_MISSING,True,
malinche,TRULY_MISSING,True,
bozhe-hrani-korolya,TRULY_MISSING,True,
ne-bespokoit-3,TRULY_MISSING,True,
klan,TRULY_MISSING,True,
sigurd-dorvalsya-do-shansa,TRULY_MISSING,True,
vpered-zhivi-po-svoim-pravilam,TRULY_MISSING,True,
nepokornyy-karatay,TRULY_MISSING,True,
lyubov-li-eto,TRULY_MISSING,True,
manki-kid,TRULY_MISSING,True,
neotrazimaya-chetverka,TRULY_MISSING,True,
den-matcha-vnutri-barselony,TRULY_MISSING,True,
polyus,TRULY_MISSING,True,
fernando,TRULY_MISSING,True,
daleki,TRULY_MISSING,True,
istorii-holmov,TRULY_MISSING,True,
legendarnyy-rekvizit,TRULY_MISSING,True,
radi-pravdy,TRULY_MISSING,True,
svet-v-usadbe,TRULY_MISSING,True,
skazhi-kto-umret,TRULY_MISSING,True,
eko-iz-sengoku-rekap,TRULY_MISSING,True,
zapisannoe,TRULY_MISSING,True,
sentyabr-2,TRULY_MISSING,True,
bezropotnye,TRULY_MISSING,True,
triumf-2,TRULY_MISSING,True,
beloe-serdce-bekgu,TRULY_MISSING,True,
nelegkie-dni,TRULY_MISSING,True,
chirlidery,TRULY_MISSING,True,
bratya-freytas,TRULY_MISSING,True,
belyy-klyk-2,TRULY_MISSING,True,
v-debryah-afriki,TRULY_MISSING,True,
begi-koyot-begi,TRULY_MISSING,True,
ubiycy-moego-otca,TRULY_MISSING,True,
sezon-boev,TRULY_MISSING,True,
kapitan-foll,TRULY_MISSING,True,
otchizna,TRULY_MISSING,True,
molchalivyy-mebius,TRULY_MISSING,True,
molchalivyy-mebius-2,TRULY_MISSING,True,
vazhnaya-data,TRULY_MISSING,True,
pakita-salas,TRULY_MISSING,True,
korolevskaya-sluzhba-letayuschih-vrachey,TRULY_MISSING,True,
tabletka-radosti,TRULY_MISSING,True,
voennoe-polozhenie-26-11,TRULY_MISSING,True,
devid-stanovitsya-muzhchinoy,TRULY_MISSING,True,
temnaya-storona-zhelaniya-2,TRULY_MISSING,True,
bosikom-po-avstralii,TRULY_MISSING,True,
den-otbora,TRULY_MISSING,True,
shepot-3,TRULY_MISSING,True,
kuhnya,TRULY_MISSING,True,
korol-gari,TRULY_MISSING,True,
boynya,TRULY_MISSING,True,
zavtrashnie-muzhchiny,TRULY_MISSING,True,
skazki-dzh-dzh-villara,TRULY_MISSING,True,
muzyka-i-ubiystvo,TRULY_MISSING,True,
vsya-elitnaya-borba-dinamit,TRULY_MISSING,True,
v-teni-straha-ne-lgi,TRULY_MISSING,True,
zataivshayasya-lyubov,TRULY_MISSING,True,
samoe-nepriyatnoe-ubiystvo,TRULY_MISSING,True,
cherno-belaya-semerka,TRULY_MISSING,True,
sonata-tishiny,TRULY_MISSING,True,
aya-i-vedma,TRULY_MISSING,True,
narod,TRULY_MISSING,True,
doroga-k-solncu,TRULY_MISSING,True,
beglecy-4,TRULY_MISSING,True,
vse-do-lampady,TRULY_MISSING,True,
dollar,TRULY_MISSING,True,
shpionskie-voyny,TRULY_MISSING,True,
mamonas-assasinas-film,TRULY_MISSING,True,
vse-po-prezhnemu-nenavidyat-krisa,TRULY_MISSING,True,
sineva-okeana-bratya,TRULY_MISSING,True,
koshachi-glaza,TRULY_MISSING,True,
kaali,TRULY_MISSING,True,
boevye-roboty-dzinki-ova,TRULY_MISSING,True,
matriarh,TRULY_MISSING,True,
doktor-doktor,TRULY_MISSING,True,
petuh-dlya-eskulapa,TRULY_MISSING,True,
vstavay-i-vali-s-brayanom-riganom,TRULY_MISSING,True,
liniya-otryva,TRULY_MISSING,True,
voiny-pogranichya-demon-v-stalnoy-brone,TRULY_MISSING,True,
po-pacanski,TRULY_MISSING,True,
ne-to-vremya-i-mesto,TRULY_MISSING,True,
prekrasnoe-ditya,TRULY_MISSING,True,
voiny-pogranichya,TRULY_MISSING,True,
muzhchina-nashey-zhizni,TRULY_MISSING,True,
saund-inoplanetnyy-gost,TRULY_MISSING,True,
ubiyca-2,TRULY_MISSING,True,
posledniy-zakat,TRULY_MISSING,True,
pesni-o-rae,TRULY_MISSING,True,
donya-lurdes-film,TRULY_MISSING,True,
nas-pogubil-fentezi-futbol,TRULY_MISSING,True,
bryussel,TRULY_MISSING,True,
papulya,TRULY_MISSING,True,
u-vseh-do-sih-por-est-seksualnye-problemy,TRULY_MISSING,True,
dom-u-ozera,TRULY_MISSING,True,
yupiter,TRULY_MISSING,True,
vsya-pravda-o-medvezhatah,TRULY_MISSING,True,
solnechnyy-svet,TRULY_MISSING,True,
urodlivyy-sviter,TRULY_MISSING,True,
perekrestok,TRULY_MISSING,True,
vse-radi-pop-zvezdy-2,TRULY_MISSING,True,
zhaby,TRULY_MISSING,True,
plot-neproschennyh,TRULY_MISSING,True,
rybalka,TRULY_MISSING,True,
koroleva-mat,TRULY_MISSING,True,
amerikanka-2,TRULY_MISSING,True,
chestnaya-zhizn,TRULY_MISSING,True,
s-nebes-na-zemlyu,TRULY_MISSING,True,
delirium,TRULY_MISSING,True,
zhenschiny-v-igre,TRULY_MISSING,True,
igra-ohotnikov,TRULY_MISSING,True,
sgorayu-ot-lyubvi,TRULY_MISSING,True,
iisus-iz-nazareta,TRULY_MISSING,True,
reshenie,TRULY_MISSING,True,
vtoroe-yanvarya,TRULY_MISSING,True,
velikie-belye-vody,TRULY_MISSING,True,
vot-eto-chuvstvo,TRULY_MISSING,True,
tam-zombi,TRULY_MISSING,True,
dyavol-2,TRULY_MISSING,True,
dorogie-sootechestvenniki,TRULY_MISSING,True,
zavetnaya-tayna,TRULY_MISSING,True,
okno,TRULY_MISSING,True,
genrih-ix,TRULY_MISSING,True,
robbi,TRULY_MISSING,True,
klub-voronov,TRULY_MISSING,True,
dumlends,TRULY_MISSING,True,
vindikatory-2,TRULY_MISSING,True,
udivitelnyy-mir-mikki-mausa,TRULY_MISSING,True,
kletki-yumi-2,TRULY_MISSING,True,
ublyudok-sokrushitel-tmy-2,TRULY_MISSING,True,
den-kogda-ya-tebya-vstretil,TRULY_MISSING,True,
na-hren-mickevicha-2,TRULY_MISSING,True,
miokard,TRULY_MISSING,True,
morle,TRULY_MISSING,True,
schaste-na-ladoni,TRULY_MISSING,True,
ritm-2h3,TRULY_MISSING,True,
lyubov-i-videokassety,TRULY_MISSING,True,
duel-vtroem,TRULY_MISSING,True,
doch,TRULY_MISSING,True,
igry-yurskogo-perioda-2-vymiranie,TRULY_MISSING,True,
akademiya-2,TRULY_MISSING,True,
chto-ostaetsya-ot-lyubvi,TRULY_MISSING,True,
konec-prazdnika,TRULY_MISSING,True,
villa-amore,TRULY_MISSING,True,
sayuki-perezaryadka-zeroin,TRULY_MISSING,True,
manyak-v-lesu,TRULY_MISSING,True,
providens-folls,TRULY_MISSING,True,
v-poiskah-very,TRULY_MISSING,True,
vytyanite-pyat-kart,TRULY_MISSING,True,
strast-3,TRULY_MISSING,True,
atomnyy,TRULY_MISSING,True,
hraniteli-vrat-21,TRULY_MISSING,True,
prednamerennoe-ubiystvo,TRULY_MISSING,True,
klub-kabuki-specvypusk,TRULY_MISSING,True,
podkovernye-igry,TRULY_MISSING,True,
anelya,TRULY_MISSING,True,
generaly-gitlera,TRULY_MISSING,True,
aguero-o-kune,TRULY_MISSING,True,
gigantskie-chudovischa,TRULY_MISSING,True,
sozday-devushku,TRULY_MISSING,True,
zaschitnica-3,TRULY_MISSING,True,
hladnokrovie,TRULY_MISSING,True,
dona-flor-i-dva-ee-muzha,TRULY_MISSING,True,
monstr-4,TRULY_MISSING,True,
holostyak,TRULY_MISSING,True,
spit,TRULY_MISSING,True,
plohoy-psihiatr,TRULY_MISSING,True,
konyuhi,TRULY_MISSING,True,
stiralka,TRULY_MISSING,True,
pohischennaya-6,TRULY_MISSING,True,
hazard,TRULY_MISSING,True,
doroga-iskupleniya,TRULY_MISSING,True,
svyatynya,TRULY_MISSING,True,
rechnoy-bum,TRULY_MISSING,True,
povtornaya-zhizn-zaklyuchitelnaya-glava-specvypuski,TRULY_MISSING,True,
adyunkt,TRULY_MISSING,True,
eboni-i-ayvori,TRULY_MISSING,True,
lunatik,TRULY_MISSING,True,
a-obraznaya,TRULY_MISSING,True,
siyayuschee-solnce,TRULY_MISSING,True,
milaya-semeyka,TRULY_MISSING,True,
polovina-nas,TRULY_MISSING,True,
platonicheskaya-lyubov,TRULY_MISSING,True,
mest-masamune,TRULY_MISSING,True,
odna-i-na-meli-lyubov-s-izyuminkoy,TRULY_MISSING,True,
varvarskie-deyaniya-akt-pervyy-mest,TRULY_MISSING,True,
dom-na-dereve,TRULY_MISSING,True,
na-lodoni,TRULY_MISSING,True,
zimnee-poberezhe,TRULY_MISSING,True,
probuzhdayuschiy,TRULY_MISSING,True,
dve-shesterki,TRULY_MISSING,True,
hrom,TRULY_MISSING,True,
neveroyatnye-ogrableniya,TRULY_MISSING,True,
svecha-v-grobnice-bezdna-yuzhnogo-morya,TRULY_MISSING,True,
grazhdanskaya-voyna-2,TRULY_MISSING,True,
10-mgnoveniy-sudby,TRULY_MISSING,True,
zemnye,TRULY_MISSING,True,
tina,TRULY_MISSING,True,
karmen-i-bolud,TRULY_MISSING,True,
psy-v-doroge,TRULY_MISSING,True,
langer,TRULY_MISSING,True,
slavnyy-pes-lessi,TRULY_MISSING,True,
shpionskiy-klass-2,TRULY_MISSING,True,
bratva,TRULY_MISSING,True,
istoriya-tretego-reyha-v-kinohronike,TRULY_MISSING,True,
tma-3,TRULY_MISSING,True,
salakaar,TRULY_MISSING,True,
devushka-na-chas-tibi-3,TRULY_MISSING,True,
devushka-na-chas-tibi-specvypusk,TRULY_MISSING,True,
drevniy-imperator-mecha,TRULY_MISSING,True,
novaya-volna-2,TRULY_MISSING,True,
i-eto-zabudetsya,TRULY_MISSING,True,
uragan-katrina-gonka-so-vremenem,TRULY_MISSING,True,
vishnu-purana,TRULY_MISSING,True,
ekzorcizm,TRULY_MISSING,True,
ezhemecyachnik-vcyachiny,TRULY_MISSING,True,
bullbaster,TRULY_MISSING,True,
smert-v-mombase,TRULY_MISSING,True,
ya-lyublyu-paraisopolis,TRULY_MISSING,True,
dabbe-6-vozvraschenie,TRULY_MISSING,True,
dabbe-al-dzhinn,TRULY_MISSING,True,
yunye-millionery,TRULY_MISSING,True,
dabbe-2,TRULY_MISSING,True,
chas-agaty-kristi,TRULY_MISSING,True,
dzipang,TRULY_MISSING,True,
paren-s-nebes,TRULY_MISSING,True,
krutoy-dyadenka,TRULY_MISSING,True,
hraniteli-nacii,TRULY_MISSING,True,
vo-vlasti-yunogo-devstvennika,TRULY_MISSING,True,
zlye-veschi,TRULY_MISSING,True,
surovye-mery,TRULY_MISSING,True,
gentefied-obratnaya-storona-amerikanskoy-mechty,TRULY_MISSING,True,
zabyvchivyy-ubiyca,TRULY_MISSING,True,
rokovoe-nochnoe-plamya,TRULY_MISSING,True,
drozh-4,TRULY_MISSING,True,
vnezapno-miss,TRULY_MISSING,True,
burya-3,TRULY_MISSING,True,
udivitelnyy-mir-el-hazard-2,TRULY_MISSING,True,
dzhuletta-vesnoy,TRULY_MISSING,True,
doverie-3,TRULY_MISSING,True,
salon-dyadyushki-breda-3,TRULY_MISSING,True,
salon-dyadyushki-breda-2,TRULY_MISSING,True,
dinoster-strazh-dinozavrov-2,TRULY_MISSING,True,
legendarnye-bratya,TRULY_MISSING,True,
otryad-a-igrushki-spasateli,TRULY_MISSING,True,
dzheki-i-robin-hraniteli-prilozheniy,TRULY_MISSING,True,
nora,TRULY_MISSING,True,
dolgaya-gollivudskaya-noch,TRULY_MISSING,True,
ostrov-4,TRULY_MISSING,True,
uspeh-klayva-bumera,TRULY_MISSING,True,
devushka-ubivshaya-svoih-roditeley-priznanie,TRULY_MISSING,True,
polosa,TRULY_MISSING,True,
vozvraschenie-na-rodinu,TRULY_MISSING,True,
prozhigateli-vremeni,TRULY_MISSING,True,
svobodu-reyshonu,TRULY_MISSING,True,
uorren,TRULY_MISSING,True,
takery,TRULY_MISSING,True,
taynaya-zhizn-zhivotnyh-pernatye-priklyucheniya,TRULY_MISSING,True,
besstrashnyy-5,TRULY_MISSING,True,
tainstvennyy-teatr-3000-goda,TRULY_MISSING,True,
zabytye-vremena,TRULY_MISSING,True,
konsuelo,TRULY_MISSING,True,
furiya,TRULY_MISSING,True,
mappet-shou-2,TRULY_MISSING,True,
na-grani-5,TRULY_MISSING,True,
tam-net-drugogo,TRULY_MISSING,True,
zalozhnik,TRULY_MISSING,True,
lvinoe-serdce-2,TRULY_MISSING,True,
tyaga,TRULY_MISSING,True,
mandala-smerti,TRULY_MISSING,True,
dyra-chudes-retta-i-linka,TRULY_MISSING,True,
plohie-devochki,TRULY_MISSING,True,
esli-zhenschina-zahochet,TRULY_MISSING,True,
pervaya-lyubov-4,TRULY_MISSING,True,
mastera-uzhasov,TRULY_MISSING,True,
igra-v-greysi-darling,TRULY_MISSING,True,
menem,TRULY_MISSING,True,
reki-sudby,TRULY_MISSING,True,
apachi,TRULY_MISSING,True,
malenkie-spasateli,TRULY_MISSING,True,
uboynye-kanikuly-2,TRULY_MISSING,True,
sasha,TRULY_MISSING,True,
legendy-i-geroi-4,TRULY_MISSING,True,
legendy-i-geroi-3,TRULY_MISSING,True,
legendy-i-geroi-2,TRULY_MISSING,True,
dyuna-hodorovskogo,TRULY_MISSING,True,
la-suprema,TRULY_MISSING,True,
opasnaya-kniga-dlya-malchikov,TRULY_MISSING,True,
chistaya-dusha,TRULY_MISSING,True,
polya-srazheniy,TRULY_MISSING,True,
sverhnakurennye,TRULY_MISSING,True,
zheleznyy-ostrov,TRULY_MISSING,True,
pugalo-2,TRULY_MISSING,True,
zaklyuchennyy-lyubvi,TRULY_MISSING,True,
razbivaya-zvezdy,TRULY_MISSING,True,
klaster-edzh,TRULY_MISSING,True,
neyromest,TRULY_MISSING,True,
velikiy-monstr-gamenya-atakuet,TRULY_MISSING,True,
puhlyashi,TRULY_MISSING,True,
gorodskoy-ohotnik-angelskaya-pyl,TRULY_MISSING,True,
muzykalnyy-klub-giperzvuk,TRULY_MISSING,True,
esli-by-starsheklassnica-stala-zhricey-v-metavselennoy,TRULY_MISSING,True,
hronuar-epizod-0,TRULY_MISSING,True,
edinstvennye,TRULY_MISSING,True,
semya-po-sosedstvu,TRULY_MISSING,True,
nauka-rukopashnogo-boya,TRULY_MISSING,True,
delaya-den,TRULY_MISSING,True,
uzhas-iz-pod-zemli,TRULY_MISSING,True,
olenya-kozha,TRULY_MISSING,True,
zvanyy-uzhin,TRULY_MISSING,True,
zloveschie-namereniya,TRULY_MISSING,True,
rozhdestvenskiy-sbor-2,TRULY_MISSING,True,
vtorzhenie-imperii-obezyan,TRULY_MISSING,True,
uspokoenie-nezavisimyy-film,TRULY_MISSING,True,
u-kostra,TRULY_MISSING,True,
kop-iz-amitivillya,TRULY_MISSING,True,
asteroid,TRULY_MISSING,True,
taynik-2,TRULY_MISSING,True,
pogloschenie,TRULY_MISSING,True,
igry-razuma,TRULY_MISSING,True,
put-na-nebesa,TRULY_MISSING,True,
rekonstrukciya-2,TRULY_MISSING,True,
semero-pavshih,TRULY_MISSING,True,
pyatnica-kazhdoy-nedeli,TRULY_MISSING,True,
ubiystvo-v-sestrinskoy-obschine,TRULY_MISSING,True,
skorostnaya-leyn,TRULY_MISSING,True,
legkie-misheni,TRULY_MISSING,True,
tri-demona,TRULY_MISSING,True,
iisus-2,TRULY_MISSING,True,
na-krayu-2,TRULY_MISSING,True,
pravednaya-krov,TRULY_MISSING,True,
v-yarosti,TRULY_MISSING,True,
kak-vam-takoy-ponedelnik,TRULY_MISSING,True,
samogonschiki-s-avtorazborki,TRULY_MISSING,True,
ne-ta-sara,TRULY_MISSING,True,
gnezdo,TRULY_MISSING,True,
proryv-1950,TRULY_MISSING,True,
meri-dzheyn,TRULY_MISSING,True,
mest-podaetsya-holodnoy,TRULY_MISSING,True,
tayny-sestrinstva,TRULY_MISSING,True,
razdelyay-i-vlastvuy,TRULY_MISSING,True,
chastnyy-syschik,TRULY_MISSING,True,
prosto-svaypni,TRULY_MISSING,True,
poslednee-taksi-2-nachalo,TRULY_MISSING,True,
greh-2,TRULY_MISSING,True,
posledniy-ispug,TRULY_MISSING,True,
antologiya-uzhasov-demonicheskaya-chasha,TRULY_MISSING,True,
opasnoe-sozdanie,TRULY_MISSING,True,
voyny-vyhodnogo-dnya,TRULY_MISSING,True,
den-blagodareniya-s-karterami-2-vtoraya-porciya,TRULY_MISSING,True,
vmeste-my-sila,TRULY_MISSING,True,
skovannye-3,TRULY_MISSING,True,
voy,TRULY_MISSING,True,
pravda-v-igre-3,TRULY_MISSING,True,
istochnik-molodosti,TRULY_MISSING,True,
schekotlivoe-polozhenie,TRULY_MISSING,True,
sladkih-snov-2,TRULY_MISSING,True,
koleso,TRULY_MISSING,True,
tuz-chervey,TRULY_MISSING,True,
tropa-prizrakov,TRULY_MISSING,True,
ludi,TRULY_MISSING,True,
moy-grustnyy-malysh,TRULY_MISSING,True,
besformennoe,TRULY_MISSING,True,
holodnoe-shosse,TRULY_MISSING,True,
kult-amitivillya,TRULY_MISSING,True,
uboynyy-ponedelnik,TRULY_MISSING,True,
marafon,TRULY_MISSING,True,
razorvat-vse-cepi,TRULY_MISSING,True,
kakogo-cherta,TRULY_MISSING,True,
ubezhische-1618,TRULY_MISSING,True,
recept-pohischeniya-moey-docheri,TRULY_MISSING,True,
probuzhdenie-emanuel,TRULY_MISSING,True,
vremya-serdce,TRULY_MISSING,True,
realnye-lyudi,TRULY_MISSING,True,
zoi,TRULY_MISSING,True,
oni-nablyudayut-2,TRULY_MISSING,True,
novaya-pora,TRULY_MISSING,True,
pyatnica-13-e-krov-rouz,TRULY_MISSING,True,
plohaya-kompaniya-2,TRULY_MISSING,True,
8-vetrov,TRULY_MISSING,True,
povernut-noch-vspyat,TRULY_MISSING,True,
otchuzhdennye,TRULY_MISSING,True,
predstavlyaem-dzhodeyu,TRULY_MISSING,True,
bigfut-nlo-i-iisus,TRULY_MISSING,True,
gorod-pritch,TRULY_MISSING,True,
zhivem-tolko-odin-raz,TRULY_MISSING,True,
zaklyuchennye,TRULY_MISSING,True,
noch-padayuschih-zvezd,TRULY_MISSING,True,
gorech-dzhindzher,TRULY_MISSING,True,
ispytanie-na-stoykost,TRULY_MISSING,True,
chto-dvizhet-nami,TRULY_MISSING,True,
yama-2,TRULY_MISSING,True,
tehasec-red,TRULY_MISSING,True,
dvoynoe-bezumstvo,TRULY_MISSING,True,
smertelnyy-devichnik,TRULY_MISSING,True,
vlast-i-dengi,TRULY_MISSING,True,
odinokiy,TRULY_MISSING,True,
paranormalnye-yavleniya,TRULY_MISSING,True,
oboroten-3,TRULY_MISSING,True,
dushevnyy-santa,TRULY_MISSING,True,
ochen-neudachnaya-vecherinka,TRULY_MISSING,True,
udar-napoval,TRULY_MISSING,True,
mehanizm-sna,TRULY_MISSING,True,
bolshaya-moshennica,TRULY_MISSING,True,
harvi,TRULY_MISSING,True,
strashnyy-sekret-ee-parnya,TRULY_MISSING,True,
nerasskazannoe-tochka-kipeniya,TRULY_MISSING,True,
vot-dermo,TRULY_MISSING,True,
poslednie-pyat-dney-10-let-spustya,TRULY_MISSING,True,
svidetel-2,TRULY_MISSING,True,
korporaciya-peklo,TRULY_MISSING,True,
feyk,TRULY_MISSING,True,
seks-lozh-i-ubiystvo,TRULY_MISSING,True,
sobachya-morda,TRULY_MISSING,True,
istoriya-dzhona-uorda,TRULY_MISSING,True,
rozhdestvo-v-moem-kvartale,TRULY_MISSING,True,
park-smerti-nachalo,TRULY_MISSING,True,
semeystvo-lendri-rubi,TRULY_MISSING,True,
starshaya,TRULY_MISSING,True,
nikomu-ne-doveryay,TRULY_MISSING,True,
liam-uayt-zabyvaemaya-zhizn-liama-uayta,TRULY_MISSING,True,
spisok-zhelaniy-2,TRULY_MISSING,True,
bezumie-elis,TRULY_MISSING,True,
mne-snitsya-psihopomp,TRULY_MISSING,True,
vnutri-kruga,TRULY_MISSING,True,
zabivshie-na-leto,TRULY_MISSING,True,
aktery-3,TRULY_MISSING,True,
zaputannaya-svyaz,TRULY_MISSING,True,
gostinica-lost,TRULY_MISSING,True,
45-dney-do-bogatstva,TRULY_MISSING,True,
skrytaya-istina,TRULY_MISSING,True,
ubiycy-po-sosedstvu,TRULY_MISSING,True,
paragon,TRULY_MISSING,True,
zagadka-budki-9,TRULY_MISSING,True,
milliard-k-odnomu,TRULY_MISSING,True,
vendetta-pravda-lozh-i-mafiya,TRULY_MISSING,True,
mi-mi-mi-mishka-2-mini-anime-den-sporta,TRULY_MISSING,True,
polunochnyy-udar-korotkie-epizody,TRULY_MISSING,True,
sovremennaya-lyubov-v-tokio-on-igraet-nashu-pesnyu,TRULY_MISSING,True,
silvanian-femiliz-podarok-ot-freyi,TRULY_MISSING,True,
vlyublyayas-v-tebya,TRULY_MISSING,True,
mech-v-otrazhenii-cvetkov-persika,TRULY_MISSING,True,
huligan,TRULY_MISSING,True,
skvernoe-nasledie,TRULY_MISSING,True,
v-gryazi,TRULY_MISSING,True,
priyti-k-tebe,TRULY_MISSING,True,
behzat-ch-ankara-gorit,TRULY_MISSING,True,
more-cvetov,TRULY_MISSING,True,
ty-nikogda-ne-verneshsya-domoy,TRULY_MISSING,True,
nayti-lyubov-v-san-antonio,TRULY_MISSING,True,
kloun-tiklz,TRULY_MISSING,True,
mozg,TRULY_MISSING,True,
slyshvl-ona-vyshla-zamuzh,TRULY_MISSING,True,
chernaya-lozh,TRULY_MISSING,True,
ankoridzh,TRULY_MISSING,True,
avariynyy-ryad,TRULY_MISSING,True,
los-andzheles,TRULY_MISSING,True,
parazity,TRULY_MISSING,True,
zadira-istoriya-riko,TRULY_MISSING,True,
mass-avenyu,TRULY_MISSING,True,
krovavaya-monahinya-chast-tretya-poslednie-obryady,TRULY_MISSING,True,
brimstoun-krik-roud,TRULY_MISSING,True,
pustaya-kolybel,TRULY_MISSING,True,
vyrvannaya-iz-obyatiy,TRULY_MISSING,True,
tri-shesterki,TRULY_MISSING,True,
narkokontrol,TRULY_MISSING,True,
pisma,TRULY_MISSING,True,
chto-poseesh,TRULY_MISSING,True,
oskvernennye,TRULY_MISSING,True,
na-perepute,TRULY_MISSING,True,
rokovoy-den,TRULY_MISSING,True,
grehi-materi,TRULY_MISSING,True,
chernyy-tort,TRULY_MISSING,True,
ridli-roud,TRULY_MISSING,True,
millenialka-s-trostyu,TRULY_MISSING,True,
vodnye-osly,TRULY_MISSING,True,
ya-lyublyu-tebya-amerika,TRULY_MISSING,True,
nikogda-ne-govori-proschay,TRULY_MISSING,True,
kto-by-mog-podumat-2,TRULY_MISSING,True,
nekropolis,TRULY_MISSING,True,
pritchi-o-nenormalnom,TRULY_MISSING,True,
bolshe-nikogda,TRULY_MISSING,True,
novyy-ad,TRULY_MISSING,True,
nehoroshie-lyudi,TRULY_MISSING,True,
zheleznyy-chelovek-i-ego-neveroyatnye-druzya,TRULY_MISSING,True,
gryaduschaya-udacha,TRULY_MISSING,True,
bolnoy-ot-lyubvi,TRULY_MISSING,True,
demon-vetra-kodziro,TRULY_MISSING,True,
smeshannye-chuvstva-2,TRULY_MISSING,True,
zahvati-menya,TRULY_MISSING,True,
chelovek-koala,TRULY_MISSING,True,
ubiystvo-vybralo-menya,TRULY_MISSING,True,
mirazh-2,TRULY_MISSING,True,
u-lyubvi-chetyre-lapy,TRULY_MISSING,True,
koloss-ditya-vetra,TRULY_MISSING,True,
chelovek-kotoryy-umer,TRULY_MISSING,True,
pyat-mertvyh-sobak,TRULY_MISSING,True,
vzrosleyuschee-zhivotnoe,TRULY_MISSING,True,
skazhi-mne-kto-ya,TRULY_MISSING,True,
nichego-ne-proishodit,TRULY_MISSING,True,
hostel-deyz,TRULY_MISSING,True,
ramzi,TRULY_MISSING,True,
testosteron,TRULY_MISSING,True,
vniz-po-doroge,TRULY_MISSING,True,
gossluzhaschiy,TRULY_MISSING,True,
bozhestvennoe-reshenie-dvoynaya-stavka,TRULY_MISSING,True,
lyubov-na-lokdaune,TRULY_MISSING,True,
unesi-menya-na-lunu-uniforma,TRULY_MISSING,True,
sostoyanie-dushi,TRULY_MISSING,True,
nechto-bolshee,TRULY_MISSING,True,
moya-fiona,TRULY_MISSING,True,
razborki-pod-prikrytiem,TRULY_MISSING,True,
smertelnaya-lozh,TRULY_MISSING,True,
tekstovoe-soprovozhdenie,TRULY_MISSING,True,
distanciruemsya-socialno,TRULY_MISSING,True,
diana-myuzikl,TRULY_MISSING,True,
mister-desi,TRULY_MISSING,True,
pokoleniya,TRULY_MISSING,True,
tost-s-avokado,TRULY_MISSING,True,
chelovek-krolik,TRULY_MISSING,True,
bermudy,TRULY_MISSING,True,
shou-endi-beykera,TRULY_MISSING,True,
izbitaya,TRULY_MISSING,True,
vykrutasy-dzherri,TRULY_MISSING,True,
nepravilnaya-valentinka,TRULY_MISSING,True,
eto-ne-ty-eto-ya,TRULY_MISSING,True,
spravedlivost-2,TRULY_MISSING,True,
deyzi-derkins-i-apokalipsis-s-dinozavrami,TRULY_MISSING,True,
sushnyak-3-na-meli,TRULY_MISSING,True,
mama-perezapusk,TRULY_MISSING,True,
missiya-na-mars-2,TRULY_MISSING,True,
nechistyy,TRULY_MISSING,True,
priklyucheniya-na-puti-k-uspehu,TRULY_MISSING,True,
igra-skorpiona,TRULY_MISSING,True,
stolknovenie-3,TRULY_MISSING,True,
na-dannyy-moment,TRULY_MISSING,True,
sozhaleniya,TRULY_MISSING,True,
zanos,TRULY_MISSING,True,
v-pogone-za-krolikami,TRULY_MISSING,True,
privet-mini,TRULY_MISSING,True,
vendi-uilyams-film,TRULY_MISSING,True,
rozhdenie-babochki,TRULY_MISSING,True,
laguna-avenyu,TRULY_MISSING,True,
izbrannye,TRULY_MISSING,True,
amerikanskiy-mafiozi-vozmezdie,TRULY_MISSING,True,
solnechnaya-storona,TRULY_MISSING,True,
hudozhnik-s-drelyu,TRULY_MISSING,True,
strana-snov,TRULY_MISSING,True,
3-dnya-i-3-nochi,TRULY_MISSING,True,
proklyate-verhuahua,TRULY_MISSING,True,
raskryvaya-ubiystvo,TRULY_MISSING,True,
v-izolyacii-3,TRULY_MISSING,True,
hasmuk,TRULY_MISSING,True,
samye-bystrye-tachki-gryaznogo-yuga,TRULY_MISSING,True,
temnyy-svet,TRULY_MISSING,True,
smertelnaya-tayna-ee-semi,TRULY_MISSING,True,
nespyaschie-dve-podushki-i-poteryannaya-dusha,TRULY_MISSING,True,
den-posle-karantina,TRULY_MISSING,True,
reka-kochevnikov,TRULY_MISSING,True,
pravilnaya-mama,TRULY_MISSING,True,
kto-eto,TRULY_MISSING,True,
zaklyatye-druzya-2,TRULY_MISSING,True,
gippokrat,TRULY_MISSING,True,
ki-i-pil,TRULY_MISSING,True,
noch-na-zemle-2,TRULY_MISSING,True,
chelovek-iz-meyberi,TRULY_MISSING,True,
amitivill-na-rayone,TRULY_MISSING,True,
muzhik-pod-stolom,TRULY_MISSING,True,
krasnyy-kamen,TRULY_MISSING,True,
ubiyca-schastlivyh-chasov,TRULY_MISSING,True,
unesi-menya-na-lunu-dni-starshey-shkoly,TRULY_MISSING,True,
eto-ne-istoriya-o-voyne,TRULY_MISSING,True,
i-vot-opyat,TRULY_MISSING,True,
mertvye-mertvye-demony-ona-epizod-0,TRULY_MISSING,True,
prosto-sdaysya,TRULY_MISSING,True,
slozhnye-dni,TRULY_MISSING,True,
debbi-i-dyavol,TRULY_MISSING,True,
privet-iz-niotkuda,TRULY_MISSING,True,
god-spustya,TRULY_MISSING,True,
harper,TRULY_MISSING,True,
shestoe-chuvstvo,TRULY_MISSING,True,
dikaya-igra,TRULY_MISSING,True,
bumazhnoe-serdce-2,TRULY_MISSING,True,
lyubit-tebya-kak-sleduet,TRULY_MISSING,True,
mif-ohotniki-na-bigfuta,TRULY_MISSING,True,
kislotnyy-test,TRULY_MISSING,True,
makbet-proklyatyy-film,TRULY_MISSING,True,
10-shagov-k-lyubvi,TRULY_MISSING,True,
etoy-storonoy-vverh,TRULY_MISSING,True,
santa-psihopat-2,TRULY_MISSING,True,
nesnosnye-parni,TRULY_MISSING,True,
monetka-na-vechnost,TRULY_MISSING,True,
pomeste-ded-sayd-recept-ot-straha,TRULY_MISSING,True,
spyaschiy-negr,TRULY_MISSING,True,
buldozer,TRULY_MISSING,True,
tipa-gryaznoe-francuzskoe-chtivo,TRULY_MISSING,True,
vragi-2,TRULY_MISSING,True,
park-leyk-forest,TRULY_MISSING,True,
ocherednoe-rozhdestvo,TRULY_MISSING,True,
nebolshie-napominaniya,TRULY_MISSING,True,
strannoe-sosedstvo,TRULY_MISSING,True,
ee-glazami,TRULY_MISSING,True,
lyubov-i-beysbol,TRULY_MISSING,True,
dermovye-klouny-zapor,TRULY_MISSING,True,
ugolovnoe-delo,TRULY_MISSING,True,
tot-kto-zhivet-v-hidden-leyks,TRULY_MISSING,True,
podrostkovye-emocii,TRULY_MISSING,True,
menopauza,TRULY_MISSING,True,
kozodoy,TRULY_MISSING,True,
berning-men-myuzikl,TRULY_MISSING,True,
mat-futbolista,TRULY_MISSING,True,
drim-vizhns,TRULY_MISSING,True,
proklyatie-reyven-hayts,TRULY_MISSING,True,
ispustit-duh,TRULY_MISSING,True,
velikolepnye-meyersony,TRULY_MISSING,True,
luchshaya-chast,TRULY_MISSING,True,
fan-baza,TRULY_MISSING,True,
temnaya-storona-opulenta,TRULY_MISSING,True,
umnaya-lozh,TRULY_MISSING,True,
shkatulka-v-podvale,TRULY_MISSING,True,
obhitrit-roditeley,TRULY_MISSING,True,
milaya-mahagoni-2-izlishestva,TRULY_MISSING,True,
uolkery,TRULY_MISSING,True,
daunist,TRULY_MISSING,True,
lyubimyy-syn,TRULY_MISSING,True,
na-odnu-noch-2,TRULY_MISSING,True,
miniatyurnaya-policiya-buduschego,TRULY_MISSING,True,
may-melodi-i-kuromi,TRULY_MISSING,True,
moya-panda,TRULY_MISSING,True,
galakticheskie-piraty,TRULY_MISSING,True,
sostyazanie-na-ringe-1,TRULY_MISSING,True,
ya-intay,TRULY_MISSING,True,
istoriya-mechnika-tumanov,TRULY_MISSING,True,
ritual-rozhdeniya,TRULY_MISSING,True,
glubokoy-nochyu,TRULY_MISSING,True,
baron,TRULY_MISSING,True,
osvobozhdenie-v-kovid,TRULY_MISSING,True,
vzroslenie-2,TRULY_MISSING,True,
sinaps,TRULY_MISSING,True,
serdce-doma,TRULY_MISSING,True,
poberezhe,TRULY_MISSING,True,
slozhnoe-polozhenie,TRULY_MISSING,True,
policiya-buduschego-monstr,TRULY_MISSING,True,
istoriya-o-lzheproroke,TRULY_MISSING,True,
policiya-buduschego-perezagruzka,TRULY_MISSING,True,
skandal-na-konkurse-krasoty,TRULY_MISSING,True,
razbitye-almazy,TRULY_MISSING,True,
dazhe-vo-snah,TRULY_MISSING,True,
mister-limbo,TRULY_MISSING,True,
pereulok-smerti,TRULY_MISSING,True,
zharkiy-den-blagodareniya,TRULY_MISSING,True,
skarlet,TRULY_MISSING,True,
borba-2-dilemma,TRULY_MISSING,True,
voshozhdenie-sera-longbottoma,TRULY_MISSING,True,
poslednee-narushenie,TRULY_MISSING,True,
nemosch,TRULY_MISSING,True,
na-uzkoy-dorozhke,TRULY_MISSING,True,
vorovskaya-chest-2,TRULY_MISSING,True,
kakoy-prekrasnyy-solnechnyy-denek,TRULY_MISSING,True,
peresekayuschiesya-zhizni,TRULY_MISSING,True,
on-igral-so-mnoy,TRULY_MISSING,True,
sabina-zamuchennaya-za-hrista-nacistskie-gody,TRULY_MISSING,True,
vozmezdie-za-greh-2,TRULY_MISSING,True,
dobro-pozhalovat-na-shou,TRULY_MISSING,True,
rukovodstvo-soten-demonov-5,TRULY_MISSING,True,
emi-i-piter-razvodyadtsya,TRULY_MISSING,True,
yamato-navsegda,TRULY_MISSING,True,
prihozhane,TRULY_MISSING,True,
richard-lvinoe-serdce-vosstanie,TRULY_MISSING,True,
19-vydr,TRULY_MISSING,True,
tron-desyati-tysyach-mechey,TRULY_MISSING,True,
drakon-radzha,TRULY_MISSING,True,
podozritelnyy-partner-yaponskaya-versiya,TRULY_MISSING,True,
proschenie,TRULY_MISSING,True,
pakistanskaya-reznya-benzopiloy-istoriya-lyubvi,TRULY_MISSING,True,
belyy-dom-na-reyne,TRULY_MISSING,True,
allel-kidzuny-2,TRULY_MISSING,True,
allel-kidzuny,TRULY_MISSING,True,
kosmicheskiy-linkor-yamato-2,TRULY_MISSING,True,
kosmicheskiy-linkor-yamato-3,TRULY_MISSING,True,
komanda-uchenyh-nindzya-gatchamen,TRULY_MISSING,True,
baykery-senan,TRULY_MISSING,True,
esteban-syn-solnca,TRULY_MISSING,True,
neskazannye-grehi,TRULY_MISSING,True,
s-glazu-na-glaz-dzhon-i-yoko,TRULY_MISSING,True,
kachok,TRULY_MISSING,True,
demaskus,TRULY_MISSING,True,
incident-v-fenikse,TRULY_MISSING,True,
kikers-vpered,TRULY_MISSING,True,
kapitan-cubasa,TRULY_MISSING,True,
privet-mister-sovershenstvo,TRULY_MISSING,True,
bobobo-bo-bo-bobo,TRULY_MISSING,True,
dnevnik-demona,TRULY_MISSING,True,
pozhaluysta-umri,TRULY_MISSING,True,
manyak-s-metalloiskatelem,TRULY_MISSING,True,
kassetogolovyy,TRULY_MISSING,True,
ubiystva-na-otmeli,TRULY_MISSING,True,
rozhdestvo-v-stile-kantri,TRULY_MISSING,True,
deystvuy,TRULY_MISSING,True,
henk-i-dzholin,TRULY_MISSING,True,
kitaysko-govoryaschie-vampiry,TRULY_MISSING,True,
tayna-sinchani,TRULY_MISSING,True,
svyazannye-odnoy-burey,TRULY_MISSING,True,
krovavoe-zhertvoprinoshenie-2,TRULY_MISSING,True,
zvezdy-upali-na-alabamu,TRULY_MISSING,True,
broshennye-pri-rozhdenii,TRULY_MISSING,True,
zaschitnyy-strah,TRULY_MISSING,True,
polnye-karmany-2,TRULY_MISSING,True,
reks-park-proklyatie-zolotogo-buddy,TRULY_MISSING,True,
neopredelennost,TRULY_MISSING,True,
ofisnyy-priyut,TRULY_MISSING,True,
nepreodolimye-razlichiya,TRULY_MISSING,True,
konec-puti-2,TRULY_MISSING,True,
assistent,TRULY_MISSING,True,
semeynoe-vyzhivanie,TRULY_MISSING,True,
zapretnyy-plod-pervyy-ukus,TRULY_MISSING,True,
assimilyaciya-kimov,TRULY_MISSING,True,
shuga-beybis,TRULY_MISSING,True,
sestra-krampus,TRULY_MISSING,True,
izgnannyy-belyy-mag,TRULY_MISSING,True,
pervaya-ledi-3-rasplata,TRULY_MISSING,True,
stremlenie-k-znaniyu,TRULY_MISSING,True,
zlatye-gory,TRULY_MISSING,True,
nasledie-lyubvi,TRULY_MISSING,True,
smertelnye-chisla,TRULY_MISSING,True,
instagramschiki,TRULY_MISSING,True,
hellouinskiy-mezhdusoboychik,TRULY_MISSING,True,
rasprodano,TRULY_MISSING,True,
chernaya-kniga-2,TRULY_MISSING,True,
kloun-navsegda,TRULY_MISSING,True,
rozhdestvenskiy-zakat,TRULY_MISSING,True,
epl-sinema,TRULY_MISSING,True,
eto-zhizn,TRULY_MISSING,True,
klub-dobryh-serdec,TRULY_MISSING,True,
dar-blagodati,TRULY_MISSING,True,
kilroy,TRULY_MISSING,True,
dom-dlya-zalozhnikov,TRULY_MISSING,True,
hroniki-istrebitelnicy-chast-pervaya,TRULY_MISSING,True,
gorbun-iz-bel-eyr,TRULY_MISSING,True,
nelegal,TRULY_MISSING,True,
tyagoty-zhizni,TRULY_MISSING,True,
pustoy-ray,TRULY_MISSING,True,
ramekin-2-ramekiny,TRULY_MISSING,True,
napryazhennaya-shvatka-perezagruzka,TRULY_MISSING,True,
skryvaemye-strasti,TRULY_MISSING,True,
idealnaya-kartina-lzhi,TRULY_MISSING,True,
providica,TRULY_MISSING,True,
enni-na-scene,TRULY_MISSING,True,
toksichnyy-2-neraskrytoe-delo,TRULY_MISSING,True,
stendapery,TRULY_MISSING,True,
dlya-sharlin,TRULY_MISSING,True,
slishkom-pozdno,TRULY_MISSING,True,
nastoyaschiy-siniy-potroshitel,TRULY_MISSING,True,
italyanskiy-dlya-puteshestvennikov,TRULY_MISSING,True,
mogu-ya-pogovorit-s-vragom,TRULY_MISSING,True,
za-radost,TRULY_MISSING,True,
beybleyd-x,TRULY_MISSING,True,
rozhdennyy-v-plameni,TRULY_MISSING,True,
brata,TRULY_MISSING,True,
radio-eyem,TRULY_MISSING,True,
schastlivyy-novyy-god,TRULY_MISSING,True,
neobyasnimye-istorii,TRULY_MISSING,True,
tak-veselo-serdce,TRULY_MISSING,True,
semeynaya-vrazhda,TRULY_MISSING,True,
tvorcheskiy-krizis,TRULY_MISSING,True,
ne-vpuskay-ee,TRULY_MISSING,True,
chempion-4,TRULY_MISSING,True,
todd,TRULY_MISSING,True,
prankery,TRULY_MISSING,True,
moy-tinder-s-andre,TRULY_MISSING,True,
monahinya-nensi,TRULY_MISSING,True,
staya-4,TRULY_MISSING,True,
vse-chto-my-imeem,TRULY_MISSING,True,
ballada-o-krutom-billi,TRULY_MISSING,True,
idealnyy-film,TRULY_MISSING,True,
otdel-kadrov-3,TRULY_MISSING,True,
plohoy-ben-9,TRULY_MISSING,True,
posledniy-svet,TRULY_MISSING,True,
govori-ili-molchi,TRULY_MISSING,True,
mechty-o-gollivude,TRULY_MISSING,True,
kain-i-avel,TRULY_MISSING,True,
spasti-rozmari-troica,TRULY_MISSING,True,
v-sentimentalnom-nastroenii,TRULY_MISSING,True,
marsianskoe-pugalo-ubiyca,TRULY_MISSING,True,
instakrah,TRULY_MISSING,True,
vse-iz-za-charli,TRULY_MISSING,True,
fraktaly,TRULY_MISSING,True,
memuary-chernokozhey-devushki,TRULY_MISSING,True,
propavshaya-i-odinokaya,TRULY_MISSING,True,
marafon-slava-bogu,TRULY_MISSING,True,
mygo-povsednevnaya-zhizn-uchastnic,TRULY_MISSING,True,
pustyni,TRULY_MISSING,True,
tri-mushketera-2,TRULY_MISSING,True,
kriminalnaya-dnk,TRULY_MISSING,True,
opravdanie,TRULY_MISSING,True,
chernaya-monahinya,TRULY_MISSING,True,
v-glushi-2,TRULY_MISSING,True,
zloy-zver,TRULY_MISSING,True,
koe-kto-iz-nashih-zherebcov,TRULY_MISSING,True,
tina-i-lori,TRULY_MISSING,True,
instinkt-ubiycy,TRULY_MISSING,True,
chudnaya,TRULY_MISSING,True,
posobie-dlya-ganfayterov-dikogo-zapada,TRULY_MISSING,True,
legenda-o-serebryanom-klyke-padayuschaya-zvezda-gin,TRULY_MISSING,True,
strannyy-put,TRULY_MISSING,True,
vstrechayte-varvarov,TRULY_MISSING,True,
mapa,TRULY_MISSING,True,
saydeyra,TRULY_MISSING,True,
snyato-3,TRULY_MISSING,True,
detektiv-pikachu-velikolepnaya-utrennyaya-rutina,TRULY_MISSING,True,
puteshestvie-mechty,TRULY_MISSING,True,
vspyshka,TRULY_MISSING,True,
krov-dvuh-drakonov,TRULY_MISSING,True,
pervobytnyy-malchik-ryu,TRULY_MISSING,True,
hram-nikto-ne-mozhet-zhit-v-odinochestve-specvypuski,TRULY_MISSING,True,
i-ty,TRULY_MISSING,True,
zelenaya-dver,TRULY_MISSING,True,
udivitelnyy-mir-gambola-shkolnyy-albom-darvina,TRULY_MISSING,True,
udivitelnyy-mir-gambola-hroniki-gambola,TRULY_MISSING,True,
odna-noch-v-aydaho-ubiystva-v-kolledzhe,TRULY_MISSING,True,
ditya-vremeni,TRULY_MISSING,True,
deti-epohi-seva-suschee-nakazanie,TRULY_MISSING,True,
moya-geroyskaya-akademiya-bitva-geroev-yuey,TRULY_MISSING,True,
ledi-dzhordzhiya,TRULY_MISSING,True,
malenkie-zhenschiny-1987,TRULY_MISSING,True,
priklyucheniya-bosko,TRULY_MISSING,True,
ishod,TRULY_MISSING,True,
krov-2,TRULY_MISSING,True,
luchshie-aktery-vtorogo-plana,TRULY_MISSING,True,
bez-uma-ot-nee,TRULY_MISSING,True,
zvuk-vozdushnyh-sharov-2,TRULY_MISSING,True,
sem-dney-3,TRULY_MISSING,True,
sredi-volkov,TRULY_MISSING,True,
tundra-u-menya-v-krovi,TRULY_MISSING,True,
serra-das-almas,TRULY_MISSING,True,
devushka-na-cherdake,TRULY_MISSING,True,
svoimi-rukami,TRULY_MISSING,True,
poslanie-v-butylke-2,TRULY_MISSING,True,
3000-mil-v-poiskah-materi,TRULY_MISSING,True,
ohotniki-na-gringo,TRULY_MISSING,True,
srazhaysya-ramenmen,TRULY_MISSING,True,
lego-legendy-nindzyago-zemlya-monstrov,TRULY_MISSING,True,
granica-4,TRULY_MISSING,True,
domrabotnica-2,TRULY_MISSING,True,
tayny-garazhnoy-rasprodazhi-smertelnaya-komnata,TRULY_MISSING,True,
bratstvo-chernogo-kinzhala,TRULY_MISSING,True,
da-budet-zhizn,TRULY_MISSING,True,
poniboy,TRULY_MISSING,True,
edinstvennaya-doch,TRULY_MISSING,True,
lenta,TRULY_MISSING,True,
nyanya-vidit-vse,TRULY_MISSING,True,
poslednie-pyat-dney-durdom,TRULY_MISSING,True,
smotri-esli-osmelishsya,TRULY_MISSING,True,
semeyka-praudov-bolee-gromkie-i-bolee-gordye,TRULY_MISSING,True,
simple-plan-deti-v-tolpe,TRULY_MISSING,True,
moy-boss-pod-prikrytiem,TRULY_MISSING,True,
s-kameroy-po-vostochnomu-frontu,TRULY_MISSING,True,
propavshie-3,TRULY_MISSING,True,
obratis-za-pomoschyu,TRULY_MISSING,True,
posol,TRULY_MISSING,True,
effekt-motylka,TRULY_MISSING,True,
a-pochemu-by-i-net,TRULY_MISSING,True,
vsyu-noch-za-rulem,TRULY_MISSING,True,
vechnaya-dilemma,TRULY_MISSING,True,
v-opustevshey-cerkvi,TRULY_MISSING,True,
rybka-kuzovok,TRULY_MISSING,True,
rozhdestvo-bankirshi,TRULY_MISSING,True,
sestry-i-mozgoprav-2,TRULY_MISSING,True,
fey,TRULY_MISSING,True,
rozhdestvenskiy-vor,TRULY_MISSING,True,
nevinnost,TRULY_MISSING,True,
shkola-zhizni,TRULY_MISSING,True,
nepravilnyy-agent-po-nedvizhimosti,TRULY_MISSING,True,
chelovecheskoe-reshenie,TRULY_MISSING,True,
dorogoy-buduschiy-muzh,TRULY_MISSING,True,
ubiyca-kukol-2,TRULY_MISSING,True,
iduschie-za-kingom,TRULY_MISSING,True,
legendarnye-filippinskie-bratya,TRULY_MISSING,True,
za-dengi-da,TRULY_MISSING,True,
teni-proshlogo-2,TRULY_MISSING,True,
polyy-dub,TRULY_MISSING,True,
on-skazal-ona-skazala,TRULY_MISSING,True,
beguschiy-skvoz-portaly,TRULY_MISSING,True,
den-matcha,TRULY_MISSING,True,
zemlya-sov,TRULY_MISSING,True,
gryaznaya-atlanta,TRULY_MISSING,True,
dobro-pozhalovat-vo-fresno,TRULY_MISSING,True,
ike-boyz,TRULY_MISSING,True,
zapretnyy-plod-vtoroy-shans,TRULY_MISSING,True,
triofobiya,TRULY_MISSING,True,
kak-skazat-chto-ugodno,TRULY_MISSING,True,
moya-prekrasnaya-nevesta,TRULY_MISSING,True,
rozhdestvenskie-elfy-ubiycy,TRULY_MISSING,True,
po-vole,TRULY_MISSING,True,
ona-byla-zhenoy-pomoschnika-sherifa,TRULY_MISSING,True,
koko,TRULY_MISSING,True,
taynaya-dostavka,TRULY_MISSING,True,
ubiystvennyy-pirog-tayna-hanny-svensen,TRULY_MISSING,True,
semeynyy-snimok,TRULY_MISSING,True,
tripovyy-denek,TRULY_MISSING,True,
put-very-predanie-o-poslednih-dnyah,TRULY_MISSING,True,
zatishe,TRULY_MISSING,True,
opasnyy-roman,TRULY_MISSING,True,
poslednyaya-noch-v-rozzi,TRULY_MISSING,True,
v-teni-privilegiy,TRULY_MISSING,True,
el-rouz,TRULY_MISSING,True,
pokolenie-pochemu,TRULY_MISSING,True,
nayti-lyubov-v-big-skay-montana,TRULY_MISSING,True,
koronavirusnyy-zagovor-doma-bezopasnee,TRULY_MISSING,True,
povest-o-dvuh-strelkah,TRULY_MISSING,True,
mercanie-2,TRULY_MISSING,True,
sredi-naemnyh-ubiyc,TRULY_MISSING,True,
shkola-hovard,TRULY_MISSING,True,
vechnaya-lyubov,TRULY_MISSING,True,
rozhdestvenskoe-zhelanie-v-hadsone,TRULY_MISSING,True,
pravda-ili-deystvie-2,TRULY_MISSING,True,
koloradolend,TRULY_MISSING,True,
yaraya-amerikanka,TRULY_MISSING,True,
domoy-na-rozhdestvo,TRULY_MISSING,True,
ruka-mertveca,TRULY_MISSING,True,
slava-4,TRULY_MISSING,True,
kogda-lyubov-postuchit,TRULY_MISSING,True,
svyatoy-voin-danbayn-ova,TRULY_MISSING,True,
vozvraschenie-hischnika,TRULY_MISSING,True,
strannyy-plod-skazka-o-poteryavsheysya-chernokozhey-devushke,TRULY_MISSING,True,
metody-borby-so-svetom,TRULY_MISSING,True,
kasanie-ne-ignoriruy-menya,TRULY_MISSING,True,
pobeg-5,TRULY_MISSING,True,
chernaya-oliviya,TRULY_MISSING,True,
dikie-mechtateli,TRULY_MISSING,True,
sara-zhenschina-v-teni,TRULY_MISSING,True,
krasnyy-foton-zillion,TRULY_MISSING,True,
dankugar-da-blagoslovit-gospod,TRULY_MISSING,True,
mad-ki,TRULY_MISSING,True,
narushennoe-obeschanie,TRULY_MISSING,True,
vdoh-vydoh,TRULY_MISSING,True,
dangayo,TRULY_MISSING,True,
gryaznaya-parochka-ova,TRULY_MISSING,True,
koko-2,TRULY_MISSING,True,
dvoynaya-igra-3,TRULY_MISSING,True,
vinsent,TRULY_MISSING,True,
yadernyy-udar,TRULY_MISSING,True,
roditeli,TRULY_MISSING,True,
gryaznaya-parochka-ot-milyh-angelov-s-lyubovyu,TRULY_MISSING,True,
czychuan-2-3,TRULY_MISSING,True,
sama-sebe-sopernica,TRULY_MISSING,True,
bill-79,TRULY_MISSING,True,
krovavye-tyulpany,TRULY_MISSING,True,
dragonar,TRULY_MISSING,True,
more-vo-dvore,TRULY_MISSING,True,
toptanie-na-meste,TRULY_MISSING,True,
lienn,TRULY_MISSING,True,
amerikanskaya-vishnya,TRULY_MISSING,True,
ispytyvaya-blagodat,TRULY_MISSING,True,
bratya-dzhonas-dela-semeynye,TRULY_MISSING,True,
kamilla-chast-pervaya,TRULY_MISSING,True,
sumochka,TRULY_MISSING,True,
dzhumandzhi-pervyy-uroven,TRULY_MISSING,True,
podschet-pul,TRULY_MISSING,True,
gde-zemlya-vstrechaetsya-s-nebom,TRULY_MISSING,True,
radi-hanny,TRULY_MISSING,True,
alehandro,TRULY_MISSING,True,
propaschaya-deyzi,TRULY_MISSING,True,
pobeg-iz-bloka-smertnikov-13,TRULY_MISSING,True,
chestnyy-vor,TRULY_MISSING,True,
hel-king,TRULY_MISSING,True,
nashe-vse,TRULY_MISSING,True,
vmeste-naedine,TRULY_MISSING,True,
krasnaya-shapochka-2,TRULY_MISSING,True,
na-svyazi,TRULY_MISSING,True,
vyshinskiy-mest-ili-proschenie,TRULY_MISSING,True,
parshivaya-ovca-3,TRULY_MISSING,True,
prekrasnaya-brizhit-bardo,TRULY_MISSING,True,
dolzhno-byt-eto-lyubov,TRULY_MISSING,True,
vtoraya-polovina-2,TRULY_MISSING,True,
pisma-k-m-4,TRULY_MISSING,True,
my-zakryty,TRULY_MISSING,True,
vystrel-v-golovu-2,TRULY_MISSING,True,
nazad-v-te-dni,TRULY_MISSING,True,
1-11,TRULY_MISSING,True,
gryaznaya-parochka-proekt-edem,TRULY_MISSING,True,
prorvemsya,TRULY_MISSING,True,
ohota-na-vinovnikov-usama-ben-laden,TRULY_MISSING,True,
vne-sistemy,TRULY_MISSING,True,
mezhdu-strok,TRULY_MISSING,True,
respublika-detey,TRULY_MISSING,True,
zombikon-tom-1,TRULY_MISSING,True,
kasa-branka,TRULY_MISSING,True,
babushka-i-inostranec,TRULY_MISSING,True,
mariya-iz-kangaso,TRULY_MISSING,True,
moy-glupyy-kupidon,TRULY_MISSING,True,
smertelnyy-uzel,TRULY_MISSING,True,
legenda-o-hikari,TRULY_MISSING,True,
bronirovannye-voiny-votomy-bolshaya-bitva,TRULY_MISSING,True,
rokovaya-krasota,TRULY_MISSING,True,
pesni-o-lyubvi,TRULY_MISSING,True,
obman-po-polski,TRULY_MISSING,True,
ukrytie-3,TRULY_MISSING,True,
tyuremschiki,TRULY_MISSING,True,
tandem,TRULY_MISSING,True,
monstr-v-golove,TRULY_MISSING,True,
na-chernyy-den,TRULY_MISSING,True,
snezhnoe-chuvstvo-smilly,TRULY_MISSING,True,
pravila-igry-ohota-na-lyudey,TRULY_MISSING,True,
v-tumane,TRULY_MISSING,True,
gorod-dikih-zverey,TRULY_MISSING,True,
lokilo-drugoy-ya,TRULY_MISSING,True,
siyanie-moey-zhizni,TRULY_MISSING,True,
spokoynoy-nochi-pekin,TRULY_MISSING,True,
mister-zombi,TRULY_MISSING,True,
za-kraem,TRULY_MISSING,True,
svet-tvoey-lyubvi,TRULY_MISSING,True,
pozvoni-mne-esli-ty-umresh,TRULY_MISSING,True,
mastera-dueley-propavshie-mrachnyy-zhnec-pod-lunoy,TRULY_MISSING,True,
malchik-nindzya-rantaro-velichayshiy-strateg-otryada-dokutake,TRULY_MISSING,True,
lyubov-eto-vsego-lish-mgnovenie,TRULY_MISSING,True,
kislaya-vecherinka,TRULY_MISSING,True,
korol-dorogi,TRULY_MISSING,True,
poka-menya-ne-bylo,TRULY_MISSING,True,
uborschica-2,TRULY_MISSING,True,
nichego-ne-proishodit-2,TRULY_MISSING,True,
pryamaya-translyaciya,TRULY_MISSING,True,
makari,TRULY_MISSING,True,
eto-moya-zhizn,TRULY_MISSING,True,
zhizn-bez-oruzhiya-2,TRULY_MISSING,True,
prizrak-v-dospehah-sindrom-odinochki-2045-2,TRULY_MISSING,True,
klub-strelby-iz-luka-2,TRULY_MISSING,True,
volshebnik-voin-orfen-4,TRULY_MISSING,True,
soldaty,TRULY_MISSING,True,
pokusannye,TRULY_MISSING,True,
vtoraya-mirovaya-voyna-cena-imperii,TRULY_MISSING,True,
miloe-lekarstvo-vzroslye-sila-nadezhdy,TRULY_MISSING,True,
lovi-lovi,TRULY_MISSING,True,
novyy-etap-vseh-zvezd-prikyua-3-druzya-navsegda,TRULY_MISSING,True,
sorok-devyat,TRULY_MISSING,True,
49-2,TRULY_MISSING,True,
kosmicheskie-priklyucheniya-kobry-psihoruzhe,TRULY_MISSING,True,
kosmicheskie-priklyucheniya-kobry,TRULY_MISSING,True,
lozhnoe-lico,TRULY_MISSING,True,
vozvraschenie-sun-ukuna,TRULY_MISSING,True,
otmschenie,TRULY_MISSING,True,
labirint-straha-2,TRULY_MISSING,True,
zakat-nad-chaoprayya,TRULY_MISSING,True,
gryaznaya-parochka-nolandskoe-delo,TRULY_MISSING,True,
bronirovannye-voiny-votomy-posledniy-krasnoplechiy,TRULY_MISSING,True,
dankugar,TRULY_MISSING,True,
mech-musasi,TRULY_MISSING,True,
nindzya-voin-tobikage,TRULY_MISSING,True,
radi-lyubvi-2,TRULY_MISSING,True,
belladonna,TRULY_MISSING,True,
belyy-krest-ii,TRULY_MISSING,True,
vingmen-voin-mechty,TRULY_MISSING,True,
steklyannaya-maska-2,TRULY_MISSING,True,
zvezdnyy-mushketer-bismark,TRULY_MISSING,True,
duhi-blyugrassa,TRULY_MISSING,True,
giperprostranstvennaya-kavaleriya-yuzhnogo-kresta,TRULY_MISSING,True,
urasiman-policiya-buduschego,TRULY_MISSING,True,
govarian,TRULY_MISSING,True,
kosmicheskiy-voin-baldios,TRULY_MISSING,True,
don-drakula-osamu-tedzuki,TRULY_MISSING,True,
kosmicheskie-priklyucheniya-kobry-2,TRULY_MISSING,True,
zhenskie-shalosti,TRULY_MISSING,True,
plohoy-opekun,TRULY_MISSING,True,
17,TRULY_MISSING,True,
popavshaya-v-zapadnyu,TRULY_MISSING,True,
golion-povelitel-lvov,TRULY_MISSING,True,
delo-adnana-sayeda,TRULY_MISSING,True,
nekuda-bezhat-3,TRULY_MISSING,True,
antagonisty,TRULY_MISSING,True,
puteshestvie-na-zapad-krasnoe-ditya,TRULY_MISSING,True,
shestiuhaya-makaka,TRULY_MISSING,True,
nikogda-ne-ostanavlivaysya,TRULY_MISSING,True,
konservnye-chelovechki,TRULY_MISSING,True,
izyaschnyy-uchenyy,TRULY_MISSING,True,
galakticheskiy-ekspress-999-vechnaya-strannica-emeralda,TRULY_MISSING,True,
zvezdnyy-ohotnik-2,TRULY_MISSING,True,
galakticheskiy-ekspress-999-ty-mozhesh-lyubit-kak-mat,TRULY_MISSING,True,
horoshenkoe-lekarstvo-mercanie-zvezd-2,TRULY_MISSING,True,
plohoy-malchik,TRULY_MISSING,True,
devstvenno-goluboy,TRULY_MISSING,True,
mne-prisnilos,TRULY_MISSING,True,
sdelka-3,TRULY_MISSING,True,
myatezhnaya-princessa,TRULY_MISSING,True,
moya-tainstvennaya-zhena,TRULY_MISSING,True,
ogromnaya-akula,TRULY_MISSING,True,
dvoynik-3,TRULY_MISSING,True,
moy-aydol,TRULY_MISSING,True,
dni-i-nochi-v-uhane,TRULY_MISSING,True,
tot-chelovek,TRULY_MISSING,True,
podzemnaya-voyna,TRULY_MISSING,True,
superkrut,TRULY_MISSING,True,
komanda-uchenyh-nindzya-gatchamen-film,TRULY_MISSING,True,
kosmicheskiy-rycar-tekkamen,TRULY_MISSING,True,
velikiy-mazinger-protiv-robota-gettera,TRULY_MISSING,True,
moy-dogovornoy-muzh,TRULY_MISSING,True,
postupi-ili-umri,TRULY_MISSING,True,
lyubov-v-trende,TRULY_MISSING,True,
tot-samyy-2,TRULY_MISSING,True,
son-v-zerkale,TRULY_MISSING,True,
kop,TRULY_MISSING,True,
neidealnyy-kayf,TRULY_MISSING,True,
rassledovaniya-hanny-svensen,TRULY_MISSING,True,
chest-3,TRULY_MISSING,True,
devochka-so-spichkami,TRULY_MISSING,True,
tayna-goroda-drakonov,TRULY_MISSING,True,
svadba-s-idealnymi-fotografiyami,TRULY_MISSING,True,
svadebnaya-kuterma,TRULY_MISSING,True,
semya-3,TRULY_MISSING,True,
komanda-uchenyh-nindzya-gatchamen-ii,TRULY_MISSING,True,
chistilische-2,TRULY_MISSING,True,
shpana-3,TRULY_MISSING,True,
komissiya-2,TRULY_MISSING,True,
grustnye-shutki,TRULY_MISSING,True,
kannappa,TRULY_MISSING,True,
tihie-buri,TRULY_MISSING,True,
poslannik-3,TRULY_MISSING,True,
kogda-oblaka-skryvayut-ten,TRULY_MISSING,True,
beskonechnye-nebesa-2-ochischenie-mira,TRULY_MISSING,True,
odin-iz-otvergnutyh-izgoy-4,TRULY_MISSING,True,
yutunya,TRULY_MISSING,True,
polnyy-dom-3-2,TRULY_MISSING,True,
chistilische-3,TRULY_MISSING,True,
pohod-2,TRULY_MISSING,True,
pervaya-volna,TRULY_MISSING,True,
pripravleno-lyubovyu,TRULY_MISSING,True,
neidealnoe-rozhdestvenskoe-zhelanie,TRULY_MISSING,True,
vebkam-chirlidershi,TRULY_MISSING,True,
opasnoe-sosedstvo,TRULY_MISSING,True,
pohischennaya-7,TRULY_MISSING,True,
mir-v-shokolade,TRULY_MISSING,True,
stolknovenie-4,TRULY_MISSING,True,
klient-3,TRULY_MISSING,True,
zakapyvaya-proshloe,TRULY_MISSING,True,
smertelnaya-poezdka,TRULY_MISSING,True,
fermer-v-poiskah-lyubvi,TRULY_MISSING,True,
romantika-dikoy-prirody,TRULY_MISSING,True,
zhenschina-v-mashine,TRULY_MISSING,True,
mest-s-dostavkoy,TRULY_MISSING,True,
koshmar-po-sosedstvu,TRULY_MISSING,True,
sinhronichnost,TRULY_MISSING,True,
nebolshoe-sostoyanie,TRULY_MISSING,True,
prigotovlenie-lyubvi,TRULY_MISSING,True,
don-ee-otec-i-traktor,TRULY_MISSING,True,
istorii-lyubvi-v-doline-podsolnuhov,TRULY_MISSING,True,
mezhdu-molotom-i-nakovalney,TRULY_MISSING,True,
begi-zhenschina-begi,TRULY_MISSING,True,
smodelirovano-s-lyubovyu,TRULY_MISSING,True,
beregis-sveta,TRULY_MISSING,True,
molchalivaya-morita-ova,TRULY_MISSING,True,
zhivaya-zemlya,TRULY_MISSING,True,
lyubov-puzyrki-i-kristalnaya-buhta,TRULY_MISSING,True,
rozhdestvenskoe-pismo,TRULY_MISSING,True,
koroleva-konditerskoy,TRULY_MISSING,True,
bolshoy-rozhdestvenskiy-obmen,TRULY_MISSING,True,
vremya-ubiystvenno,TRULY_MISSING,True,
sredi-muzhchin,TRULY_MISSING,True,
parnye-boevye-duhi,TRULY_MISSING,True,
vremya-i-prostranstvo,TRULY_MISSING,True,
leo-2,TRULY_MISSING,True,
civilizacii,TRULY_MISSING,True,
odin-iz-otvergnutyh-izgoy-3,TRULY_MISSING,True,
prizrachnyy-ohotnik,TRULY_MISSING,True,
knyaz-illyuzornogo-mira,TRULY_MISSING,True,
pisma-v-buduschee,TRULY_MISSING,True,
tonirovannoe-steklo,TRULY_MISSING,True,
pesnya-dlya-imodzhen,TRULY_MISSING,True,
pisma-iz-proshlogo,TRULY_MISSING,True,
malenkiy-demon-razoblachen-2,TRULY_MISSING,True,
malenkiy-demon-razoblachen,TRULY_MISSING,True,
materinskaya-lozh,TRULY_MISSING,True,
klyuchevye-momenty,TRULY_MISSING,True,
unikalnaya-lyubov,TRULY_MISSING,True,
narezka,TRULY_MISSING,True,
starye-dengi,TRULY_MISSING,True,
kak-nazvat-etu-lyubov-esche-raz,TRULY_MISSING,True,
gordost-i-strast,TRULY_MISSING,True,
sekrety-alzhira,TRULY_MISSING,True,
anya-iz-zelenyh-mezoninov,TRULY_MISSING,True,
madam-dyuroshe,TRULY_MISSING,True,
mariya-shapdelen,TRULY_MISSING,True,
rozhdestvenskiy-issledovatel,TRULY_MISSING,True,
mozhete-pocelovat-podruzhku-nevesty,TRULY_MISSING,True,
ines,TRULY_MISSING,True,
robin-roberts-predstavlyaet-mahaliya,TRULY_MISSING,True,
smertelnaya-lyubov,TRULY_MISSING,True,
yarost-materi,TRULY_MISSING,True,
vkus-krovi,TRULY_MISSING,True,
smert-kotoruyu-ona-napisala,TRULY_MISSING,True,
techenie-lyubvi,TRULY_MISSING,True,
dzhon-na-karantine,TRULY_MISSING,True,
cena-adaptacii,TRULY_MISSING,True,
sozercanie-tayny,TRULY_MISSING,True,
ozhidaemaya-neozhidannost,TRULY_MISSING,True,
dom-vurdalakov,TRULY_MISSING,True,
po-sosedstvu-s-yeti,TRULY_MISSING,True,
duel-na-reke,TRULY_MISSING,True,
potomu-chto-my-takie,TRULY_MISSING,True,
zdes-i-potom,TRULY_MISSING,True,
sladkiy-kak-klenovyy-sirop,TRULY_MISSING,True,
drinkuoter,TRULY_MISSING,True,
mestechko-v-motele-kloun-2-papochka,TRULY_MISSING,True,
taynaya-zhizn-pervokursnikov,TRULY_MISSING,True,
hrabryy,TRULY_MISSING,True,
rechnaya-romantika,TRULY_MISSING,True,
tayna-dikih-lesov,TRULY_MISSING,True,
volshebnyy-rozhdestvenskiy-tort,TRULY_MISSING,True,
pyanye-ptashki,TRULY_MISSING,True,
shum-motorov,TRULY_MISSING,True,
svyazuyuschie-ruki,TRULY_MISSING,True,
sol-i-perec,TRULY_MISSING,True,
portrety-iz-ognya,TRULY_MISSING,True,
lyubov-v-skay-gardens,TRULY_MISSING,True,
dalnie-dorogi,TRULY_MISSING,True,
idealnaya-svadba,TRULY_MISSING,True,
nauchitsya-plavat,TRULY_MISSING,True,
dusha-chempionki,TRULY_MISSING,True,
strim,TRULY_MISSING,True,
seryy-les,TRULY_MISSING,True,
chernye-vrata,TRULY_MISSING,True,
molis-povinuysya-ubivay,TRULY_MISSING,True,
moloh,TRULY_MISSING,True,
srok-godnosti,TRULY_MISSING,True,
ot-kolybeli-do-mogily-2,TRULY_MISSING,True,
gora-smerti-dobro-pozhalovat-v-gumboldt,TRULY_MISSING,True,
transplantaciya,TRULY_MISSING,True,
shlemogolovye,TRULY_MISSING,True,
reygany,TRULY_MISSING,True,
rol,TRULY_MISSING,True,
shanhayskaya-istoriya,TRULY_MISSING,True,
sladkie-sledy-ukusov,TRULY_MISSING,True,
my-vse-umrem,TRULY_MISSING,True,
prosvetlenie,TRULY_MISSING,True,
mificheskie-zveri,TRULY_MISSING,True,
legenda-o-belom-kote-2,TRULY_MISSING,True,
imperiya-silin,TRULY_MISSING,True,
pustogolovaya-vedma,TRULY_MISSING,True,
chetyre-rycarya,TRULY_MISSING,True,
gorod-valoran,TRULY_MISSING,True,
mificheskie-zveri-2,TRULY_MISSING,True,
sto-tysyach-plohih-shutok-film-2,TRULY_MISSING,True,
rukovodstvo-soten-demonov-3,TRULY_MISSING,True,
rukovodstvo-soten-demonov-2,TRULY_MISSING,True,
zolotaya-strazha-veter-podnimaetsya-v-czinline,TRULY_MISSING,True,
penie-slovno-milfey,TRULY_MISSING,True,
mificheskie-zveri-4,TRULY_MISSING,True,
belovolosyy-la-shen,TRULY_MISSING,True,
ohota-demonicheskogo-korolya-na-svoyu-zhenu-3,TRULY_MISSING,True,
aazam,TRULY_MISSING,True,
igra-v-soblaznenie,TRULY_MISSING,True,
chernyy-detektiv,TRULY_MISSING,True,
banditskie-bandity,TRULY_MISSING,True,
zhatva-2,TRULY_MISSING,True,
molodoy-pilsudskiy,TRULY_MISSING,True,
lobbist,TRULY_MISSING,True,
otdel-42,TRULY_MISSING,True,
ohota-za-sokrovischami-nacistov,TRULY_MISSING,True,
uzhasno-smeshnye-stolknoveniya,TRULY_MISSING,True,
zhivye-misheni,TRULY_MISSING,True,
drakon-radzha-2,TRULY_MISSING,True,
ura-mechte-devushki-iz-gruppy,TRULY_MISSING,True,
ura-mechte-devushki-iz-gruppy-2,TRULY_MISSING,True,
ura-mechte-devushki-iz-gruppy-3,TRULY_MISSING,True,
plovec,TRULY_MISSING,True,
krutaya-devchonka,TRULY_MISSING,True,
krash-vsego-univera-devushka,TRULY_MISSING,True,
pobeg-s-fermy-kannibalov,TRULY_MISSING,True,
privet-my-truppa-huansityan,TRULY_MISSING,True,
odin-iz-otvergnutyh-izgoy-vosstanovlenie-rzhavogo-klinka,TRULY_MISSING,True,
basseyn-3,TRULY_MISSING,True,
budni-ostroumnogo-detektiva,TRULY_MISSING,True,
po-koleno,TRULY_MISSING,True,
oblivium,TRULY_MISSING,True,
ya-kanal,TRULY_MISSING,True,
prizrak-byvshey-devushki,TRULY_MISSING,True,
na-odnu-noch-3,TRULY_MISSING,True,
tot-kto-molitsya-s-toboy-2,TRULY_MISSING,True,
paranoyya-3,TRULY_MISSING,True,
ryk,TRULY_MISSING,True,
gostinica-gospozhi-broto,TRULY_MISSING,True,
ne-stoit-skuchat-po-rayu-3,TRULY_MISSING,True,
carstvo-treh-cvetov,TRULY_MISSING,True,
ya-dumal-ty-doma,TRULY_MISSING,True,
kursant,TRULY_MISSING,True,
uzel-smerti,TRULY_MISSING,True,
odnazhdy-v-kalkutte,TRULY_MISSING,True,
zhilec-4,TRULY_MISSING,True,
privet-charli,TRULY_MISSING,True,
osadnoe-polozhenie-napadenie-na-hram,TRULY_MISSING,True,
shah,TRULY_MISSING,True,
sonam-gupta-obmanschica,TRULY_MISSING,True,
umay-sennaay,TRULY_MISSING,True,
bezdelnik-2,TRULY_MISSING,True,
karnan,TRULY_MISSING,True,
odin-iz-milliona-3,TRULY_MISSING,True,
plan-b-3,TRULY_MISSING,True,
samyy-zavidnyy-zhenih,TRULY_MISSING,True,
grabezh-sred-bela-dnya,TRULY_MISSING,True,
tana-sadar,TRULY_MISSING,True,
pustye-hlopoty-2,TRULY_MISSING,True,
igra-v-lilu,TRULY_MISSING,True,
smotriny,TRULY_MISSING,True,
fabrika-prestupleniy,TRULY_MISSING,True,
slony-moi-druzya,TRULY_MISSING,True,
sherbet,TRULY_MISSING,True,
ulichnyy-huligan,TRULY_MISSING,True,
chudo-5,TRULY_MISSING,True,
zaschitnik-7,TRULY_MISSING,True,
pravda-vsegda-pobezhdaet-2,TRULY_MISSING,True,
ne-uhodi-2,TRULY_MISSING,True,
ne-segodnya-2,TRULY_MISSING,True,
paani-ch-madhani,TRULY_MISSING,True,
konserzh-univermaga-arktika,TRULY_MISSING,True,
oh-uzh-etot-bruno,TRULY_MISSING,True,
skazaniya-o-demonah-i-bogah-9,TRULY_MISSING,True,
sumasshedshee-serdce-3,TRULY_MISSING,True,
shvedanutaya-semeyka,TRULY_MISSING,True,
kruglaya-planeta,TRULY_MISSING,True,
igra-vliyaniya,TRULY_MISSING,True,
and2-and2,TRULY_MISSING,True,
muka,TRULY_MISSING,True,
oshibka-4,TRULY_MISSING,True,
salon-zahra,TRULY_MISSING,True,
gravion-2,TRULY_MISSING,True,
hellouin-medei-2,TRULY_MISSING,True,
gravion,TRULY_MISSING,True,
soobschestvo-palermo,TRULY_MISSING,True,
horoshenkoe-lekarstvo-voshititelnaya-vecherinka-film,TRULY_MISSING,True,
chudesnoe-horoshenkoe-lekarstvo-film,TRULY_MISSING,True,
nevezuchaya-vedma-doremi-trogatelnyy-teatr,TRULY_MISSING,True,
esche-bolee-nevezuchaya-vedma-doremi,TRULY_MISSING,True,
nevezuchaya-vedma-doremi-sekret,TRULY_MISSING,True,
nevezuchaya-vedma-doremi-babah,TRULY_MISSING,True,
lyudi-i-bogi,TRULY_MISSING,True,
tusovka,TRULY_MISSING,True,
esli-ya-seychas-zakroyu-glaza,TRULY_MISSING,True,
karlo-i-malik,TRULY_MISSING,True,
beglyanka-4,TRULY_MISSING,True,
pochti-schastliv,TRULY_MISSING,True,
mariya-magdalena,TRULY_MISSING,True,
vozderzhanie-2,TRULY_MISSING,True,
mezhdu-dvuh-mirov,TRULY_MISSING,True,
druzhba,TRULY_MISSING,True,
illyuziya-2-2,TRULY_MISSING,True,
voyna-zyatev,TRULY_MISSING,True,
statya-420,TRULY_MISSING,True,
korolevskaya-semya,TRULY_MISSING,True,
vse-personazhi-vymyshleny,TRULY_MISSING,True,
kade-haan-kade-naa,TRULY_MISSING,True,
trip,TRULY_MISSING,True,
akanda,TRULY_MISSING,True,
ubiystvo-na-tisri-manzil-302,TRULY_MISSING,True,
oshibka-5,TRULY_MISSING,True,
otbrosy-2,TRULY_MISSING,True,
fabrika-2,TRULY_MISSING,True,
shyam-singha-roy,TRULY_MISSING,True,
ram-asur,TRULY_MISSING,True,
lvica-2,TRULY_MISSING,True,
psih-2,TRULY_MISSING,True,
schastlivyy-brak-3,TRULY_MISSING,True,
radzha-vikramarka,TRULY_MISSING,True,
eakam,TRULY_MISSING,True,
chetvertaya-suschnost,TRULY_MISSING,True,
vrag-4,TRULY_MISSING,True,
mest-7,TRULY_MISSING,True,
krovnaya-mest-2,TRULY_MISSING,True,
lyubovnye-trudnosti,TRULY_MISSING,True,
tak-dzhagadish,TRULY_MISSING,True,
sokrovischa-nacii,TRULY_MISSING,True,
prekrasnaya-vozlyublennaya,TRULY_MISSING,True,
tolko-ty-4,TRULY_MISSING,True,
keshu-v-dome-hozyain,TRULY_MISSING,True,
zvezda-2,TRULY_MISSING,True,
boni,TRULY_MISSING,True,
zvezdnyy-zyat,TRULY_MISSING,True,
izgnanniki-2,TRULY_MISSING,True,
barah-o-barahe,TRULY_MISSING,True,
vysoty,TRULY_MISSING,True,
boykot,TRULY_MISSING,True,
naksalbari,TRULY_MISSING,True,
ritm-rozhdestva,TRULY_MISSING,True,
nevezuchaya-vedma-doremi-diez,TRULY_MISSING,True,
vselennaya-gridmena,TRULY_MISSING,True,
socialnaya-distanciya,TRULY_MISSING,True,
ulica-vseh-svyatyh-4,TRULY_MISSING,True,
ulica-vseh-svyatyh-3,TRULY_MISSING,True,
klub-stalkerov,TRULY_MISSING,True,
raktanchal,TRULY_MISSING,True,
poyuschiy-princ-realnaya-lyubov-korolevstvo,TRULY_MISSING,True,
pobeg-6,TRULY_MISSING,True,
posledniy-agent-ubn,TRULY_MISSING,True,
denki-urasimasakatasen-shkolnaya-pora,TRULY_MISSING,True,
parallel,TRULY_MISSING,True,
policeyskiy-otchet-2-0,TRULY_MISSING,True,
devushki-kaydzyu-kuro,TRULY_MISSING,True,
devushki-kaydzyu-2,TRULY_MISSING,True,
tysyacha-klykov,TRULY_MISSING,True,
ukroschenie-drakona,TRULY_MISSING,True,
advokat-3,TRULY_MISSING,True,
pulya-pulya,TRULY_MISSING,True,
v-konce-koncov,TRULY_MISSING,True,
rebenok-pastora,TRULY_MISSING,True,
bezopasnyy-dom,TRULY_MISSING,True,
rayder,TRULY_MISSING,True,
ekannoborti,TRULY_MISSING,True,
kamli,TRULY_MISSING,True,
nerasskazannye-istorii,TRULY_MISSING,True,
sanni,TRULY_MISSING,True,
dzhamun,TRULY_MISSING,True,
aana,TRULY_MISSING,True,
girdari-lal,TRULY_MISSING,True,
maharadzha-hobuchandra-i-ministr-gobuchandra,TRULY_MISSING,True,
doroga-bimana,TRULY_MISSING,True,
myau,TRULY_MISSING,True,
bumika,TRULY_MISSING,True,
tedzha-pendzhab,TRULY_MISSING,True,
skitayuschiesya,TRULY_MISSING,True,
moshenniki-4,TRULY_MISSING,True,
pora-tancevat,TRULY_MISSING,True,
sny,TRULY_MISSING,True,
uragan-5,TRULY_MISSING,True,
statya-376,TRULY_MISSING,True,
smertelnyy-podkast,TRULY_MISSING,True,
malchik-v-domike-i-chudovische-zhivshee-po-sosedstvu,TRULY_MISSING,True,
golubaya-lisa,TRULY_MISSING,True,
posledniy-zaezd,TRULY_MISSING,True,
luchshiy-chelovek,TRULY_MISSING,True,
poslednyaya-gonka-2,TRULY_MISSING,True,
eksperiment-uidzhi,TRULY_MISSING,True,
nezvanye-gosti-na-rozhdestvo,TRULY_MISSING,True,
nasledie-2,TRULY_MISSING,True,
anti-hitch,TRULY_MISSING,True,
uboynaya-vecherinka,TRULY_MISSING,True,
horus,TRULY_MISSING,True,
duh-rozhdestva,TRULY_MISSING,True,
strashno-do-drozhi,TRULY_MISSING,True,
1-800-hot-nayt,TRULY_MISSING,True,
suicid-dlya-chaynikov,TRULY_MISSING,True,
pia-piano,TRULY_MISSING,True,
pokoy-v-doline,TRULY_MISSING,True,
staya-6,TRULY_MISSING,True,
opasnost-v-dome,TRULY_MISSING,True,
prazdnichnyy-piruet,TRULY_MISSING,True,
oblachnyy-smeh-gayden-3,TRULY_MISSING,True,
operaciya-tihiy-okean,TRULY_MISSING,True,
moy-lyubimyy-dyavol,TRULY_MISSING,True,
proval,TRULY_MISSING,True,
gorod-vtoryh-shansov,TRULY_MISSING,True,
maykl-dzhekson-v-poiskah-neverlenda,TRULY_MISSING,True,
gubka-bob-dokumentalnye-shtany,TRULY_MISSING,True,
horoshiy-policeyskiy,TRULY_MISSING,True,
chernye-dengi,TRULY_MISSING,True,
ya-sam,TRULY_MISSING,True,
afera-po-semeynomu,TRULY_MISSING,True,
vtoroy-akt-lyubvi,TRULY_MISSING,True,
krimeri,TRULY_MISSING,True,
dozhit-do-rassveta-2,TRULY_MISSING,True,
vasha-chest,TRULY_MISSING,True,
vy-mozhete-ih-znat,TRULY_MISSING,True,
luchshie-detektivy,TRULY_MISSING,True,
istorii-iz-yaschika-pandory-glava-pervaya,TRULY_MISSING,True,
med-2,TRULY_MISSING,True,
usnuvshiy-gorod,TRULY_MISSING,True,
voditel-ubiyca,TRULY_MISSING,True,
veselaya-mama,TRULY_MISSING,True,
zabludshie-2,TRULY_MISSING,True,
dalnoboyschik-2,TRULY_MISSING,True,
rasskaz-idy,TRULY_MISSING,True,
samoprovozglashennaya-verhushka,TRULY_MISSING,True,
meduza-delyuks,TRULY_MISSING,True,
my-ne-odni,TRULY_MISSING,True,
bratya-s-malty,TRULY_MISSING,True,
dilan-i-zoi,TRULY_MISSING,True,
rozhdestvo-v-stile-kantri-2,TRULY_MISSING,True,
vyhodnye-v-otryve,TRULY_MISSING,True,
kniga-dyavola,TRULY_MISSING,True,
tron-3,TRULY_MISSING,True,
opasnye-dzhentelmeny,TRULY_MISSING,True,
flyuger,TRULY_MISSING,True,
neubivaemyy-shpion,TRULY_MISSING,True,
yanvar,TRULY_MISSING,True,
zhestokoe-leto-2-prodolzhenie,TRULY_MISSING,True,
abonent,TRULY_MISSING,True,
v-glub-parka,TRULY_MISSING,True,
pechat-zhelaniya,TRULY_MISSING,True,
nadezhda-zhiva,TRULY_MISSING,True,
morhaus-roud,TRULY_MISSING,True,
priglashenie-3,TRULY_MISSING,True,
rozhdestvenskaya-istoriya-3,TRULY_MISSING,True,
yang-dzhi,TRULY_MISSING,True,
v-konce-puti,TRULY_MISSING,True,
strahovka,TRULY_MISSING,True,
vtoraya-mirovaya-voyna-v-cifrah,TRULY_MISSING,True,
rozhdestvenskaya-putanica,TRULY_MISSING,True,
gde-ty-brat,TRULY_MISSING,True,
mama-lodka-i-rebenok,TRULY_MISSING,True,
udacha-ne-prihodit-odna,TRULY_MISSING,True,
holli-i-goryachiy-shokolad,TRULY_MISSING,True,
hirurg,TRULY_MISSING,True,
dzhango,TRULY_MISSING,True,
kaydzyu-nomer-vosem-film,TRULY_MISSING,True,
yami-shibai-yaponskie-rasskazy-o-privideniyah-15,TRULY_MISSING,True,
rassmeshi-menya,TRULY_MISSING,True,
cvetochnaya-kukla-pereosmyslenie-cveteniya,TRULY_MISSING,True,
nas-bylo-shestero,TRULY_MISSING,True,
risuya-tushyu-na-vode,TRULY_MISSING,True,
ubiyca-5,TRULY_MISSING,True,
durnaya-trava,TRULY_MISSING,True,
lyublyu-tebya-do-neba,TRULY_MISSING,True,
chetvertaya-stena-2,TRULY_MISSING,True,
na-hren-mickevicha,TRULY_MISSING,True,
bliznec-2,TRULY_MISSING,True,
zombi-4-rassvet-vampirov,TRULY_MISSING,True,
prostite-nas-vseh,TRULY_MISSING,True,
preimuschestvo-pri-rozhdenii-2,TRULY_MISSING,True,
boevoy-kontinent-put-mecha-chen-sinya,TRULY_MISSING,True,
vestsayd,TRULY_MISSING,True,
devushki-serfingistki-gavayi,TRULY_MISSING,True,
privet-zhizn,TRULY_MISSING,True,
nikto-ne-bezgreshen,TRULY_MISSING,True,
otryad-spaseniya,TRULY_MISSING,True,
reznya-v-lagere,TRULY_MISSING,True,
skazki-iz-drugogo-mira,TRULY_MISSING,True,
olen-oboroten,TRULY_MISSING,True,
mamenkin-synok-3,TRULY_MISSING,True,
pamyat-2,TRULY_MISSING,True,
desyat-dverey,TRULY_MISSING,True,
pohoronschiki,TRULY_MISSING,True,
zhertvennaya-zona-aktivist,TRULY_MISSING,True,
velikoe-probuzhdenie-2,TRULY_MISSING,True,
borba,TRULY_MISSING,True,
9-y-shag,TRULY_MISSING,True,
etot-dom,TRULY_MISSING,True,
voda-2,TRULY_MISSING,True,
odna-vo-tme,TRULY_MISSING,True,
ya-pristrelyu-etogo-petuha,TRULY_MISSING,True,
malchishnik-3,TRULY_MISSING,True,
reka-mira,TRULY_MISSING,True,
hokan-brokan,TRULY_MISSING,True,
ritm-oseni,TRULY_MISSING,True,
kitayskoe-delo,TRULY_MISSING,True,
loschina-2,TRULY_MISSING,True,
ostanki-2,TRULY_MISSING,True,
anka,TRULY_MISSING,True,
opasnyy-roman-2,TRULY_MISSING,True,
noch-kokosa,TRULY_MISSING,True,
telefonnyy-grabezh,TRULY_MISSING,True,
malibu-palatka-na-troih,TRULY_MISSING,True,
rozhdestvo-po-drugomu,TRULY_MISSING,True,
sorevnovanie-star,TRULY_MISSING,True,
rozhdestvenskie-plenki,TRULY_MISSING,True,
vnizu-antologiya-uzhasa,TRULY_MISSING,True,
na-ulice-i-poblizosti,TRULY_MISSING,True,
tuzhsya,TRULY_MISSING,True,
vse-budet-otlichno,TRULY_MISSING,True,
v-drugom-meste,TRULY_MISSING,True,
chto-eto-za-semya,TRULY_MISSING,True,
bez-paniki-bez-straha,TRULY_MISSING,True,
granica-okruga-va-bank,TRULY_MISSING,True,
ya-iz-sekty-mecha,TRULY_MISSING,True,
severnyy-veter,TRULY_MISSING,True,
vzaperti-7,TRULY_MISSING,True,
bratstvo-3,TRULY_MISSING,True,
motiv-3,TRULY_MISSING,True,
i-nemnogo-volshebstva-gorod-zagadok,TRULY_MISSING,True,
napadenie-na-dvorec-chyragan,TRULY_MISSING,True,
otcy-i-deti,TRULY_MISSING,True,
fantom-ova,TRULY_MISSING,True,
stratos-4-vpered-ova-2,TRULY_MISSING,True,
skazochnyy-mushketer-krasnaya-shapochka-ova,TRULY_MISSING,True,
v-mire-dikoy-prirody,TRULY_MISSING,True,
kaydzyu-nomer-vosem-vyhodnoy-hosiny,TRULY_MISSING,True,
institut-2,TRULY_MISSING,True,
perepoloh,TRULY_MISSING,True,
ispoved-vslepuyu,TRULY_MISSING,True,
rozhdestvenskiy-vykup,TRULY_MISSING,True,
mozhzhevelnik,TRULY_MISSING,True,
arlett,TRULY_MISSING,True,
ukradennoe,TRULY_MISSING,True,
otel-renata,TRULY_MISSING,True,
nezvannyy-gost-na-rozhdestvo,TRULY_MISSING,True,
dzhessi-dzheyms-osvobozhdennyy,TRULY_MISSING,True,
oliviya-rodrigo-edu-domoy-k-tebe,TRULY_MISSING,True,
primanka-na-razvod,TRULY_MISSING,True,
proekt-barbados,TRULY_MISSING,True,
grotesk,TRULY_MISSING,True,
pervye-zvonochki,TRULY_MISSING,True,
reznya-na-vecherinke-cherlidersh,TRULY_MISSING,True,
lozhnye-namereniya,TRULY_MISSING,True,
iz-teney,TRULY_MISSING,True,
ya-idu-za-toboy,TRULY_MISSING,True,
kalev,TRULY_MISSING,True,
on-dolzhen-lyubit-rozhdestvo,TRULY_MISSING,True,
deliya-umerla,TRULY_MISSING,True,
divertisment,TRULY_MISSING,True,
dikiy-cvetok,TRULY_MISSING,True,
adskaya-kuhnya,TRULY_MISSING,True,
reznya-na-rozhdestvenskoy-yarmarke,TRULY_MISSING,True,
bezvyhodnaya-situaciya-2,TRULY_MISSING,True,
doktor-stoun-nauchnoe-buduschee-chast-2,TRULY_MISSING,True,
belaya-lozh,TRULY_MISSING,True,
mozgoprav,TRULY_MISSING,True,
za-vratami-ada,TRULY_MISSING,True,
temnye-dela,TRULY_MISSING,True,
devyatnadcataya-milya,TRULY_MISSING,True,
macheha-ubiyca,TRULY_MISSING,True,
chelovek-amfibiya,TRULY_MISSING,True,
vosmoy-punkt,TRULY_MISSING,True,
zhena-napokaz,TRULY_MISSING,True,
udarnye-volny,TRULY_MISSING,True,
razryv-3,TRULY_MISSING,True,
sultan-3,TRULY_MISSING,True,
konstans-v-adu,TRULY_MISSING,True,
eto-slishkom,TRULY_MISSING,True,
proschay-lakan,TRULY_MISSING,True,
tomas-protiv-tomasa-sensacionnaya-teoriya-o-nichtozhnosti-zhizni-v-multivselenno,TRULY_MISSING,True,
obman-v-seti,TRULY_MISSING,True,
plohoy-bokser,TRULY_MISSING,True,
leviafan-2,TRULY_MISSING,True,
fizika-ili-himiya-vossoedinenie,TRULY_MISSING,True,
v-poiskah-2,TRULY_MISSING,True,
nichya-zemlya-3,TRULY_MISSING,True,
toskana,TRULY_MISSING,True,
36-kadrov,TRULY_MISSING,True,
schitay-i-derzay,TRULY_MISSING,True,
kapsula-vremeni,TRULY_MISSING,True,
vifleemskiy-ogon,TRULY_MISSING,True,
belfon,TRULY_MISSING,True,
prelyudiya-k-strahu,TRULY_MISSING,True,
neblagopriyatnye-shansy,TRULY_MISSING,True,
ananya,TRULY_MISSING,True,
chrevo-2,TRULY_MISSING,True,
siyayuschiy-pepel,TRULY_MISSING,True,
magazin-po-sosedstvu-2,TRULY_MISSING,True,
kukla-tiffani,TRULY_MISSING,True,
semeyka-pitersonov,TRULY_MISSING,True,
territoriya,TRULY_MISSING,True,
sezon-naruchnikov,TRULY_MISSING,True,
princ-4,TRULY_MISSING,True,
dom-7,TRULY_MISSING,True,
gornye-vershiny,TRULY_MISSING,True,
beg-po-bazam,TRULY_MISSING,True,
podstava-ot-sestry,TRULY_MISSING,True,
59-minut-v-bunkere-s-prezidentom-ssha,TRULY_MISSING,True,
rozhdestvo-na-ulice-karamelnyh-trostochek,TRULY_MISSING,True,
prosto-nina,TRULY_MISSING,True,
drugaya-storona-tmy,TRULY_MISSING,True,
poslednyaya-cel,TRULY_MISSING,True,
istoriya-deniza,TRULY_MISSING,True,
ohotnik-iks,TRULY_MISSING,True,
ochertaniya-zla,TRULY_MISSING,True,
ya-prishel-pustit-krov,TRULY_MISSING,True,
d-dlya-detroyta,TRULY_MISSING,True,
pepel-i-pyl,TRULY_MISSING,True,
otdel-po-borbe-s-prestupnostyu,TRULY_MISSING,True,
muzh-despot,TRULY_MISSING,True,
vozmezdie-ranenoy-svyatoy,TRULY_MISSING,True,
perepoloh-iz-za-golubki,TRULY_MISSING,True,
zolotye-parni,TRULY_MISSING,True,
ofisnye-igry,TRULY_MISSING,True,
rozhdestvo-v-rokvelle,TRULY_MISSING,True,
vse-chto-ya-smogla,TRULY_MISSING,True,
arseno-i-synovya,TRULY_MISSING,True,
8-dney-do-ada,TRULY_MISSING,True,
presleduemyy-v-setyah-kamorry,TRULY_MISSING,True,
ubiystvennyy-dizayn,TRULY_MISSING,True,
legendarnye-bratya-net-predela-sovershenstvovaniyu,TRULY_MISSING,True,
nebesnyy-fafnir-mertvyy-agressor-po-tu-storonu,TRULY_MISSING,True,
lyubov-zla-2,TRULY_MISSING,True,
zubastiki-novyy-zagul,TRULY_MISSING,True,
zanoza-2,TRULY_MISSING,True,
krisander,TRULY_MISSING,True,
voshozhdenie-geroya-schita-4,TRULY_MISSING,True,
nichto-2,TRULY_MISSING,True,
urozhay-2,TRULY_MISSING,True,
ya-v-poryadke-my-v-poryadke,TRULY_MISSING,True,
hizhina-straha-poslednie-vyhodnye-leta,TRULY_MISSING,True,
tridcatiletie,TRULY_MISSING,True,
kripipasta-set-smerti,TRULY_MISSING,True,
gorizont-dzundy,TRULY_MISSING,True,
kroshechnye-suschestva,TRULY_MISSING,True,
terki,TRULY_MISSING,True,
kokfildy,TRULY_MISSING,True,
17-dney,TRULY_MISSING,True,
poka-svetit-solnce-2,TRULY_MISSING,True,
zombi-v-antikvarnoy-lavke,TRULY_MISSING,True,
223-uik,TRULY_MISSING,True,
volchiy-voy,TRULY_MISSING,True,
v-moey-shkure,TRULY_MISSING,True,
pochti-lyubov-s-didzheem-mohabbatom,TRULY_MISSING,True,
tenkiller,TRULY_MISSING,True,
iskatel-vetra,TRULY_MISSING,True,
voobrazharium-2,TRULY_MISSING,True,
osomacu-san-4,TRULY_MISSING,True,
pobezhdaet-tolko-hrabrost,TRULY_MISSING,True,
mest-razgoraetsya-chast-vtoraya,TRULY_MISSING,True,
zlodeyka-3,TRULY_MISSING,True,
konec-svyazi,TRULY_MISSING,True,
zamuzhnie-i-razgnevannye,TRULY_MISSING,True,
rozhdestvo-v-novom-orleane,TRULY_MISSING,True,
schastlivchik-3,TRULY_MISSING,True,
na-rolikah-v-rozhdestvo,TRULY_MISSING,True,
klass-korrekcii,TRULY_MISSING,True,
sobstvennik,TRULY_MISSING,True,
sosedey-ne-vybirayut,TRULY_MISSING,True,
den-blagodareniya-v-amitiville,TRULY_MISSING,True,
luchnik-iskender,TRULY_MISSING,True,
na-pomosch-zeynep,TRULY_MISSING,True,
istoriya-drovoseka,TRULY_MISSING,True,
dodze,TRULY_MISSING,True,
delo-o-rozhdestvenskom-brilliante,TRULY_MISSING,True,
zhizn-v-illyuzii,TRULY_MISSING,True,
chernoe-prostranstvo,TRULY_MISSING,True,
bezumnye-detki,TRULY_MISSING,True,
epicentr-covid-19,TRULY_MISSING,True,
smertelnyy-vystrel,TRULY_MISSING,True,
milost-bozhya,TRULY_MISSING,True,
omelovoe-rancho,TRULY_MISSING,True,
rozhdestvo-holideev,TRULY_MISSING,True,
seriynyy-ubiyca,TRULY_MISSING,True,
zolotoe-kantri,TRULY_MISSING,True,
nevesta-na-rozhdestvo,TRULY_MISSING,True,
vozmezdie-4,TRULY_MISSING,True,
svedennye-kukushkoy-2,TRULY_MISSING,True,
grehi-otca-2,TRULY_MISSING,True,
staya-7,TRULY_MISSING,True,
bolshoy-romantichnyy-zhest,TRULY_MISSING,True,
vkus-romashek,TRULY_MISSING,True,
24-kadra,TRULY_MISSING,True,
uvazhaemyy-gospodin,TRULY_MISSING,True,
dikie-shtuchki,TRULY_MISSING,True,
primernyy-semyanin,TRULY_MISSING,True,
temnyy-velikiy-lzhec,TRULY_MISSING,True,
u-menya-vse-esche-est-nadezhda,TRULY_MISSING,True,
belaya-zmeya-3-zhizn-na-vode,TRULY_MISSING,True,
feya-i-belyy-kit,TRULY_MISSING,True,
liza-po-pervomu-trebovaniyu,TRULY_MISSING,True,
maska-vlastitelya,TRULY_MISSING,True,
roditeli-iz-drugogo-izmereniya,TRULY_MISSING,True,
festival-filmov-dengeki-bunko-2007-otkrytie,TRULY_MISSING,True,
v-probirke,TRULY_MISSING,True,
banda-moshennic,TRULY_MISSING,True,
zakusochnaya-li-linke-2,TRULY_MISSING,True,
maska-2,TRULY_MISSING,True,
moya-podruga-kultivator,TRULY_MISSING,True,
davayte-szhigat,TRULY_MISSING,True,
u-nashego-starshego-brata-problemy-s-golovoy-3,TRULY_MISSING,True,
u-nashego-starshego-brata-problemy-s-golovoy-2,TRULY_MISSING,True,
detki,TRULY_MISSING,True,
sovremennaya-lyubov,TRULY_MISSING,True,
vse-za-ellu,TRULY_MISSING,True,
kryshesnos,TRULY_MISSING,True,
v-centre-mira,TRULY_MISSING,True,
put-k-serdcu,TRULY_MISSING,True,
horoshiy-voditel,TRULY_MISSING,True,
berdi,TRULY_MISSING,True,
novogodnyaya-noch,TRULY_MISSING,True,
port-de-vensen,TRULY_MISSING,True,
skrytoe-pod-sgibom,TRULY_MISSING,True,
somnevayuschiysya-tom,TRULY_MISSING,True,
vse-esche-na-rayone,TRULY_MISSING,True,
sobachiy-rod,TRULY_MISSING,True,
proklyatye-ne-plachut,TRULY_MISSING,True,
prekrasnyy-shum,TRULY_MISSING,True,
bolshaya-lozh-v-malenkom-gorode,TRULY_MISSING,True,
zagovor-oborotney,TRULY_MISSING,True,
skakun-rozhdestvenskaya-skazka,TRULY_MISSING,True,
vtoraya-zhena,TRULY_MISSING,True,
erzuli,TRULY_MISSING,True,
poteryannyy-gorod-2,TRULY_MISSING,True,
druzya-eto-horosho,TRULY_MISSING,True,
beglec-3,TRULY_MISSING,True,
poteryannye-2,TRULY_MISSING,True,
na-zhiznennom-puti,TRULY_MISSING,True,
dzhi-fank,TRULY_MISSING,True,
dilemma-2,TRULY_MISSING,True,
dzhim-i-endi-drugoy-mir,TRULY_MISSING,True,
snezhnaya-koroleva-2,TRULY_MISSING,True,
delta,TRULY_MISSING,True,
tokiyskie-mstiteli-podnebese,TRULY_MISSING,True,
uvidimsya-zavtra-v-restorannom-dvorike,TRULY_MISSING,True,
tomminokery-2,TRULY_MISSING,True,
muzhde,TRULY_MISSING,True,
neupravlyaemye,TRULY_MISSING,True,
i-ty-nazyvaesh-sebya-hristianinom,TRULY_MISSING,True,
utrachennoe-obeschanie,TRULY_MISSING,True,
ekspress-transformer-sinkalion-izmenit-mir,TRULY_MISSING,True,
dovolno-slozhnye-dela,TRULY_MISSING,True,
ubezhische-pokolenie-pervoe,TRULY_MISSING,True,
strazh-dyavola,TRULY_MISSING,True,
klyk,TRULY_MISSING,True,
kartochnye-boi-avangarda-svyataya-zet-delyuks-final,TRULY_MISSING,True,
zhizn-posle-tebya,TRULY_MISSING,True,
nirvana,TRULY_MISSING,True,
iddi,TRULY_MISSING,True,
na-igolkah,TRULY_MISSING,True,
voennye-mashiny,TRULY_MISSING,True,
pasport-lyubvi,TRULY_MISSING,True,
vampiryata,TRULY_MISSING,True,
puniru-milaya-sliz-2,TRULY_MISSING,True,
portret-czyanhu-reki-i-ozera,TRULY_MISSING,True,
gorod-2,TRULY_MISSING,True,
otel-dlya-nelyudey,TRULY_MISSING,True,
klassnyy-myuzikl-myuzikl,TRULY_MISSING,True,
vse-tot-zhe-nevzrachnyy-boec,TRULY_MISSING,True,
mezhkulturnyy-obmen-s-devushkoy-u-igrovyh-avtomatov,TRULY_MISSING,True,
ok-kompyuter,TRULY_MISSING,True,
gde-ty-byla,TRULY_MISSING,True,
istorii,TRULY_MISSING,True,
grezy-v-bezdne-oblakov,TRULY_MISSING,True,
dozhd-i-ty,TRULY_MISSING,True,
monolog-maomao-usj,TRULY_MISSING,True,
kraynie-mery-2,TRULY_MISSING,True,
belogo-maga-izgnannogo-iz-komandy-geroya-podobral-avantyurist-ranga-s-etot-belyy,TRULY_MISSING,True,
geroy-upavshiy-v-obmorok-i-princessy-ubiycy,TRULY_MISSING,True,
nulevoy-kilometr,TRULY_MISSING,True,
galakticheskiy-ekspress-mlechnoe-metro,TRULY_MISSING,True,
pesn-nochnyh-sov-2,TRULY_MISSING,True,
razdacha,TRULY_MISSING,True,
nepravilnoe-svidanie-vslepuyu,TRULY_MISSING,True,
novaya-nadezhda,TRULY_MISSING,True,
gora-2-2,TRULY_MISSING,True,
soblaznitelnyy-moshennik,TRULY_MISSING,True,
zakony-lyubvi,TRULY_MISSING,True,
otrebe,TRULY_MISSING,True,
prizraki-proshlogo,TRULY_MISSING,True,
pogrebennyy-voynoy,TRULY_MISSING,True,
arknayts-vosstanie-iz-pepla,TRULY_MISSING,True,
sumasshedshee-serdce-4,TRULY_MISSING,True,
1993,TRULY_MISSING,True,
tayna-delfiney-buhty,TRULY_MISSING,True,
spi-hodi-ubivay,TRULY_MISSING,True,
schastlivoy-pensii-2,TRULY_MISSING,True,
proekt-sammer,TRULY_MISSING,True,
rozhdestvo-v-rayu,TRULY_MISSING,True,
killergerc,TRULY_MISSING,True,
vse-akuly,TRULY_MISSING,True,
mumbai,TRULY_MISSING,True,
burya-4,TRULY_MISSING,True,
ograblenie-4,TRULY_MISSING,True,
teper-moya-ochered,TRULY_MISSING,True,
kogda-ya-smotryu-na-nee,TRULY_MISSING,True,
istrebitelnica-prishelcev,TRULY_MISSING,True,
tayna-zorillo,TRULY_MISSING,True,
tulsidas-mladshiy,TRULY_MISSING,True,
krutye-parni,TRULY_MISSING,True,
mister-vinner,TRULY_MISSING,True,
hrupkost-2,TRULY_MISSING,True,
poteryannaya-devushka,TRULY_MISSING,True,
istorii-sredney-shkoly-middltona,TRULY_MISSING,True,
otbelivatel,TRULY_MISSING,True,
bez-sleda,TRULY_MISSING,True,
rozhdestvenskoe-zhelanie-2,TRULY_MISSING,True,
osobye-igrushki,TRULY_MISSING,True,
suhaya-voda,TRULY_MISSING,True,
nasha-rozhdestvenskaya-istoriya-lyubvi,TRULY_MISSING,True,
lyubov-neschaste-i-devushka-got,TRULY_MISSING,True,
kusochek-neba,TRULY_MISSING,True,
on-nablyudaet,TRULY_MISSING,True,
rozhdestvo-u-uesli,TRULY_MISSING,True,
egipet-s-vysoty-ptichego-poleta,TRULY_MISSING,True,
beglecy-7,TRULY_MISSING,True,
serebro-i-zoloto,TRULY_MISSING,True,
kaydzyu-nomer-vosem-2,TRULY_MISSING,True,
internacionalisty,TRULY_MISSING,True,
volki-voyny,TRULY_MISSING,True,
ozero-leyvon,TRULY_MISSING,True,
stolknovenie-5,TRULY_MISSING,True,
eto-mesto,TRULY_MISSING,True,
posobie-dlya-odinochek,TRULY_MISSING,True,
inoplanetnaya-boginya,TRULY_MISSING,True,
vnezapnaya-strast,TRULY_MISSING,True,
kostyum-na-rozhdestvo,TRULY_MISSING,True,
gibel,TRULY_MISSING,True,
gollivudskie-nadezhdy,TRULY_MISSING,True,
kosti-voronov,TRULY_MISSING,True,
teleuzhasy-sleduyuschaya-volna,TRULY_MISSING,True,
utopaya-v-sekretah,TRULY_MISSING,True,
gnev-snaypera-gadyuki,TRULY_MISSING,True,
neprikayannyy,TRULY_MISSING,True,
zateryannye,TRULY_MISSING,True,
severnoe-nebo-nad-pustotoy,TRULY_MISSING,True,
huligan-3,TRULY_MISSING,True,
zarrar,TRULY_MISSING,True,
chernyy-kloun,TRULY_MISSING,True,
svidetelstvo-zla,TRULY_MISSING,True,
stroyaschiysya-gorod-kamicubaki,TRULY_MISSING,True,
ubezhische-10,TRULY_MISSING,True,
kozha-v-ogne,TRULY_MISSING,True,
ne-celuy-menya-mister-dyavol,TRULY_MISSING,True,
chernye-i-sinie-slezy,TRULY_MISSING,True,
lokdaun,TRULY_MISSING,True,
shosse-905,TRULY_MISSING,True,
maestro-2,TRULY_MISSING,True,
tabletki,TRULY_MISSING,True,
strashnye-istorii-ot-ono-togo-stoit,TRULY_MISSING,True,
muoy-vozvraschenie-proklyatya,TRULY_MISSING,True,
spasibo-tebe,TRULY_MISSING,True,
rozhdestvo-v-supermarkete,TRULY_MISSING,True,
pshenichnoe-zerno,TRULY_MISSING,True,
zagadki-maunt-haydevey-byvshie-i-nepriyatnosti,TRULY_MISSING,True,
ubey-ee,TRULY_MISSING,True,
shosse-10,TRULY_MISSING,True,
otcovskiy-haos,TRULY_MISSING,True,
doch-3,TRULY_MISSING,True,
puteshestvennica,TRULY_MISSING,True,
zelenaya-planeta,TRULY_MISSING,True,
sudbanosnaya-vstrecha,TRULY_MISSING,True,
blef-3,TRULY_MISSING,True,
doktor-dzhekill,TRULY_MISSING,True,
dobro-pozhalovat-v-deshevyy-restoran-izgnannika,TRULY_MISSING,True,
amerika-istoriya-o-nas,TRULY_MISSING,True,
takdir,TRULY_MISSING,True,
vunderkindy-2,TRULY_MISSING,True,
steny-nablyudayut,TRULY_MISSING,True,
bronks-siu,TRULY_MISSING,True,
otpusk-v-bretani,TRULY_MISSING,True,
voznesshiysya-nad-nebesami,TRULY_MISSING,True,
uspeh-2,TRULY_MISSING,True,
yunyy-lev,TRULY_MISSING,True,
dose-vedmy,TRULY_MISSING,True,
plohoy-akter,TRULY_MISSING,True,
zapretnyy-gorod-2,TRULY_MISSING,True,
smert-belosnezhki,TRULY_MISSING,True,
proekt-kapsul-2,TRULY_MISSING,True,
horoshaya-igra,TRULY_MISSING,True,
proekt-kapsul,TRULY_MISSING,True,
stat-silnee-novaya-saga,TRULY_MISSING,True,
igra-v-piramidu,TRULY_MISSING,True,
cikl-ommedzi-pererozhdenie,TRULY_MISSING,True,
strashilki,TRULY_MISSING,True,
vitaya-para,TRULY_MISSING,True,
ya-lyublyu-svoego-bossa-hot-on-i-psih,TRULY_MISSING,True,
mozg-tayny-soznaniya,TRULY_MISSING,True,
posledniy-chas,TRULY_MISSING,True,
shest-dney-do-smerti,TRULY_MISSING,True,
reznya-u-femur-krik,TRULY_MISSING,True,
vcherashniy-guakamole,TRULY_MISSING,True,
ne-govorite-larri,TRULY_MISSING,True,
zvezdnaya-vysota,TRULY_MISSING,True,
medsestra-2,TRULY_MISSING,True,
avrora,TRULY_MISSING,True,
otkrovennost,TRULY_MISSING,True,
tur-de-frans-v-serdce-pelotona,TRULY_MISSING,True,
nevernyy-2,TRULY_MISSING,True,
vtoraya-poezdka,TRULY_MISSING,True,
rozhdestvenskaya-voznya,TRULY_MISSING,True,
yarkiy-ogonek,TRULY_MISSING,True,
pozharnaya-sluzhba-takomy,TRULY_MISSING,True,
luchshe-ne-byvaet-2,TRULY_MISSING,True,
legenda-o-houze,TRULY_MISSING,True,
prototip,TRULY_MISSING,True,
mat-nastoyatelnica,TRULY_MISSING,True,
evangelie-ot-teda,TRULY_MISSING,True,
bannyy-put,TRULY_MISSING,True,
furgonschiki,TRULY_MISSING,True,
zabluzhdenie,TRULY_MISSING,True,
planirovanie-schastya,TRULY_MISSING,True,
vernis-ko-mne-3,TRULY_MISSING,True,
reznya-na-ferme-soyerov,TRULY_MISSING,True,
hizhina-kannibala,TRULY_MISSING,True,
zhizn-lotty-2,TRULY_MISSING,True,
bask,TRULY_MISSING,True,
princessa-3,TRULY_MISSING,True,
istyazanie,TRULY_MISSING,True,
posledniy-boec,TRULY_MISSING,True,
bossy,TRULY_MISSING,True,
doroga-v-galenu,TRULY_MISSING,True,
musornyy-sok,TRULY_MISSING,True,
pamyat-3,TRULY_MISSING,True,
chertovka-ksanadu,TRULY_MISSING,True,
monrealskie-devochki,TRULY_MISSING,True,
ya-otlichno-provedu-vremya,TRULY_MISSING,True,
raskol-3,TRULY_MISSING,True,
alemao-2,TRULY_MISSING,True,
devushka-na-chas-4,TRULY_MISSING,True,
mandeyn,TRULY_MISSING,True,
zadira,TRULY_MISSING,True,
recept-lyubvi-2,TRULY_MISSING,True,
platforma,TRULY_MISSING,True,
vnutri-4,TRULY_MISSING,True,
chernye-skaly,TRULY_MISSING,True,
polusladkoe,TRULY_MISSING,True,
tayny-amishey-iz-shugar-krika-net-huda-bez-dobra,TRULY_MISSING,True,
ot-rodzhera-mura-s-lyubovyu,TRULY_MISSING,True,
alif,TRULY_MISSING,True,
pisma-ot-mayka,TRULY_MISSING,True,
cveta-antarkticheskih-pingvinov,TRULY_MISSING,True,
moya-dorogaya-ledi,TRULY_MISSING,True,
darknet,TRULY_MISSING,True,
letniy-dozhd-2,TRULY_MISSING,True,
igra-s-ognem-3,TRULY_MISSING,True,
novaya-nevesta,TRULY_MISSING,True,
odin-protiv-vseh,TRULY_MISSING,True,
tayny-garazhnoy-rasprodazhi-ubiystvo-pod-maskoy,TRULY_MISSING,True,
ten-zhutkie-istorii-ot-raskina-bonda,TRULY_MISSING,True,
dzhamilya-i-aladdin,TRULY_MISSING,True,
temnyy-demon-mini-anime,TRULY_MISSING,True,
idealnoe-prestuplenie-moriarti,TRULY_MISSING,True,
mlechnoe-shosse,TRULY_MISSING,True,
6-nog-na-zemle,TRULY_MISSING,True,
zybkaya-pochva,TRULY_MISSING,True,
boevye-hroniki-vetra-i-plameni,TRULY_MISSING,True,
irlandec-i-konfetka,TRULY_MISSING,True,
vse-o-lyubvi-2,TRULY_MISSING,True,
remi-i-arletta,TRULY_MISSING,True,
tim-trevers-i-paradoks-puteshestvennika-vo-vremeni,TRULY_MISSING,True,
osazhdennye-meksika,TRULY_MISSING,True,
poslednie-zhiteli-alyaski,TRULY_MISSING,True,
narkobarony,TRULY_MISSING,True,
pervorodnyy-greh-takopi,TRULY_MISSING,True,
razoblachenie-borata,TRULY_MISSING,True,
kontinental,TRULY_MISSING,True,
drakon-vozvraschenie-voina,TRULY_MISSING,True,
poldnya,TRULY_MISSING,True,
borba-za-zhizn,TRULY_MISSING,True,
nah-r-vas-vseh-istoriya-uve-bolla,TRULY_MISSING,True,
latasha-harlins,TRULY_MISSING,True,
sestra-polnoch,TRULY_MISSING,True,
dvoynaya-zhizn-2,TRULY_MISSING,True,
otmotat-nazad,TRULY_MISSING,True,
pasport,TRULY_MISSING,True,
zhutkiy-2,TRULY_MISSING,True,
prevratnosti-sudby,TRULY_MISSING,True,
blyuz-golodnogo-psa,TRULY_MISSING,True,
razrushennaya-cerkov,TRULY_MISSING,True,
natochennyy-topor-5-krovnaya-mest,TRULY_MISSING,True,
mudrost,TRULY_MISSING,True,
leto,TRULY_MISSING,True,
ashhal,TRULY_MISSING,True,
kryshka-ot-banki,TRULY_MISSING,True,
kak-vo-sne,TRULY_MISSING,True,
intervenciya-2,TRULY_MISSING,True,
noch-mertvyh,TRULY_MISSING,True,
kupanie-dzhuletty,TRULY_MISSING,True,
dostavschik,TRULY_MISSING,True,
plyvuschie-po-techeniyu,TRULY_MISSING,True,
don,TRULY_MISSING,True,
chest-sredi-vorov,TRULY_MISSING,True,
komu-ty-nuzhen,TRULY_MISSING,True,
tri-tigra-film-dzhekpot,TRULY_MISSING,True,
pustoy-vzglyad,TRULY_MISSING,True,
chernaya-bezdna-smert-v-pryamom-efire,TRULY_MISSING,True,
nozh-luchshiy-drug-devushki,TRULY_MISSING,True,
ya-zhiv,TRULY_MISSING,True,
tam-est-prizraki,TRULY_MISSING,True,
voobrazhaemyy-drug,TRULY_MISSING,True,
proklyatie-shaltaya-boltaya-2,TRULY_MISSING,True,
rasplata-12,TRULY_MISSING,True,
tyurma-3,TRULY_MISSING,True,
vnebrachnyy-koshmar,TRULY_MISSING,True,
vremennoe-podozrenie,TRULY_MISSING,True,
bez-techeniya,TRULY_MISSING,True,
petra-iz-san-hose,TRULY_MISSING,True,
vina-3,TRULY_MISSING,True,
lozhnye-predlogi,TRULY_MISSING,True,
zhenschina-koyot,TRULY_MISSING,True,
neizvedannoe,TRULY_MISSING,True,
ubiycy-barbi-i-ken-utrachennye-zapisi-ubiystv,TRULY_MISSING,True,
temnoe-serdce,TRULY_MISSING,True,
vayld-pak,TRULY_MISSING,True,
vlad,TRULY_MISSING,True,
ohotnik-za-privideniyami,TRULY_MISSING,True,
tarakan,TRULY_MISSING,True,
nasledstvo,TRULY_MISSING,True,
nichto-ne-sluchayno,TRULY_MISSING,True,
lyubopytstvo-ubivaet,TRULY_MISSING,True,
pepe-kaseres,TRULY_MISSING,True,
fletvuds,TRULY_MISSING,True,
shpionazh-2,TRULY_MISSING,True,
svidanie-s-dileni,TRULY_MISSING,True,
simvol-predatelstva,TRULY_MISSING,True,
dnevnik-shpionki,TRULY_MISSING,True,
proshloe,TRULY_MISSING,True,
rozhdestvo-v-otkrytom-kinoteatre,TRULY_MISSING,True,
zarabotay,TRULY_MISSING,True,
prodavcy-epohi-chudes,TRULY_MISSING,True,
golova-na-tarelke,TRULY_MISSING,True,
slivki-obschestva,TRULY_MISSING,True,
totem,TRULY_MISSING,True,
ledi-3,TRULY_MISSING,True,
chetyre-sestry,TRULY_MISSING,True,
noch-pered-rozhdestvom-kirka-franklina,TRULY_MISSING,True,
dobro-pozhalovat-v-niderlandy-3,TRULY_MISSING,True,
narodnyy-dzhoker,TRULY_MISSING,True,
kambodzha,TRULY_MISSING,True,
lyuter-2,TRULY_MISSING,True,
reznya,TRULY_MISSING,True,
malenkiy-angelochek,TRULY_MISSING,True,
ukradennoe-lico,TRULY_MISSING,True,
paren-sozdaet-devushku,TRULY_MISSING,True,
ya-di-bi-kuper,TRULY_MISSING,True,
rozhdestvenskiy-marafon,TRULY_MISSING,True,
nemyslimo-horoshie-veschi,TRULY_MISSING,True,
taynoe-obschestvo-2-vsegda-malo,TRULY_MISSING,True,
operaciya-naciya,TRULY_MISSING,True,
koshmarnyy-trener-po-plavaniyu,TRULY_MISSING,True,
padenie-alehandry,TRULY_MISSING,True,
my-byli-tmoy,TRULY_MISSING,True,
brachnaya-igra,TRULY_MISSING,True,
letopis-opustoshennogo-boga-gora-linlun,TRULY_MISSING,True,
idealnye-neznakomcy-3,TRULY_MISSING,True,
elvis-presli-iskatel,TRULY_MISSING,True,
vesele-i-razocharovanie-2,TRULY_MISSING,True,
ceni-kazhdyy-den,TRULY_MISSING,True,
pervaya-noell,TRULY_MISSING,True,
serdce-na-ladoni,TRULY_MISSING,True,
pogranichnaya-pantera,TRULY_MISSING,True,
universalnaya-sovremennaya-devushka-koshka,TRULY_MISSING,True,
moy-sosed-ne-mozhet-spat,TRULY_MISSING,True,
nezhdannyy-angel,TRULY_MISSING,True,
klinton-roud,TRULY_MISSING,True,
pit-stop,TRULY_MISSING,True,
ptashka,TRULY_MISSING,True,
miks-istoriya-meysey-2,TRULY_MISSING,True,
skazka-o-saharnom-yabloke-chast-2,TRULY_MISSING,True,
lihaya-basketbolnaya-komanda-kodzu,TRULY_MISSING,True,
luiz-violet,TRULY_MISSING,True,
povelitel-tmy-na-podrabotke-2,TRULY_MISSING,True,
snova-lyubov-i-hina,TRULY_MISSING,True,
volshebnyy-uchitel-negima-final,TRULY_MISSING,True,
puteshestvie-po-tvoey-pamyati,TRULY_MISSING,True,
haker,TRULY_MISSING,True,
ballada-o-voronah,TRULY_MISSING,True,
honekker-i-pastor,TRULY_MISSING,True,
vor,TRULY_MISSING,True,
bigfut-monstr-vnutri,TRULY_MISSING,True,
devushki-snova-idut-v-armiyu,TRULY_MISSING,True,
sotrudniki-ekstrennyh-sluzhb,TRULY_MISSING,True,
gordyy-brilliant,TRULY_MISSING,True,
begi-5,TRULY_MISSING,True,
shokfayt,TRULY_MISSING,True,
ya-vyshla-zamuzh-za-idiota,TRULY_MISSING,True,
skazaniya-o-blizkoy-smerti,TRULY_MISSING,True,
kontrol-3,TRULY_MISSING,True,
posledniy-retrogradnyy-den,TRULY_MISSING,True,
reyven,TRULY_MISSING,True,
ugolnye-nebesa,TRULY_MISSING,True,
strannik-2,TRULY_MISSING,True,
edem-v-noch,TRULY_MISSING,True,
basseyn-4,TRULY_MISSING,True,
da-zdravstvuet-verhovnyy-pravitel,TRULY_MISSING,True,
bratishka-2,TRULY_MISSING,True,
vo-mgle,TRULY_MISSING,True,
kodeks-2,TRULY_MISSING,True,
prizrachnye-ogni,TRULY_MISSING,True,
ovcharka-roy,TRULY_MISSING,True,
neprilichnyy-seksualnyy-svyatoy,TRULY_MISSING,True,
lyubov-v-vulf-krik,TRULY_MISSING,True,
tekila-sanrayz,TRULY_MISSING,True,
svyazannyy-dolgom,TRULY_MISSING,True,
malenkaya-chernaya-knizhka,TRULY_MISSING,True,
zateryannye-v-terra-izmerenii,TRULY_MISSING,True,
vezet-tebe,TRULY_MISSING,True,
takaya-kakaya-est,TRULY_MISSING,True,
pticekalipsis-3-morskoy-orel,TRULY_MISSING,True,
malyshka-upsi-kukly-ubiycy,TRULY_MISSING,True,
otsutstvie-nevinovnosti,TRULY_MISSING,True,
vne-zakona-6,TRULY_MISSING,True,
senor-avila,TRULY_MISSING,True,
pevica,TRULY_MISSING,True,
parochka,TRULY_MISSING,True,
bez-svyazi-3,TRULY_MISSING,True,
instinkt-3,TRULY_MISSING,True,
geym-set-lyubov,TRULY_MISSING,True,
tolko-radi-lyubvi,TRULY_MISSING,True,
mariya-3,TRULY_MISSING,True,
rozhdestvenskiy-spisok-2,TRULY_MISSING,True,
brestfordskie-zheny,TRULY_MISSING,True,
lyupen-iii-vozvraschenie-volshebnika,TRULY_MISSING,True,
pomni-o-lyubvi,TRULY_MISSING,True,
shpiony-na-vsyu-golovu,TRULY_MISSING,True,
semeynoe-schaste,TRULY_MISSING,True,
ayshild-21-illyuzornyy-zolotoy-kubok,TRULY_MISSING,True,
blokada,TRULY_MISSING,True,
prekrasnaya-2,TRULY_MISSING,True,
besshabashnyy-otryad-3,TRULY_MISSING,True,
kontinent,TRULY_MISSING,True,
ist-bey,TRULY_MISSING,True,
park-dushi,TRULY_MISSING,True,
den-posle-hellouina,TRULY_MISSING,True,
glavnyy-bratan-fadil-3,TRULY_MISSING,True,
rozovaya-luna,TRULY_MISSING,True,
nevesta-v-krasnom,TRULY_MISSING,True,
temnye-istorii,TRULY_MISSING,True,
ya-gody-ty-zvezda,TRULY_MISSING,True,
bikram-yog-guru-hischnik,TRULY_MISSING,True,
styd-ispaniya,TRULY_MISSING,True,
digman,TRULY_MISSING,True,
fantomy-2,TRULY_MISSING,True,
zhizn-dolzhna-prodolzhatsya,TRULY_MISSING,True,
ne-zabyta,TRULY_MISSING,True,
taynaya-ceremoniya,TRULY_MISSING,True,
vse-drakony,TRULY_MISSING,True,
izbavlenie,TRULY_MISSING,True,
ne-prelyubodeystvuy-i-ne-kradi,TRULY_MISSING,True,
ohotniki-za-golovami-5,TRULY_MISSING,True,
vzlety-i-padeniya-otbrosy-x,TRULY_MISSING,True,
gandam-protiv-kitti,TRULY_MISSING,True,
rozhdestvo-karen,TRULY_MISSING,True,
distanciya,TRULY_MISSING,True,
lyubov-ryadom,TRULY_MISSING,True,
ya-v-poryadke,TRULY_MISSING,True,
tupik-7,TRULY_MISSING,True,
perehodnyy-process,TRULY_MISSING,True,
isklyuchitelnye-sozdaniya,TRULY_MISSING,True,
zhutkaya-korobka,TRULY_MISSING,True,
nikakoy-poschady,TRULY_MISSING,True,
prizvannye-dolgom,TRULY_MISSING,True,
megalodon-bezumie,TRULY_MISSING,True,
greyspoint,TRULY_MISSING,True,
v-gore-i-v-radosti,TRULY_MISSING,True,
meksikanskiy-gangster-2-otmschenie,TRULY_MISSING,True,
pizhamnaya-vecherinka,TRULY_MISSING,True,
nechto-za-dveryu,TRULY_MISSING,True,
leto-90-h,TRULY_MISSING,True,
mayya,TRULY_MISSING,True,
tehasskiy-gorod-smerti,TRULY_MISSING,True,
hammarsheld,TRULY_MISSING,True,
uzhas-v-lesu,TRULY_MISSING,True,
vozvraschenie-kazanovy,TRULY_MISSING,True,
puteshestvennik-ebenizer,TRULY_MISSING,True,
naletchik,TRULY_MISSING,True,
oregonda,TRULY_MISSING,True,
nochnye-stalkery-psihbolnica,TRULY_MISSING,True,
vdyhaya,TRULY_MISSING,True,
mifika-navstrechu-bure,TRULY_MISSING,True,
voinstvennyy,TRULY_MISSING,True,
yaguar-2,TRULY_MISSING,True,
ofisnoe-bezumie,TRULY_MISSING,True,
sovremennaya-zhenschina,TRULY_MISSING,True,
lyupen-iii-bessmertnaya-rodoslovnaya,TRULY_MISSING,True,
drugie-novaya-obitel,TRULY_MISSING,True,
lovushka-dlya-turistov,TRULY_MISSING,True,
presleduemaya-svodnoy-sestroy,TRULY_MISSING,True,
ty-svodish-menya-s-uma,TRULY_MISSING,True,
rozhdestvo-v-meypl-hills,TRULY_MISSING,True,
sobachiy-razvod,TRULY_MISSING,True,
pod-krovatyu-2,TRULY_MISSING,True,
parazity-3,TRULY_MISSING,True,
kak-bog-velit,TRULY_MISSING,True,
tehasskaya-vedma,TRULY_MISSING,True,
vremya-uchit-menya-lyubit,TRULY_MISSING,True,
polyarnaya-zvezda-2,TRULY_MISSING,True,
follen-drayv,TRULY_MISSING,True,
chernye-bity,TRULY_MISSING,True,
proigrysh-radi-vyigrysha,TRULY_MISSING,True,
hranitel-zelenogo-duba,TRULY_MISSING,True,
buntarki-2,TRULY_MISSING,True,
korolevskaya-vypechka,TRULY_MISSING,True,
yuzhnyy-gospel,TRULY_MISSING,True,
vira-simha-reddi,TRULY_MISSING,True,
empatiya,TRULY_MISSING,True,
rozhdestvo-na-melnice,TRULY_MISSING,True,
bolshoy-soblazn,TRULY_MISSING,True,
beregis-nochnoy-nyani,TRULY_MISSING,True,
sozdavaya-rozhdestvo,TRULY_MISSING,True,
operaciya-meyfeyr,TRULY_MISSING,True,
nezabyvaemyy-god-leto,TRULY_MISSING,True,
zhizn-s-lukoy,TRULY_MISSING,True,
dryan-2,TRULY_MISSING,True,
bespomoschnyy-2,TRULY_MISSING,True,
vpered-na-zapad,TRULY_MISSING,True,
zolotaya-rybka,TRULY_MISSING,True,
ty-nikogda-ot-menya-ne-uydesh,TRULY_MISSING,True,
skolko-mne-ostalos,TRULY_MISSING,True,
pervoe-v-mire-rozhdestvo,TRULY_MISSING,True,
tuman-lyubvi,TRULY_MISSING,True,
nakonec-to-ya,TRULY_MISSING,True,
koleso-lyubvi,TRULY_MISSING,True,
ubey-svoego-lyubovnika,TRULY_MISSING,True,
nikchemnyy-uolt,TRULY_MISSING,True,
moy-dnevnik-lzhi,TRULY_MISSING,True,
advokatskiy-shtorm,TRULY_MISSING,True,
randevu-po-korolevski,TRULY_MISSING,True,
bez-serdca,TRULY_MISSING,True,
henki-penki,TRULY_MISSING,True,
svyazannye-tragediey,TRULY_MISSING,True,
kletka-koyotov,TRULY_MISSING,True,
2018,TRULY_MISSING,True,
shaktiman,TRULY_MISSING,True,
velikiy-artist,TRULY_MISSING,True,
magnifikat,TRULY_MISSING,True,
sorochi-pohorony,TRULY_MISSING,True,
tri-semi,TRULY_MISSING,True,
porochnyy-roman-istoriya-viki-uayt,TRULY_MISSING,True,
lyubov-na-tvoem-poroge,TRULY_MISSING,True,
zdes-zhivet-lyubov,TRULY_MISSING,True,
iskrenne-vashe-rozhdestvo,TRULY_MISSING,True,
zametki-o-lete,TRULY_MISSING,True,
sem-ubiystv,TRULY_MISSING,True,
tayny-princessy-kadinyan,TRULY_MISSING,True,
v-polnoch,TRULY_MISSING,True,
shestero-v-bolshom-gorode,TRULY_MISSING,True,
pohititel-tvoego-serdca,TRULY_MISSING,True,
den-trezvosti,TRULY_MISSING,True,
oko-za-oko-3,TRULY_MISSING,True,
proroki,TRULY_MISSING,True,
vyzhivalschiki,TRULY_MISSING,True,
grehi-otcov,TRULY_MISSING,True,
porok-3,TRULY_MISSING,True,
devid-attenboro-okean,TRULY_MISSING,True,
veduschaya,TRULY_MISSING,True,
ty-nazovi,TRULY_MISSING,True,
da-zdravstvuet,TRULY_MISSING,True,
sistema-2,TRULY_MISSING,True,
luchshie-iz-hudshih-vyhodnyh,TRULY_MISSING,True,
amerikanskiy-grom-nascar-v-le-mane,TRULY_MISSING,True,
tolko-pozhenilis,TRULY_MISSING,True,
vse-ne-tak-kak-kazhetsya,TRULY_MISSING,True,
roman-o-dzhime,TRULY_MISSING,True,
babochka-5,TRULY_MISSING,True,
puli,TRULY_MISSING,True,
neudachnik-3,TRULY_MISSING,True,
indiyskiy-detektiv,TRULY_MISSING,True,
dzhon-maleyni-i-banda,TRULY_MISSING,True,
adskiy-motel,TRULY_MISSING,True,
cherep-maska,TRULY_MISSING,True,
zhit-dvazhdy,TRULY_MISSING,True,
kto-u-ognya,TRULY_MISSING,True,
bugivil,TRULY_MISSING,True,
vozvraschenie-padshey-gospozhi,TRULY_MISSING,True,
legenda-o-poteryannom-medalone,TRULY_MISSING,True,
za-predelom-bozhestvennogo-carstva,TRULY_MISSING,True,
nekropol-bessmertnyh,TRULY_MISSING,True,
uchitel-mechi,TRULY_MISSING,True,
idealnaya-para-dlya-mamy,TRULY_MISSING,True,
promyvka-mozgov,TRULY_MISSING,True,
sindualnost-nuar-chast-2,TRULY_MISSING,True,
pitomec-bogini,TRULY_MISSING,True,
tayger,TRULY_MISSING,True,
boytes-hodyachih-mertvecov-reys-462,TRULY_MISSING,True,
styd-ostin,TRULY_MISSING,True,
kubrik-o-kubrike,TRULY_MISSING,True,
malchiki-po-vyzovu,TRULY_MISSING,True,
put-ispravleniya,TRULY_MISSING,True,
ledovyy-apokalipsis,TRULY_MISSING,True,
lilli,TRULY_MISSING,True,
kastelrotto,TRULY_MISSING,True,
rana-naydu,TRULY_MISSING,True,
shou-poshlo-ne-tak,TRULY_MISSING,True,
gorodskoy-ohotnik-chastnyy-detektiv-iz-sindzyuku,TRULY_MISSING,True,
nesgibaemaya-kimmi-shmidt-kimmi-protiv-prepodobnogo,TRULY_MISSING,True,
stranniki-pepla,TRULY_MISSING,True,
ubiyca-bogov-3,TRULY_MISSING,True,
ya-lyublyu-tebya-pridurok,TRULY_MISSING,True,
galient-tv,TRULY_MISSING,True,
zalozhnik-3,TRULY_MISSING,True,
nebolshaya-chastichka-raya,TRULY_MISSING,True,
chudotvornye-rycari-za-granicey,TRULY_MISSING,True,
deti-apokalipsisa,TRULY_MISSING,True,
film-moey-zhizni,TRULY_MISSING,True,
chleny-shkolnogo-soveta-film-2,TRULY_MISSING,True,
vhod-7,TRULY_MISSING,True,
lyubov-za-predelami-mira-igry,TRULY_MISSING,True,
nesovershennyy,TRULY_MISSING,True,
vsled-za-tenyu,TRULY_MISSING,True,
zhenskaya-mest-2,TRULY_MISSING,True,
chernyy-klever-specvypuski,TRULY_MISSING,True,
paren-na-kanikuly,TRULY_MISSING,True,
bronirovannye-voiny-votomy-delo-irvina,TRULY_MISSING,True,
big-mak-gangstery-i-zoloto,TRULY_MISSING,True,
eta-zemlya,TRULY_MISSING,True,
ugram,TRULY_MISSING,True,
uchitel-6,TRULY_MISSING,True,
utrennyaya-zarya,TRULY_MISSING,True,
taverna-yaoguay,TRULY_MISSING,True,
nevesta-iz-beyruta,TRULY_MISSING,True,
bogateyshiy-igrok,TRULY_MISSING,True,
obitatel-bezdny-2,TRULY_MISSING,True,
podstavili,TRULY_MISSING,True,
paren-mechty-na-den-svyatogo-valentina,TRULY_MISSING,True,
uroki-apokalipsisa,TRULY_MISSING,True,
yarkie-glaza,TRULY_MISSING,True,
daunfolls-hay,TRULY_MISSING,True,
soprotivlenie-4,TRULY_MISSING,True,
pod-pricelom-7,TRULY_MISSING,True,
ultrazvuk,TRULY_MISSING,True,
dvoe-2,TRULY_MISSING,True,
pribytie-2,TRULY_MISSING,True,
zalozhnica-nayti-propavshuyu,TRULY_MISSING,True,
karateli,TRULY_MISSING,True,
dom-otdyha,TRULY_MISSING,True,
panchayat,TRULY_MISSING,True,
operaciya-kobra,TRULY_MISSING,True,
novyy-mir-4,TRULY_MISSING,True,
bratik-bratik-vtoroy-god,TRULY_MISSING,True,
statya-92,TRULY_MISSING,True,
prikosnovenie,TRULY_MISSING,True,
sirena-3,TRULY_MISSING,True,
zhenschina-v-kresle,TRULY_MISSING,True,
detektivnoe-agentstvo-henkka-i-kivimutka,TRULY_MISSING,True,
zimnyaya-vedma,TRULY_MISSING,True,
oko-za-oko-4,TRULY_MISSING,True,
dom-dlya-moego-serdca,TRULY_MISSING,True,
koloda-kart,TRULY_MISSING,True,
dotyanutsya-do-zvezd-2,TRULY_MISSING,True,
dva-dnya-do-rozhdestva,TRULY_MISSING,True,
otpusk-na-zapade,TRULY_MISSING,True,
dni-sochteny-3-razrushenie,TRULY_MISSING,True,
mamochki,TRULY_MISSING,True,
okruzhenie,TRULY_MISSING,True,
les-byl-vyzhzhen,TRULY_MISSING,True,
padenie-3,TRULY_MISSING,True,
bezumnaya-lyubov-4,TRULY_MISSING,True,
zhestokie-igry-razuma,TRULY_MISSING,True,
valentina-pereezzhaet,TRULY_MISSING,True,
zhenschina-na-kryshe,TRULY_MISSING,True,
sotnya,TRULY_MISSING,True,
moya-svekrov-menya-nenavidit,TRULY_MISSING,True,
astolfo,TRULY_MISSING,True,
ya-ne-mogu-dyshat,TRULY_MISSING,True,
velichayshie-sobytiya-vtoroy-mirovoy-voyny,TRULY_MISSING,True,
bedurulanka-2012,TRULY_MISSING,True,
epitafiya-2,TRULY_MISSING,True,
luka-i-volshebnyy-teatr,TRULY_MISSING,True,
osechka-zakon-i-predannost,TRULY_MISSING,True,
tretya-subbota-oktyabrya-chast-5,TRULY_MISSING,True,
smuschenie-yanczy,TRULY_MISSING,True,
noch-medvedey-ubiyc,TRULY_MISSING,True,
szhatye-kulaki,TRULY_MISSING,True,
kogda-nastupit-tma,TRULY_MISSING,True,
prozhektory,TRULY_MISSING,True,
bez-sleda-2,TRULY_MISSING,True,
ruki-ada,TRULY_MISSING,True,
bro,TRULY_MISSING,True,
na-tvoem-meste,TRULY_MISSING,True,
menya-zovut-melek,TRULY_MISSING,True,
noch-lotosa,TRULY_MISSING,True,
memuary-ubiycy-zapisi-nilsena,TRULY_MISSING,True,
gengsta-zombi,TRULY_MISSING,True,
aloha-esche-znachit-proschay,TRULY_MISSING,True,
izmenit-hod-igry,TRULY_MISSING,True,
mayka-devochka-iz-drugoy-galaktiki,TRULY_MISSING,True,
pomni-o-vcherashnem-dne,TRULY_MISSING,True,
beovolchica,TRULY_MISSING,True,
ya-v-bede,TRULY_MISSING,True,
sovremennye-vostochnye-skazki,TRULY_MISSING,True,
ty-vyshla-zamuzh-za-papochku,TRULY_MISSING,True,
monik-olive-posobnica-zla,TRULY_MISSING,True,
asbest,TRULY_MISSING,True,
stounhaus,TRULY_MISSING,True,
lyubov-i-nelyubov,TRULY_MISSING,True,
dorogoy-zvezd-5,TRULY_MISSING,True,
zatyazhnoy-sezon,TRULY_MISSING,True,
drugoy-ty,TRULY_MISSING,True,
ozark-proschanie,TRULY_MISSING,True,
nerasskazannoe-vzlet-i-padenie-and1,TRULY_MISSING,True,
lyubov-na-radiovolne,TRULY_MISSING,True,
vri-po-polnoy,TRULY_MISSING,True,
tirandadzh-shabor,TRULY_MISSING,True,
odno-celoe,TRULY_MISSING,True,
dorogoy-zvezd-4,TRULY_MISSING,True,
fifi,TRULY_MISSING,True,
suitlend,TRULY_MISSING,True,
kkn-derevnya-tancev-chem-dalshe-tem-strashnee,TRULY_MISSING,True,
diva-buduschego,TRULY_MISSING,True,
ne-spat,TRULY_MISSING,True,
gollivudskie-mechty-i-koshmary-istoriya-roberta-inglunda,TRULY_MISSING,True,
uzhin-u-menya,TRULY_MISSING,True,
izbrannik-bozhiy,TRULY_MISSING,True,
bratya-po-pobegu-3,TRULY_MISSING,True,
kipchoge-posledniy-rubezh,TRULY_MISSING,True,
dni-deyzi,TRULY_MISSING,True,
ya-nesu-radost,TRULY_MISSING,True,
zo-v-izgnanii,TRULY_MISSING,True,
put-4,TRULY_MISSING,True,
v-lovushke-8,TRULY_MISSING,True,
dorogoy-zvezd-2,TRULY_MISSING,True,
igra-teney-2,TRULY_MISSING,True,
posledniy-shans-sharlin,TRULY_MISSING,True,
obeschanie-stat-mamami,TRULY_MISSING,True,
mama-medvedica,TRULY_MISSING,True,
hronika-sluchaynoy-svyazi,TRULY_MISSING,True,
brak-zaklyuchennyy-na-nebesah,TRULY_MISSING,True,
ohota-10,TRULY_MISSING,True,
dorogoy-zvezd-3,TRULY_MISSING,True,
aprelskoe-nebo,TRULY_MISSING,True,
istoriya-manu,TRULY_MISSING,True,
zahvat-reysa-601,TRULY_MISSING,True,
dyavol-prihodit-v-nochi,TRULY_MISSING,True,
medovyy-mesyac-3,TRULY_MISSING,True,
vyyti-zamuzh-na-rozhdestvo,TRULY_MISSING,True,
para-na-rozhdestvo,TRULY_MISSING,True,
rodstvennye-dushi-3,TRULY_MISSING,True,
i-mnogo-lyubvi,TRULY_MISSING,True,
yuzhnyy-veter-2,TRULY_MISSING,True,
moya-geroyskaya-akademiya-ty-sleduyuschiy-prosche-prostogo,TRULY_MISSING,True,
posledniy-shans-3,TRULY_MISSING,True,
voznesi-hvalu,TRULY_MISSING,True,
territoriya-2,TRULY_MISSING,True,
vozvraschenie-salemskoy-vedmy,TRULY_MISSING,True,
gorod-stervyatnikov-3,TRULY_MISSING,True,
dom-s-privideniyami-3,TRULY_MISSING,True,
prizrak-5,TRULY_MISSING,True,
runi,TRULY_MISSING,True,
narushit-molchanie,TRULY_MISSING,True,
iduschie-protiv-dozhdya,TRULY_MISSING,True,
kasa-grande-2,TRULY_MISSING,True,
anikulapo,TRULY_MISSING,True,
ubiystvo-eto-prestuplenie,TRULY_MISSING,True,
lyubovnaya-istoriya-krayma,TRULY_MISSING,True,
maha,TRULY_MISSING,True,
kolco-dlya-princessy-3-krasota-iz-pepla,TRULY_MISSING,True,
legenda-o-dzheke-i-dzhill-2,TRULY_MISSING,True,
duh-velikoy-obezyany,TRULY_MISSING,True,
tridcat-tysyach-li-do-chananya,TRULY_MISSING,True,
ohota-na-motylkov,TRULY_MISSING,True,
temnye-vody-3,TRULY_MISSING,True,
tadzh-razdelennye-krovyu,TRULY_MISSING,True,
novye-gangstery,TRULY_MISSING,True,
rozhdestvo-s-byvshimi,TRULY_MISSING,True,
sista,TRULY_MISSING,True,
prezhde-chem-mir-zagoritsya,TRULY_MISSING,True,
suschnost-2,TRULY_MISSING,True,
rozhdestvo-v-strane-bolshogo-neba,TRULY_MISSING,True,
uikend-dlya-dvoih-i-ubiystvo,TRULY_MISSING,True,
czychuan,TRULY_MISSING,True,
zaliv-ogney,TRULY_MISSING,True,
plesen,TRULY_MISSING,True,
agenshikole-korol-vorov,TRULY_MISSING,True,
vypusknoy-na-mayorke,TRULY_MISSING,True,
bandy-buenos-ayresa,TRULY_MISSING,True,
problemy-s-papoy,TRULY_MISSING,True,
klad-sliznya,TRULY_MISSING,True,
lyubov-v-bolshom-gorode,TRULY_MISSING,True,
kachok-2,TRULY_MISSING,True,
mama-na-vremya,TRULY_MISSING,True,
spagetti,TRULY_MISSING,True,
za-vosemsot-dollarov,TRULY_MISSING,True,
golubye-kanareyki,TRULY_MISSING,True,
zhut-plyus,TRULY_MISSING,True,
krovavoe-puteshestvie-vosstanie-mertvyh,TRULY_MISSING,True,
blistatelnye-koroli,TRULY_MISSING,True,
velikaya-indiyskaya-kuhnya,TRULY_MISSING,True,
strayder,TRULY_MISSING,True,
stanovyaschiesya,TRULY_MISSING,True,
perelomnyy-moment-5,TRULY_MISSING,True,
udarnye-volny-2,TRULY_MISSING,True,
teploe-vremya-goda,TRULY_MISSING,True,
tretya-subbota-oktyabrya,TRULY_MISSING,True,
roman-na-rancho,TRULY_MISSING,True,
zolotoy-petushok,TRULY_MISSING,True,
komnata-4,TRULY_MISSING,True,
ed-shiran-summa-vsego-etogo,TRULY_MISSING,True,
malenkie-golosa,TRULY_MISSING,True,
chernolese,TRULY_MISSING,True,
poproschaysya-s-gollivudom,TRULY_MISSING,True,
russkiy-tot-kto-lyubit-berezy,TRULY_MISSING,True,
svoy-karatin,TRULY_MISSING,True,
ekzorcisty,TRULY_MISSING,True,
illyuziya,TRULY_MISSING,True,
chest-4,TRULY_MISSING,True,
yarost-zombi,TRULY_MISSING,True,
v-pogone-za-igrami,TRULY_MISSING,True,
zastryavshie,TRULY_MISSING,True,
vrata-2,TRULY_MISSING,True,
taaza-habar,TRULY_MISSING,True,
skalper,TRULY_MISSING,True,
klass-4,TRULY_MISSING,True,
led-2,TRULY_MISSING,True,
plohoy-put,TRULY_MISSING,True,
ryazhenyy,TRULY_MISSING,True,
k-severu-ot-normy,TRULY_MISSING,True,
velichayshee-nasledie,TRULY_MISSING,True,
mikki-hardevey,TRULY_MISSING,True,
hozyaeva-nochi,TRULY_MISSING,True,
nepobedimye-4,TRULY_MISSING,True,
semya-moego-muzha,TRULY_MISSING,True,
pesnya-muhi,TRULY_MISSING,True,
vysokoe-oblako,TRULY_MISSING,True,
miru-nuzhen-novyy-supergeroy,TRULY_MISSING,True,
s-rozhdestvom-oficer-genzel,TRULY_MISSING,True,
nadezhda-ne-umiraet,TRULY_MISSING,True,
rozhdestvo-v-gorah,TRULY_MISSING,True,
predatelstvo-6,TRULY_MISSING,True,
vozvraschenie-domoy-4,TRULY_MISSING,True,
deti-greha,TRULY_MISSING,True,
inzhirnoe-derevo,TRULY_MISSING,True,
vlast-haosa,TRULY_MISSING,True,
edinoe-serdce,TRULY_MISSING,True,
rozhdestvo-s-karterami,TRULY_MISSING,True,
uzel-3,TRULY_MISSING,True,
mechty-kati-o-probuzhdenii,TRULY_MISSING,True,
dom-zateryannyy-vo-vremeni,TRULY_MISSING,True,
tokunbo,TRULY_MISSING,True,
tira,TRULY_MISSING,True,
neprednamerennyy-sikvel,TRULY_MISSING,True,
garmoniya-ot-serdca,TRULY_MISSING,True,
messi-znakomitsya-s-amerikoy,TRULY_MISSING,True,
synovya-do-groba,TRULY_MISSING,True,
strashnye-istorii-ot-frenni-kryuger,TRULY_MISSING,True,
kristo-i-rey,TRULY_MISSING,True,
nevidimyy-mir-okkultnaya-pevica,TRULY_MISSING,True,
frici-i-aranka,TRULY_MISSING,True,
vetka-maslin-2,TRULY_MISSING,True,
zalozhniki-morya,TRULY_MISSING,True,
portyaschiy-igru,TRULY_MISSING,True,
zamestitel,TRULY_MISSING,True,
krysinaya-nora,TRULY_MISSING,True,
prizrak-pisatel-2,TRULY_MISSING,True,
den-posle-19-goda,TRULY_MISSING,True,
moy-koshmarnyy-sluzhebnyy-roman,TRULY_MISSING,True,
morris,TRULY_MISSING,True,
osmanskaya-poschechina,TRULY_MISSING,True,
keroltin,TRULY_MISSING,True,
24-chasa-4,TRULY_MISSING,True,
korolevstvo-dinozavrov,TRULY_MISSING,True,
nelegaly,TRULY_MISSING,True,
prorok-4,TRULY_MISSING,True,
narkotik-2,TRULY_MISSING,True,
zhestokiy-2,TRULY_MISSING,True,
zhigolo-po-sluchaynosti,TRULY_MISSING,True,
ibo-noch-pridet,TRULY_MISSING,True,
nezakonchennoe-delo-shkola-kingston,TRULY_MISSING,True,
ispug-2,TRULY_MISSING,True,
odinochnaya-kamera,TRULY_MISSING,True,
bremya-3,TRULY_MISSING,True,
shadou-marsh,TRULY_MISSING,True,
iz-stoktona-v-teybl-rok,TRULY_MISSING,True,
redzhep-ivedik-7,TRULY_MISSING,True,
obman-6,TRULY_MISSING,True,
vyigray-poezdku-v-brauntaun,TRULY_MISSING,True,
chertovski-horoshiy-den,TRULY_MISSING,True,
mest-za-moyu-mat,TRULY_MISSING,True,
papa-3,TRULY_MISSING,True,
semya-bundshuh-vzaperti,TRULY_MISSING,True,
mezhdu-svetom-i-tmoy,TRULY_MISSING,True,
prozhit-60-sekund,TRULY_MISSING,True,
do-samoy-smerti,TRULY_MISSING,True,
pilot,TRULY_MISSING,True,
derevnya-2,TRULY_MISSING,True,
grehi-materi-2,TRULY_MISSING,True,
gipnotika,TRULY_MISSING,True,
priyateli-po-posobiyu,TRULY_MISSING,True,
razmennaya-moneta,TRULY_MISSING,True,
smertelnyy-roman,TRULY_MISSING,True,
prizraki-amitivillya,TRULY_MISSING,True,
zona-karantina,TRULY_MISSING,True,
rozhdestvo-v-payn-velli,TRULY_MISSING,True,
ubiystvo-v-big-horne,TRULY_MISSING,True,
iskuplenie-6,TRULY_MISSING,True,
chertov-svyatoy,TRULY_MISSING,True,
igroki-4,TRULY_MISSING,True,
kondominium-maldivy,TRULY_MISSING,True,
pelotari,TRULY_MISSING,True,
svyaz-s-rio,TRULY_MISSING,True,
tunnel-3,TRULY_MISSING,True,
dar-pokoya,TRULY_MISSING,True,
emigranty-kurinyy-faktor,TRULY_MISSING,True,
igry-razuma-2,TRULY_MISSING,True,
dom-cherez-dorogu,TRULY_MISSING,True,
raketostroiteli,TRULY_MISSING,True,
derzhis-za-lyubov,TRULY_MISSING,True,
semena,TRULY_MISSING,True,
migranty-v-avstralii-navsegda,TRULY_MISSING,True,
tayna-kampusa,TRULY_MISSING,True,
sudbonosnaya-noch,TRULY_MISSING,True,
semeynye-sekrety,TRULY_MISSING,True,
starshe-s-kazhdym-dnem,TRULY_MISSING,True,
smertelnyy-pobeg-2,TRULY_MISSING,True,
izgoi-izbrannye,TRULY_MISSING,True,
chelovek-v-shestoy-palate,TRULY_MISSING,True,
bali-2002,TRULY_MISSING,True,
hroniki-incela,TRULY_MISSING,True,
pobyt-s-toboy-naedine,TRULY_MISSING,True,
ispytanie-v-rozhdestvo,TRULY_MISSING,True,
shokoladnaya-iriska,TRULY_MISSING,True,
akvarium-2,TRULY_MISSING,True,
dom-na-ferme,TRULY_MISSING,True,
voshod-luny,TRULY_MISSING,True,
bora,TRULY_MISSING,True,
samyy-dorogoy-serial,TRULY_MISSING,True,
mera-mesti,TRULY_MISSING,True,
kakoy-otec-takaya-doch,TRULY_MISSING,True,
uznica-lyubvi,TRULY_MISSING,True,
rambl-tivi,TRULY_MISSING,True,
korolevskiy-konyuh,TRULY_MISSING,True,
varshavyanka,TRULY_MISSING,True,
mademuazel-sin,TRULY_MISSING,True,
vosstanie-monstra,TRULY_MISSING,True,
vyzhivanie-v-rayu-istoriya-odnoy-semi,TRULY_MISSING,True,
on-znaet,TRULY_MISSING,True,
neopoznannyy-zabytyy-obekt,TRULY_MISSING,True,
amerikanskie-prestupniki,TRULY_MISSING,True,
pervyy-raz-2,TRULY_MISSING,True,
poslednee-amerikanskoe-shou-uzhasov-2,TRULY_MISSING,True,
ubiystvo-na-vinodelne,TRULY_MISSING,True,
2025-krovavyy-belyy-i-siniy,TRULY_MISSING,True,
nastoyaschee-po-zhelaniyu,TRULY_MISSING,True,
poslannik-4,TRULY_MISSING,True,
motogp-bez-ogranicheniy,TRULY_MISSING,True,
prah-k-prahu,TRULY_MISSING,True,
teoriya-vsego,TRULY_MISSING,True,
mart-68-go,TRULY_MISSING,True,
rip-van-vinkl,TRULY_MISSING,True,
uroki-dlya-aferistov,TRULY_MISSING,True,
taynyy-poklonnik,TRULY_MISSING,True,
zahvat-4,TRULY_MISSING,True,
temnye-sputniki,TRULY_MISSING,True,
gryaz-3,TRULY_MISSING,True,
chto-taitsya-za-molchaniem,TRULY_MISSING,True,
socialnyy-eksperiment,TRULY_MISSING,True,
sinyaya-molniya,TRULY_MISSING,True,
kodeks-632,TRULY_MISSING,True,
taynaya-svyaz,TRULY_MISSING,True,
bratstvo-4,TRULY_MISSING,True,
afrikanskoe-otchayanie,TRULY_MISSING,True,
aytopiya,TRULY_MISSING,True,
dovolno-schastlivoe-rozhdestvo,TRULY_MISSING,True,
zolotoy-malchik-3,TRULY_MISSING,True,
svinka-elvis,TRULY_MISSING,True,
put-rufusa,TRULY_MISSING,True,
sdelat-ego-znamenitym,TRULY_MISSING,True,
zoloto-4,TRULY_MISSING,True,
suzhal-vihr,TRULY_MISSING,True,
millenial,TRULY_MISSING,True,
v-okruzhenii-idiotov,TRULY_MISSING,True,
posle-vyneseniya-prigovora,TRULY_MISSING,True,
granitnaya-gavan,TRULY_MISSING,True,
proizvolnaya-programma,TRULY_MISSING,True,
dyavol-iz-dzhersi,TRULY_MISSING,True,
otkrovenie,TRULY_MISSING,True,
seychas-ili-nikogda,TRULY_MISSING,True,
bogom-klyanus,TRULY_MISSING,True,
druzya-po-perepiske,TRULY_MISSING,True,
sezd-ne-tuda,TRULY_MISSING,True,
lotereya-2,TRULY_MISSING,True,
dom-9,TRULY_MISSING,True,
neulovimyy-3,TRULY_MISSING,True,
proklyatyy-dom-3,TRULY_MISSING,True,
sbor,TRULY_MISSING,True,
dom-pod-dvumya-orlami,TRULY_MISSING,True,
zhizn-5,TRULY_MISSING,True,
v-opasnosti,TRULY_MISSING,True,
zhizn-posle-soroka,TRULY_MISSING,True,
puli-i-shariki,TRULY_MISSING,True,
smesh-raz-i-navsegda,TRULY_MISSING,True,
yada-yasmin-dzhina-anna,TRULY_MISSING,True,
prizrachnaya-noch,TRULY_MISSING,True,
otvet-3,TRULY_MISSING,True,
ballada-o-roe,TRULY_MISSING,True,
svoboda-severnoy-karoliny,TRULY_MISSING,True,
ty-ne-uhodi,TRULY_MISSING,True,
svyazannye,TRULY_MISSING,True,
posledniy-vyhod,TRULY_MISSING,True,
uboynyy-lager,TRULY_MISSING,True,
moya-byvshaya-lyubov,TRULY_MISSING,True,
malenkiy-nachalnik,TRULY_MISSING,True,
tom,TRULY_MISSING,True,
zamok-2,TRULY_MISSING,True,
chudo-pered-rozhdestvom,TRULY_MISSING,True,
yarost-drakona-2,TRULY_MISSING,True,
nasledie-4,TRULY_MISSING,True,
flirt,TRULY_MISSING,True,
poslednyaya-roza,TRULY_MISSING,True,
po-imeni-vesna,TRULY_MISSING,True,
69-detaley,TRULY_MISSING,True,
popran,TRULY_MISSING,True,
pochetnyy-grazhdanin-2,TRULY_MISSING,True,
lesnaya-vedma,TRULY_MISSING,True,
rozhdestvenskiy-talisman,TRULY_MISSING,True,
mirtovaya-plantaciya-ubiystva-tayny-i-magiya,TRULY_MISSING,True,
zhal-chto-my-vstretilis,TRULY_MISSING,True,
proliv,TRULY_MISSING,True,
kak-zhe-priyatno,TRULY_MISSING,True,
kopya,TRULY_MISSING,True,
kung-fu-master-su-klan-ognennogo-lotosa,TRULY_MISSING,True,
vedmy-pend-hill,TRULY_MISSING,True,
rosha-i-frenk,TRULY_MISSING,True,
rozhdestvenskaya-kist,TRULY_MISSING,True,
hit-vtoroe-delo,TRULY_MISSING,True,
vliyayuschiy-faktor,TRULY_MISSING,True,
budte-miloserdny,TRULY_MISSING,True,
osobyy-den,TRULY_MISSING,True,
neravnocennyy-obmen,TRULY_MISSING,True,
gollivudskaya-stargerl,TRULY_MISSING,True,
1985,TRULY_MISSING,True,
mendi-i-sily-zla,TRULY_MISSING,True,
golova-hoakina-murety,TRULY_MISSING,True,
eti-chertovy-gody-2-iz-tmy,TRULY_MISSING,True,
braga,TRULY_MISSING,True,
bozhestvennyy-bogemec,TRULY_MISSING,True,
odinoki-i-ne-v-poiske,TRULY_MISSING,True,
alligatory-iz-kanalizacii,TRULY_MISSING,True,
shest-chetyre,TRULY_MISSING,True,
gorod-shpionov,TRULY_MISSING,True,
snova-chumovoy,TRULY_MISSING,True,
salli-flos-cifrovoy-detektiv,TRULY_MISSING,True,
buduschee-tx,TRULY_MISSING,True,
arini,TRULY_MISSING,True,
detskaya-mashina,TRULY_MISSING,True,
imperator-ashoka,TRULY_MISSING,True,
spasti-kinoteatr,TRULY_MISSING,True,
agent-kannayiram,TRULY_MISSING,True,
natochennyy-topor-3,TRULY_MISSING,True,
starshekursniki,TRULY_MISSING,True,
beremenna-v-50,TRULY_MISSING,True,
semeystvo-dzhons-nezhelannyy-sopernik,TRULY_MISSING,True,
sharlotta-mun-ubiystvo-na-luzhayke,TRULY_MISSING,True,
nasledie-5,TRULY_MISSING,True,
tayny-krossvordov,TRULY_MISSING,True,
gvalior,TRULY_MISSING,True,
to-chto-nelzya-izmenit,TRULY_MISSING,True,
shest-let-spustya,TRULY_MISSING,True,
zatmenie-voshozhdenie-inka,TRULY_MISSING,True,
nachni-zhit-ladno,TRULY_MISSING,True,
dezhurstvo,TRULY_MISSING,True,
mamochki-idut-na-pomosch,TRULY_MISSING,True,
avstraliyskiy-gangster,TRULY_MISSING,True,
gibloe-mesto,TRULY_MISSING,True,
cena,TRULY_MISSING,True,
osvobozhdenie-2,TRULY_MISSING,True,
bhimla-nayak,TRULY_MISSING,True,
zavtra-utrom,TRULY_MISSING,True,
detektiv-bruno,TRULY_MISSING,True,
suschaya-pandemiya,TRULY_MISSING,True,
koshmar-po-sosedstvu-2,TRULY_MISSING,True,
haraa,TRULY_MISSING,True,
vstryaska,TRULY_MISSING,True,
muzhskoy-klub,TRULY_MISSING,True,
poslednyaya-koroleva-taiti,TRULY_MISSING,True,
proby-nomer-13,TRULY_MISSING,True,
gangstery-2,TRULY_MISSING,True,
mesto-v-pole,TRULY_MISSING,True,
glaza-zmei-5-eto-vse-nashe-altan-posmotri,TRULY_MISSING,True,
psiborgi,TRULY_MISSING,True,
poteryannoe-sokrovische,TRULY_MISSING,True,
taynaya-zhizn-domohozyaek,TRULY_MISSING,True,
osvyaschennyy,TRULY_MISSING,True,
durnoe-vliyanie,TRULY_MISSING,True,
doktor-dzheyson,TRULY_MISSING,True,
ima,TRULY_MISSING,True,
krushenie-skorostnogo-poezda,TRULY_MISSING,True,
gonkongskaya-semya,TRULY_MISSING,True,
rodnye-steny,TRULY_MISSING,True,
delo-vernyak,TRULY_MISSING,True,
zaklyate-baby,TRULY_MISSING,True,
semeynyy-lager,TRULY_MISSING,True,
takie-raznye-mneniya,TRULY_MISSING,True,
nemeckie-genii,TRULY_MISSING,True,
opolzen,TRULY_MISSING,True,
zhizn-pitera-gotliba,TRULY_MISSING,True,
tabachnyy-ambar,TRULY_MISSING,True,
los-billis,TRULY_MISSING,True,
romansero,TRULY_MISSING,True,
ubezhische-11,TRULY_MISSING,True,
rozhdestvenskiy-podarok-2,TRULY_MISSING,True,
ubiyca-na-ledovoy-doroge,TRULY_MISSING,True,
razorvi-moyu-zhizn,TRULY_MISSING,True,
naydennaya-plenka-uzhasov-cifrovoy-terror,TRULY_MISSING,True,
virata-parvam,TRULY_MISSING,True,
holod-do-kostey,TRULY_MISSING,True,
detektiv-inspektor,TRULY_MISSING,True,
druzya-semi,TRULY_MISSING,True,
devushka-nevidimka-2,TRULY_MISSING,True,
prizraki-hirosimy,TRULY_MISSING,True,
malenkiy-tegeran,TRULY_MISSING,True,
den-rasplaty-2,TRULY_MISSING,True,
tayna-moey-sestry,TRULY_MISSING,True,
poka-ne-zazhzhetsya-zelenyy,TRULY_MISSING,True,
rozhdestvenskie-kanikuly-3,TRULY_MISSING,True,
immanentnost,TRULY_MISSING,True,
zvezdnyy-vlastelin-2,TRULY_MISSING,True,
hleb-i-sol,TRULY_MISSING,True,
zvanyy-uzhin-2,TRULY_MISSING,True,
bud-moim-papoy,TRULY_MISSING,True,
vospitanie-ledi,TRULY_MISSING,True,
dva-sezona,TRULY_MISSING,True,
dnem-i-nochyu,TRULY_MISSING,True,
drakon-pozhiraet-orla,TRULY_MISSING,True,
za-zakrytymi-dveryami-2-nezdorovaya-rabochaya-obstanovka,TRULY_MISSING,True,
proslushivanie,TRULY_MISSING,True,
igra-v-omara,TRULY_MISSING,True,
menbebik,TRULY_MISSING,True,
korol-dzhudit,TRULY_MISSING,True,
blekvulf,TRULY_MISSING,True,
drugaya-storona-3,TRULY_MISSING,True,
pulya-3,TRULY_MISSING,True,
odeyanie-iz-dragocennyh-kamney,TRULY_MISSING,True,
manevr-svidanie,TRULY_MISSING,True,
velikiy-illyuzionist-2,TRULY_MISSING,True,
alter-ego,TRULY_MISSING,True,
posle-ee-smerti,TRULY_MISSING,True,
nevesta-poeta,TRULY_MISSING,True,
uilloubruk,TRULY_MISSING,True,
voyna-s-terrorom,TRULY_MISSING,True,
habaddi,TRULY_MISSING,True,
biko,TRULY_MISSING,True,
velikiy-illyuzionist-2-2,TRULY_MISSING,True,
zahvat-5,TRULY_MISSING,True,
medal,TRULY_MISSING,True,
denzherfilds,TRULY_MISSING,True,
dvazhdy-beremenna-2,TRULY_MISSING,True,
v-chuzhoy-shkure-3,TRULY_MISSING,True,
mahavira,TRULY_MISSING,True,
odnazhdy-vse-eto-budet-tvoim,TRULY_MISSING,True,
lyubov-i-greh,TRULY_MISSING,True,
belyy-volk,TRULY_MISSING,True,
vse-katitsya-k-chertyam,TRULY_MISSING,True,
lunnoe-zatmenie,TRULY_MISSING,True,
dzhinna,TRULY_MISSING,True,
zaday-ritm,TRULY_MISSING,True,
gazlayting-2,TRULY_MISSING,True,
bolshaya-semya-2,TRULY_MISSING,True,
geroi-kvartala,TRULY_MISSING,True,
smertelnye-tayny,TRULY_MISSING,True,
legenda-yurskogo-perioda,TRULY_MISSING,True,
begunya,TRULY_MISSING,True,
otvaga,TRULY_MISSING,True,
avariynaya-posadka-2,TRULY_MISSING,True,
za-ee-grehi,TRULY_MISSING,True,
kung-fu-prizrak,TRULY_MISSING,True,
kovarnaya-igra,TRULY_MISSING,True,
moy-poceluy,TRULY_MISSING,True,
ammu,TRULY_MISSING,True,
leonor-nikogda-ne-umret,TRULY_MISSING,True,
tishe-tishe,TRULY_MISSING,True,
kak-stat-bossom-mafii,TRULY_MISSING,True,
horoshie-novosti-3,TRULY_MISSING,True,
koshmarnyy-lyubovnyy-treugolnik,TRULY_MISSING,True,
ot-zakata-do-bonga,TRULY_MISSING,True,
itiko,TRULY_MISSING,True,
klub-ubiystv-padshie-angely-geroi-i-zlodei,TRULY_MISSING,True,
moya-zapasnaya-semya,TRULY_MISSING,True,
karbid,TRULY_MISSING,True,
akulya-storona-luny,TRULY_MISSING,True,
slava-koroley-sudba,TRULY_MISSING,True,
nezvanyy-gost-5,TRULY_MISSING,True,
polyubit-amandu,TRULY_MISSING,True,
malenkoe-chudo,TRULY_MISSING,True,
lyubov-slepa-nenavist-tozhe,TRULY_MISSING,True,
cena-sovershenstva,TRULY_MISSING,True,
s-chistogo-lista-2,TRULY_MISSING,True,
tonya,TRULY_MISSING,True,
pauk,TRULY_MISSING,True,
otvedi-menya-v-udivitelnyy-mir,TRULY_MISSING,True,
posledniy-horror,TRULY_MISSING,True,
otel-dinozavr-2,TRULY_MISSING,True,
neokonchennoe,TRULY_MISSING,True,
svidanie-2,TRULY_MISSING,True,
krim,TRULY_MISSING,True,
bezmolvnye-ubiystva,TRULY_MISSING,True,
plohoy-roman,TRULY_MISSING,True,
kvantovyy-dyavol,TRULY_MISSING,True,
tamburmazhoretki,TRULY_MISSING,True,
ostatsya-bez-eddisona,TRULY_MISSING,True,
vse-delo-v-ponedelnike,TRULY_MISSING,True,
layfhaki-lyubvi,TRULY_MISSING,True,
dinastii-ii,TRULY_MISSING,True,
tainstvennoe-ischeznovenie,TRULY_MISSING,True,
nevinovnyy-2,TRULY_MISSING,True,
istoriya-lyubvi-5,TRULY_MISSING,True,
cherv,TRULY_MISSING,True,
platezh-poluchen,TRULY_MISSING,True,
blagie-namereniya,TRULY_MISSING,True,
chto-takoe-lyubov-chast-pervaya-dermovaya-lyubov,TRULY_MISSING,True,
lozh-vo-spasenie,TRULY_MISSING,True,
idealnaya-svadba-2,TRULY_MISSING,True,
presleduemaya-princem,TRULY_MISSING,True,
sunduk,TRULY_MISSING,True,
kak-gringo-ukral-rozhdestvo,TRULY_MISSING,True,
ubiystvo-billi-kida,TRULY_MISSING,True,
devchachiy-film,TRULY_MISSING,True,
asfalt-2,TRULY_MISSING,True,
s-kazhdym-ee-vzdohom,TRULY_MISSING,True,
krepost-4,TRULY_MISSING,True,
lozhnyy-front,TRULY_MISSING,True,
killery-2,TRULY_MISSING,True,
zemlyane-2,TRULY_MISSING,True,
protivostoyanie-svyatogo-bitva-prishestviya-bogov,TRULY_MISSING,True,
klyatva-mastera-2,TRULY_MISSING,True,
ekspat-ponevole,TRULY_MISSING,True,
vyplatit-po-schetam-chast-1,TRULY_MISSING,True,
vvedenie-v-detektivy,TRULY_MISSING,True,
ulicy-stambula,TRULY_MISSING,True,
sluga-moego-serdca,TRULY_MISSING,True,
yunus-emre,TRULY_MISSING,True,
zhenschiny-ubiycy,TRULY_MISSING,True,
ten-6,TRULY_MISSING,True,
almazy,TRULY_MISSING,True,
v-poiskah-nikol,TRULY_MISSING,True,
dushevnye-muki,TRULY_MISSING,True,
lyubov-na-karantine,TRULY_MISSING,True,
zatmenie-sveta,TRULY_MISSING,True,
obrechennaya,TRULY_MISSING,True,
magicheskiy-mir-endryu-bennetta,TRULY_MISSING,True,
dom-6-na-ulice-don-minconi,TRULY_MISSING,True,
uvazhay-svoyu-mat,TRULY_MISSING,True,
obychnye-podozrevaemye,TRULY_MISSING,True,
bezymyannye-2,TRULY_MISSING,True,
ultrafioletovaya-i-chernyy-skorpion,TRULY_MISSING,True,
proklyatie-dzhengaburu,TRULY_MISSING,True,
davos-1917,TRULY_MISSING,True,
barony,TRULY_MISSING,True,
rybka-egeyskogo-morya,TRULY_MISSING,True,
ya-polyubil-rebenka,TRULY_MISSING,True,
s-chistogo-lista-3,TRULY_MISSING,True,
plata-za-lyubov,TRULY_MISSING,True,
terra-inkognita,TRULY_MISSING,True,
eho-ee-golosa-2,TRULY_MISSING,True,
vse-chto-nuzhno-etoy-zvezde,TRULY_MISSING,True,
koroleva-maya,TRULY_MISSING,True,
shpion-master,TRULY_MISSING,True,
ah-neriman,TRULY_MISSING,True,
subura-naveki,TRULY_MISSING,True,
nochnoy-administrator,TRULY_MISSING,True,
ikota,TRULY_MISSING,True,
bezzabotnaya-zhizn,TRULY_MISSING,True,
strannye-istorii,TRULY_MISSING,True,
messiya,TRULY_MISSING,True,
gora-fregglov-vozvraschenie-v-pescheru,TRULY_MISSING,True,
poslushnye,TRULY_MISSING,True,
myunhenskiy-match,TRULY_MISSING,True,
kak-ya-stala-fenomenom,TRULY_MISSING,True,
farsh,TRULY_MISSING,True,
provodnik-2,TRULY_MISSING,True,
oni-est,TRULY_MISSING,True,
andropauza,TRULY_MISSING,True,
na-samom-dele-vy-svobodny,TRULY_MISSING,True,
na-dikoy-granice,TRULY_MISSING,True,
ne-vyzyvaya-podozreniy,TRULY_MISSING,True,
siciliyskie-lvy,TRULY_MISSING,True,
omerta-6-12,TRULY_MISSING,True,
huanpis-gonsales,TRULY_MISSING,True,
tayna-raakana,TRULY_MISSING,True,
specnaz-versalya,TRULY_MISSING,True,
bessmertnyy-3,TRULY_MISSING,True,
znak-3,TRULY_MISSING,True,
devyanostye-2,TRULY_MISSING,True,
daunshiftery,TRULY_MISSING,True,
tak-derzhat-sofiya,TRULY_MISSING,True,
sekrety-playboy,TRULY_MISSING,True,
nevidimaya-voyna,TRULY_MISSING,True,
amiko,TRULY_MISSING,True,
izbityy-do-smerti,TRULY_MISSING,True,
problemy-serdca,TRULY_MISSING,True,
lotereya-3,TRULY_MISSING,True,
erhart,TRULY_MISSING,True,
dolina-smertnoy-teni-2,TRULY_MISSING,True,
platinum,TRULY_MISSING,True,
voiny-radugi,TRULY_MISSING,True,
geylang,TRULY_MISSING,True,
starye-neznakomcy,TRULY_MISSING,True,
saharnyy-goroh,TRULY_MISSING,True,
buhta-dinozavrov,TRULY_MISSING,True,
miral,TRULY_MISSING,True,
ladki-vyhod-devushki-drakona,TRULY_MISSING,True,
spiriticheskaya-doska,TRULY_MISSING,True,
pretorianec,TRULY_MISSING,True,
pomoschnik,TRULY_MISSING,True,
maski-i-tayny,TRULY_MISSING,True,
zhguchee-chuvstvo,TRULY_MISSING,True,
svyaschennyy-2,TRULY_MISSING,True,
lyubov-na-pervoy-polose,TRULY_MISSING,True,
amerikanskaya-istoriya-devochek-po-vyzovu,TRULY_MISSING,True,
pik-naslediya,TRULY_MISSING,True,
zhenschiny-pirani,TRULY_MISSING,True,
ubiystvo-v-podarok,TRULY_MISSING,True,
zapis,TRULY_MISSING,True,
elitnoe-soobschestvo-simvoly,TRULY_MISSING,True,
veroyatno-obman,TRULY_MISSING,True,
more-nikogda-ne-bylo-sinim,TRULY_MISSING,True,
silnye-otcy-silnye-docheri,TRULY_MISSING,True,
gravitaciya-2,TRULY_MISSING,True,
igra-v-nastoyaschuyu-lyubov,TRULY_MISSING,True,
moe-pylayuschee-serdce,TRULY_MISSING,True,
obryad-shamana,TRULY_MISSING,True,
moya-vechnaya-ten,TRULY_MISSING,True,
radiostanciya-azbuka-molitvy,TRULY_MISSING,True,
aleks-oktouber,TRULY_MISSING,True,
meksizombi,TRULY_MISSING,True,
kogda-zhe-vernetsya-iisus,TRULY_MISSING,True,
lovushka-10,TRULY_MISSING,True,
v-tualete,TRULY_MISSING,True,
novyy-zapad,TRULY_MISSING,True,
podmeni-menya-detka,TRULY_MISSING,True,
schastlivye-obstoyatelstva,TRULY_MISSING,True,
seydi-i-mari-pishut-scenariy,TRULY_MISSING,True,
korolevy-mahinaciy,TRULY_MISSING,True,
latino-zombi-monstro,TRULY_MISSING,True,
ubiystvennaya-nevesta,TRULY_MISSING,True,
probuzhdenie-slua,TRULY_MISSING,True,
silnaya-duhom,TRULY_MISSING,True,
ty-polyubish,TRULY_MISSING,True,
steklyannye-steny,TRULY_MISSING,True,
devushka-iz-nomera-13,TRULY_MISSING,True,
epigenez,TRULY_MISSING,True,
evani-chuzhachka,TRULY_MISSING,True,
dobrovolnyy-nablyudatel,TRULY_MISSING,True,
romeo-i-dzhuletta-ubiystvennaya-parochka,TRULY_MISSING,True,
akula-iz-uidzhi-2,TRULY_MISSING,True,
svoboda-lyuboy-cenoy-2,TRULY_MISSING,True,
zhulnichestvo-ili-zhizn,TRULY_MISSING,True,
rebrolomatel,TRULY_MISSING,True,
zhara-2,TRULY_MISSING,True,
narisovano-krovyu,TRULY_MISSING,True,
oderzhimaya-do-smerti,TRULY_MISSING,True,
malibu-kemping-dlya-nachinayuschih,TRULY_MISSING,True,
moya-idealnaya-svadba,TRULY_MISSING,True,
dzhango-2,TRULY_MISSING,True,
belyy-pes,TRULY_MISSING,True,
obeschanie-2,TRULY_MISSING,True,
sovremennoe-dvizhenie,TRULY_MISSING,True,
po-sledam-cheloveka-motylka,TRULY_MISSING,True,
ranimyy-king,TRULY_MISSING,True,
vorota-rigi,TRULY_MISSING,True,
ashgrouv,TRULY_MISSING,True,
lyubov-i-karantin,TRULY_MISSING,True,
ottepel,TRULY_MISSING,True,
stychki,TRULY_MISSING,True,
poslednyaya-hizhina,TRULY_MISSING,True,
charodeyka,TRULY_MISSING,True,
paloma,TRULY_MISSING,True,
skazochnyy-sad,TRULY_MISSING,True,
zhizn-vne-pravil,TRULY_MISSING,True,
shepot-5,TRULY_MISSING,True,
durak,TRULY_MISSING,True,
sterva-2,TRULY_MISSING,True,
my-ne-odinoki,TRULY_MISSING,True,
chuzhoe-yarmo-2,TRULY_MISSING,True,
ruka-pomoschi,TRULY_MISSING,True,
prazdnichnaya-smena,TRULY_MISSING,True,
idealnyy-ugovor,TRULY_MISSING,True,
stranicy-lyubvi,TRULY_MISSING,True,
kodovoe-imya-tiranga,TRULY_MISSING,True,
bolshoy-parizh,TRULY_MISSING,True,
luchshaya-sestra,TRULY_MISSING,True,
uchitelnice-s-lyubovyu,TRULY_MISSING,True,
kogda-dzhordzha-ubili,TRULY_MISSING,True,
docheri-senory-garsii,TRULY_MISSING,True,
bungalo-2,TRULY_MISSING,True,
molchalivye-partnery,TRULY_MISSING,True,
volshebnik-tventi,TRULY_MISSING,True,
emigraciya,TRULY_MISSING,True,
sem-zhen-moego-muzha,TRULY_MISSING,True,
poli-vpered,TRULY_MISSING,True,
chto-my-budem-delat-dalshe,TRULY_MISSING,True,
poslednie-chasy-stradayuschego-pisatelya,TRULY_MISSING,True,
put-volka,TRULY_MISSING,True,
smertelnoe-vliyanie-laykni-podpishis-vyzhivi,TRULY_MISSING,True,
shans-na-borbu,TRULY_MISSING,True,
opustoshenie,TRULY_MISSING,True,
chto-takoe-lyubov-chast-vtoraya-falshivaya-lyubov,TRULY_MISSING,True,
probleski-schastya,TRULY_MISSING,True,
mamino-delo,TRULY_MISSING,True,
rozhdestvenskie-igry-vozvraschenie-domoy,TRULY_MISSING,True,
frilanser,TRULY_MISSING,True,
dinastiya,TRULY_MISSING,True,
sokrushaya-led,TRULY_MISSING,True,
uikend-v-gaze,TRULY_MISSING,True,
kovarnaya-podruzhka-nevesty,TRULY_MISSING,True,
rezonator-3-proklyate-voskresitelya,TRULY_MISSING,True,
moy-sosed-enco,TRULY_MISSING,True,
uvyadayuschie-lepestki,TRULY_MISSING,True,
flag-2,TRULY_MISSING,True,
nasha-poezdka-v-berribruk,TRULY_MISSING,True,
dzhek-ne-zevay,TRULY_MISSING,True,
perepoloh-na-plyazhe,TRULY_MISSING,True,
malchik-kotorogo-nikogda-ne-bylo,TRULY_MISSING,True,
pohischenie-schenok-na-prazdniki,TRULY_MISSING,True,
uyutnoe-rozhdestvo,TRULY_MISSING,True,
neveroyatnye-istorii-dzhima-bridzhera,TRULY_MISSING,True,
avrora-663,TRULY_MISSING,True,
kukla-dlya-lyubvi,TRULY_MISSING,True,
na-ee-imya,TRULY_MISSING,True,
lyubov-ot-nulya-do-edinicy,TRULY_MISSING,True,
poslanie-i-poslannik,TRULY_MISSING,True,
zhivotnoe-iz-sharikov,TRULY_MISSING,True,
kommivoyazhery,TRULY_MISSING,True,
vmeste-3,TRULY_MISSING,True,
rouzlend,TRULY_MISSING,True,
progulka-na-sene-v-ad,TRULY_MISSING,True,
menora-poseredine,TRULY_MISSING,True,
denezhnyy-dom,TRULY_MISSING,True,
cherno-belyy-mir-greysov,TRULY_MISSING,True,
zvanyy-vecher-s-prizrakami,TRULY_MISSING,True,
prikaz-na-ubiystvo,TRULY_MISSING,True,
fina,TRULY_MISSING,True,
vampirskiy-kult,TRULY_MISSING,True,
poteryannaya-lyubov,TRULY_MISSING,True,
om-bitva-vnutri,TRULY_MISSING,True,
mashina-lyubvi-2,TRULY_MISSING,True,
aromat-lyubvi,TRULY_MISSING,True,
votum-nedoveriya,TRULY_MISSING,True,
spasaya-greys,TRULY_MISSING,True,
za-severnym-lesom,TRULY_MISSING,True,
golos-teney,TRULY_MISSING,True,
lyudik,TRULY_MISSING,True,
v-pogone-za-svobodoy,TRULY_MISSING,True,
bro-bro-2,TRULY_MISSING,True,
zaklyatie-za-granyu,TRULY_MISSING,True,
zhizn-kotoraya-nas-obedinyaet,TRULY_MISSING,True,
devushka-s-pistoletom,TRULY_MISSING,True,
glazami-zhivotnogo,TRULY_MISSING,True,
plate-oskara,TRULY_MISSING,True,
vrag-naroda,TRULY_MISSING,True,
bangaradzha,TRULY_MISSING,True,
schastlivogo-puti-2,TRULY_MISSING,True,
duet,TRULY_MISSING,True,
letniy-sezon,TRULY_MISSING,True,
severnoe-siyanie,TRULY_MISSING,True,
motel-klounov-2-smert-razluchit-nas,TRULY_MISSING,True,
afera-na-million,TRULY_MISSING,True,
pod-kayfom-2,TRULY_MISSING,True,
recept-rozhdestva,TRULY_MISSING,True,
knizhnaya-lyubov,TRULY_MISSING,True,
agenty-chi-siti-pod-prikrytiem,TRULY_MISSING,True,
ubezhische-12,TRULY_MISSING,True,
moy-telefon,TRULY_MISSING,True,
posmotri-na-menya-xxxtentacion,TRULY_MISSING,True,
toksichnaya-podstava,TRULY_MISSING,True,
kovboyskiy-kartel,TRULY_MISSING,True,
mechty-iz-bumagi-i-chernil,TRULY_MISSING,True,
v-takom-vozraste,TRULY_MISSING,True,
davnym-davno-zhili-oni-dolgo-i-neschastlivo,TRULY_MISSING,True,
za-kulisami,TRULY_MISSING,True,
koshmar-lyubogo-amerikanca,TRULY_MISSING,True,
prestupnyy-umysel,TRULY_MISSING,True,
povest-o-shemrune,TRULY_MISSING,True,
vse-to-chto-my-nikogda-ne-govorili,TRULY_MISSING,True,
sestry-uzy-krovi,TRULY_MISSING,True,
pokipsi-sozdan-dlya-vlyublennyh,TRULY_MISSING,True,
rannyaya-svadba,TRULY_MISSING,True,
bigfut-ili-smert,TRULY_MISSING,True,
the-drop-spot,TRULY_MISSING,True,
super-semya,TRULY_MISSING,True,
samoe-krasochnoe-vremya-goda,TRULY_MISSING,True,
ditya-4,TRULY_MISSING,True,
pod-koroy,TRULY_MISSING,True,
pepel-semi-royal,TRULY_MISSING,True,
may-dekabr-yanvar,TRULY_MISSING,True,
rozovyy-krolik,TRULY_MISSING,True,
svecha-v-grobnice-bezdna-yuzhnogo-morya-2,TRULY_MISSING,True,
maskirovka-premer-ministra,TRULY_MISSING,True,
dolgo-i-neschastlivo,TRULY_MISSING,True,
poetessa,TRULY_MISSING,True,
moyya-i-vesna,TRULY_MISSING,True,
volk-i-pes,TRULY_MISSING,True,
podozrevaemyy-2,TRULY_MISSING,True,
londonskie-fayly,TRULY_MISSING,True,
chernyy-poyas-2,TRULY_MISSING,True,
zovi-menya-bezumcem,TRULY_MISSING,True,
drevnie-imperii,TRULY_MISSING,True,
avgustovskaya-noch,TRULY_MISSING,True,
svidetelem-3,TRULY_MISSING,True,
samyy-schastlivyy-chelovek-na-svete,TRULY_MISSING,True,
komnata-upravleniya,TRULY_MISSING,True,
odinokie-serdca,TRULY_MISSING,True,
alhimiya-sudby,TRULY_MISSING,True,
piraty-severnogo-poberezhya,TRULY_MISSING,True,
salsa-2,TRULY_MISSING,True,
chto-sdelala-dzhennifer,TRULY_MISSING,True,
vyzhivanie-v-lagere-analog,TRULY_MISSING,True,
smertelnyy-chirliding,TRULY_MISSING,True,
sleza,TRULY_MISSING,True,
korol-ulic-2,TRULY_MISSING,True,
neznakomec-7,TRULY_MISSING,True,
derevenschina,TRULY_MISSING,True,
v-tebe-net-nichego-osobennogo,TRULY_MISSING,True,
tayna-semi-greko,TRULY_MISSING,True,
slomay-sistemu,TRULY_MISSING,True,
nezuh,TRULY_MISSING,True,
potaennoe-zlo,TRULY_MISSING,True,
i-tut-kto-to-vstaet-i-otkryvaet-okno,TRULY_MISSING,True,
francuzskie-parni,TRULY_MISSING,True,
puchki,TRULY_MISSING,True,
den-roze,TRULY_MISSING,True,
5000-odeyal,TRULY_MISSING,True,
kendi-chast-vtoraya,TRULY_MISSING,True,
pust-pobedit-luchshaya-svadba,TRULY_MISSING,True,
subekt,TRULY_MISSING,True,
deltopiya,TRULY_MISSING,True,
zhguchee-terpenie,TRULY_MISSING,True,
shest-stupeney-santy,TRULY_MISSING,True,
purpurnyy-reyv,TRULY_MISSING,True,
bespredel-mappetov,TRULY_MISSING,True,
igry-na-vyzhivanie,TRULY_MISSING,True,
billi-kid,TRULY_MISSING,True,
smertelnaya-poeziya-lyubvi,TRULY_MISSING,True,
set-5,TRULY_MISSING,True,
serye,TRULY_MISSING,True,
manipulyacii,TRULY_MISSING,True,
zabludivshiesya-vozmezdie,TRULY_MISSING,True,
bezopasnaya-komnata,TRULY_MISSING,True,
prestupleniya-buduschego-priklyucheniya-deyva-sleyda,TRULY_MISSING,True,
padshiy-2,TRULY_MISSING,True,
staki,TRULY_MISSING,True,
iskusstvo-vyzhivat,TRULY_MISSING,True,
odnoklassniki,TRULY_MISSING,True,
s-lyubovyu-megan,TRULY_MISSING,True,
svidanie-s-obmanom,TRULY_MISSING,True,
neizbezhnaya-smert-kraba,TRULY_MISSING,True,
kazhdym-dnem,TRULY_MISSING,True,
semya-chemary-2,TRULY_MISSING,True,
vechnaya-vernost,TRULY_MISSING,True,
finalnyy-schet-2,TRULY_MISSING,True,
24-chasa-sladkiy-poceluy-na-noch,TRULY_MISSING,True,
mega-otryv,TRULY_MISSING,True,
zmei-i-lestnicy,TRULY_MISSING,True,
ya-zavirusilas,TRULY_MISSING,True,
ograblenie-veka-3,TRULY_MISSING,True,
na-pochve-strasti,TRULY_MISSING,True,
rassuditelnost,TRULY_MISSING,True,
kogda-ty-verneshsya,TRULY_MISSING,True,
inoy-sposob-zarabotat-na-zhizn,TRULY_MISSING,True,
semki-v-sen-pere-i-mikelone,TRULY_MISSING,True,
serfing-dikoy-gout,TRULY_MISSING,True,
bolshoy-podarok,TRULY_MISSING,True,
blyuz-neprikayannyh,TRULY_MISSING,True,
tishe,TRULY_MISSING,True,
po-85-oy-do-aho,TRULY_MISSING,True,
gryaznyy-malenkiy-sekret,TRULY_MISSING,True,
rassvet-2,TRULY_MISSING,True,
teplaya-krov,TRULY_MISSING,True,
nort-central,TRULY_MISSING,True,
oblako-pod-kryshey,TRULY_MISSING,True,
v-nikuda,TRULY_MISSING,True,
poteryannyy,TRULY_MISSING,True,
zemlya-mechtaniy,TRULY_MISSING,True,
my-blizhayshie-rodstvenniki,TRULY_MISSING,True,
zheltaya-ptica,TRULY_MISSING,True,
mest-mse-putifara,TRULY_MISSING,True,
ognennyy-tornado,TRULY_MISSING,True,
leto-v-krasnom,TRULY_MISSING,True,
serdce-rozhdestva,TRULY_MISSING,True,
vosemnadcat,TRULY_MISSING,True,
25-chasov-v-lyubvi,TRULY_MISSING,True,
gavayi,TRULY_MISSING,True,
meksikanskiy-rodstvennik,TRULY_MISSING,True,
taksisty,TRULY_MISSING,True,
lesnaya-vedm,TRULY_MISSING,True,
mikrofon-istoriy-sumasshedshie,TRULY_MISSING,True,
udivitelnoe-delo-o-goleme,TRULY_MISSING,True,
22-nezabytyy-soldat,TRULY_MISSING,True,
pochti-legendy,TRULY_MISSING,True,
krimson-poynt,TRULY_MISSING,True,
dayte-mne-zabrat-syna,TRULY_MISSING,True,
vse-ogni,TRULY_MISSING,True,
vopreki-zhenskomu-kodeksu,TRULY_MISSING,True,
otlichnyy-film,TRULY_MISSING,True,
golovorezy,TRULY_MISSING,True,
peris-v-garleme,TRULY_MISSING,True,
pari-so-svodnikom,TRULY_MISSING,True,
priznanie-4,TRULY_MISSING,True,
amerikanskiy-vestern,TRULY_MISSING,True,
prohlada,TRULY_MISSING,True,
zhenskiy-ciklicheskiy-sindrom,TRULY_MISSING,True,
lebed,TRULY_MISSING,True,
neozhidannost,TRULY_MISSING,True,
turbo-kola,TRULY_MISSING,True,
provody,TRULY_MISSING,True,
river-roud,TRULY_MISSING,True,
muzykalnaya-shkola,TRULY_MISSING,True,
mister-zemlya,TRULY_MISSING,True,
raspakovka,TRULY_MISSING,True,
sokol-zhazhda-mesti,TRULY_MISSING,True,
bolotnyy-lev,TRULY_MISSING,True,
tomnaya-roza,TRULY_MISSING,True,
svadby-krestiny-i-pohorony,TRULY_MISSING,True,
strannyy-den,TRULY_MISSING,True,
vstrecha-s-bunom,TRULY_MISSING,True,
seychas-i-navsegda,TRULY_MISSING,True,
dvadcatiletnyaya-dusha,TRULY_MISSING,True,
santa-muerte,TRULY_MISSING,True,
moy-lyubimyy-zombi,TRULY_MISSING,True,
po-sledam-dnevnika,TRULY_MISSING,True,
ya-byl-na-voyne-no-ne-znal-ob-etom,TRULY_MISSING,True,
malenkaya-banka,TRULY_MISSING,True,
horoshaya-yaycekletka,TRULY_MISSING,True,
chetyre-samosy,TRULY_MISSING,True,
pochemu-zhenschiny-oshibayutsya,TRULY_MISSING,True,
sdelka-4,TRULY_MISSING,True,
vyderzhka,TRULY_MISSING,True,
posledniy-prizrak,TRULY_MISSING,True,
sladkaya-mest-2,TRULY_MISSING,True,
mafietta-nachalo,TRULY_MISSING,True,
delo-oru-tekkana-tallu,TRULY_MISSING,True,
vzaperti-chast-vtoraya,TRULY_MISSING,True,
molli-i-maks-v-buduschem,TRULY_MISSING,True,
idealnaya-garmoniya,TRULY_MISSING,True,
stalnoy-chelovek,TRULY_MISSING,True,
polnoch-v-paradayse,TRULY_MISSING,True,
bolnica,TRULY_MISSING,True,
vikingi-vzlet-i-padenie,TRULY_MISSING,True,
koroleva-narkopritona-2-zahvat-trona,TRULY_MISSING,True,
uvidimsya-v-drugoy-zhizni,TRULY_MISSING,True,
opasnye-lyudi,TRULY_MISSING,True,
poiski-sebya,TRULY_MISSING,True,
surovyy-kodeks,TRULY_MISSING,True,
okutannye-blagodatyu,TRULY_MISSING,True,
suzhenyy-dlya-sary,TRULY_MISSING,True,
greyt-yarmut-predvaritelnye-dannye,TRULY_MISSING,True,
cvetok-yabloni,TRULY_MISSING,True,
schetchik-smertey,TRULY_MISSING,True,
otrazheniya-razbitoy-pamyati,TRULY_MISSING,True,
maltiyskiy-svyaznoy,TRULY_MISSING,True,
grozovoy-pereval-4,TRULY_MISSING,True,
priklyucheniya-obnazhennogo-zonta,TRULY_MISSING,True,
proishestvie-s-pechenem-na-rozhdestvo,TRULY_MISSING,True,
nadzirateli,TRULY_MISSING,True,
klub-ubiyc-padshie-angely-druzya-radi-kotoryh-stoit-umeret,TRULY_MISSING,True,
improvizator,TRULY_MISSING,True,
vernaya-smert,TRULY_MISSING,True,
smasteri-mne-roman,TRULY_MISSING,True,
kegelshtatt-trio,TRULY_MISSING,True,
taynaya-zhizn-studentok-eskortnic,TRULY_MISSING,True,
irlandskaya-mafiya,TRULY_MISSING,True,
zhenschiny-voyny,TRULY_MISSING,True,
udovolstvie-dostavlyat-udovolstvie,TRULY_MISSING,True,
mrachnaya-oderzhimost,TRULY_MISSING,True,
parad-serdec,TRULY_MISSING,True,
net-lyubvi-luchshe,TRULY_MISSING,True,
mikrochip-kotoryy-isportil-hellouin,TRULY_MISSING,True,
rozhdestvenskoe-vino,TRULY_MISSING,True,
motel-paradiz,TRULY_MISSING,True,
ha-ha-hanna,TRULY_MISSING,True,
poddelka-3,TRULY_MISSING,True,
padenie-vashingtona,TRULY_MISSING,True,
dom-kukol,TRULY_MISSING,True,
yuzhnyy-shtorm,TRULY_MISSING,True,
semeynyy-portret,TRULY_MISSING,True,
otvergnutye-2,TRULY_MISSING,True,
chistilische-5-semya,TRULY_MISSING,True,
tayna-4,TRULY_MISSING,True,
reznya-pri-krasnom-prilive,TRULY_MISSING,True,
razboynik-2,TRULY_MISSING,True,
istorii-o-konce-sveta,TRULY_MISSING,True,
zhesty-lyubvi,TRULY_MISSING,True,
amerikanskaya-devchonka-korin-tan,TRULY_MISSING,True,
schitaya-ovec,TRULY_MISSING,True,
sabotazh-komandy,TRULY_MISSING,True,
morskoy-konek,TRULY_MISSING,True,
bayki-lesnoy-hizhiny,TRULY_MISSING,True,
nischiy-2,TRULY_MISSING,True,
rodstvennik,TRULY_MISSING,True,
s-kem-ty,TRULY_MISSING,True,
ruka-kachayuschaya-kolybel-3,TRULY_MISSING,True,
otkrovenie-4,TRULY_MISSING,True,
eskadra,TRULY_MISSING,True,
cherta,TRULY_MISSING,True,
antologiya-uzhasov-izdanie-1,TRULY_MISSING,True,
chut-dysha,TRULY_MISSING,True,
podnogotnaya-semok,TRULY_MISSING,True,
nevesty-vampirshi,TRULY_MISSING,True,
nam-nuzhno-pogovorit-2,TRULY_MISSING,True,
pozharnik-na-rozhdestvo,TRULY_MISSING,True,
v-kandalah,TRULY_MISSING,True,
poryadok-veschey,TRULY_MISSING,True,
chernaya-polosa-2,TRULY_MISSING,True,
angely-pyli,TRULY_MISSING,True,
dirizher-tishiny,TRULY_MISSING,True,
den-blagodareniya-uoltov,TRULY_MISSING,True,
12-istoriy-glena-anggara,TRULY_MISSING,True,
ditya-demona,TRULY_MISSING,True,
ponyat-i-prostit,TRULY_MISSING,True,
zaschitniki,TRULY_MISSING,True,
igry-santy,TRULY_MISSING,True,
gangster-gangaradzhu,TRULY_MISSING,True,
udachi-sakhi,TRULY_MISSING,True,
informator-3,TRULY_MISSING,True,
igra-5,TRULY_MISSING,True,
pozhirateli-3-poslednyaya-trapeza,TRULY_MISSING,True,
donadona,TRULY_MISSING,True,
provalivayte-neudachniki,TRULY_MISSING,True,
cyganskaya-nevesta,TRULY_MISSING,True,
afera-s-kreditom-gchp,TRULY_MISSING,True,
pavilon-2,TRULY_MISSING,True,
asek,TRULY_MISSING,True,
pugayuschiy-roman-3,TRULY_MISSING,True,
zhizn-v-tishine,TRULY_MISSING,True,
matadero,TRULY_MISSING,True,
lyubov-sredi-zvezd,TRULY_MISSING,True,
strashnye-istorii-ot-dzh-doter,TRULY_MISSING,True,
nagrady-radi,TRULY_MISSING,True,
miss-reynbou-medzhik-nachalo,TRULY_MISSING,True,
volshebnoe-mesto,TRULY_MISSING,True,
shafer-poslednie-glavy,TRULY_MISSING,True,
zima-83-go,TRULY_MISSING,True,
posmertnyy-film,TRULY_MISSING,True,
proklyatie-professora-zardonikusa,TRULY_MISSING,True,
lechenie-krikom,TRULY_MISSING,True,
vne-illyuziy,TRULY_MISSING,True,
pterodaktil-2,TRULY_MISSING,True,
princ-rima,TRULY_MISSING,True,
gaga,TRULY_MISSING,True,
most-shantili,TRULY_MISSING,True,
kvartira-na-dvoih,TRULY_MISSING,True,
tost-iz-tinseltauna,TRULY_MISSING,True,
pervobytnye,TRULY_MISSING,True,
neugodnye,TRULY_MISSING,True,
gospod-ushel-obedat,TRULY_MISSING,True,
trassa-15,TRULY_MISSING,True,
travlya,TRULY_MISSING,True,
proklyate-makbetov,TRULY_MISSING,True,
postav-mne-pyaterku,TRULY_MISSING,True,
vecherinka-na-rayone,TRULY_MISSING,True,
synovya-volya,TRULY_MISSING,True,
postpravda,TRULY_MISSING,True,
noev-kovcheg,TRULY_MISSING,True,
lovushka-dlya-bigfuta,TRULY_MISSING,True,
zhestkie-navyki,TRULY_MISSING,True,
ghatotkacha,TRULY_MISSING,True,
master-taychi,TRULY_MISSING,True,
epicheskie-priklyucheniya-s-berti-gregori,TRULY_MISSING,True,
mister-nyanya,TRULY_MISSING,True,
larri,TRULY_MISSING,True,
kuda-vedet-doroga,TRULY_MISSING,True,
dok-hollidey,TRULY_MISSING,True,
rozhdestvenskoe-ograblenie-2,TRULY_MISSING,True,
bolshie,TRULY_MISSING,True,
schaste-zavtrashnego-dnya,TRULY_MISSING,True,
prestupniki-v-sisteme-pravitelstva,TRULY_MISSING,True,
legenda-o-soldate,TRULY_MISSING,True,
ubiystvo-v-chircheo,TRULY_MISSING,True,
abbat-per,TRULY_MISSING,True,
zloy-rok,TRULY_MISSING,True,
samson-2,TRULY_MISSING,True,
pyaterka,TRULY_MISSING,True,
vysokostrashnyy,TRULY_MISSING,True,
veter-i-rasplata,TRULY_MISSING,True,
radosti-i-goresti,TRULY_MISSING,True,
vampiry-na-bortu,TRULY_MISSING,True,
elektrik,TRULY_MISSING,True,
zapomnite-menya-istoriya-mahalii-dzhekson,TRULY_MISSING,True,
do-luny-i-obratno,TRULY_MISSING,True,
den-progulov,TRULY_MISSING,True,
priznanie-5,TRULY_MISSING,True,
mamenkin-synok-4,TRULY_MISSING,True,
tayny-otelya,TRULY_MISSING,True,
ne-boysya-skazat-da,TRULY_MISSING,True,
vechnost-i-odin-den-2,TRULY_MISSING,True,
kak-vedut-dela-na-ulice,TRULY_MISSING,True,
krylya-svobody,TRULY_MISSING,True,
ekspress,TRULY_MISSING,True,
kottedzh-novyy-yug,TRULY_MISSING,True,
horoshaya-bi,TRULY_MISSING,True,
bismillah,TRULY_MISSING,True,
feministskiy-otvet,TRULY_MISSING,True,
broshennyy-3,TRULY_MISSING,True,
gde-byl-ogon,TRULY_MISSING,True,
a-znaete-togo,TRULY_MISSING,True,
vakhanaliya-peschernaya-devushka-iz-otkrytogo-kosmosa,TRULY_MISSING,True,
ryzhaya-na-vsyu-golovu,TRULY_MISSING,True,
krik-shou,TRULY_MISSING,True,
neonovyy-sosud,TRULY_MISSING,True,
idealnye-neznakomcy-4,TRULY_MISSING,True,
prestuplenie-2,TRULY_MISSING,True,
latti,TRULY_MISSING,True,
urok-4,TRULY_MISSING,True,
angely-ne-vedayut,TRULY_MISSING,True,
papashka,TRULY_MISSING,True,
prikovannye,TRULY_MISSING,True,
popolam,TRULY_MISSING,True,
kraynosti-nas-spasut,TRULY_MISSING,True,
nam-nuzhno-nemnogo-rozhdestva,TRULY_MISSING,True,
1122-za-schastlivyy-brak,TRULY_MISSING,True,
vse-v-poryadke-2,TRULY_MISSING,True,
podval-4,TRULY_MISSING,True,
orlando-blum-na-krayu,TRULY_MISSING,True,
musornyy-desant,TRULY_MISSING,True,
set-prometey,TRULY_MISSING,True,
rekviem-po-kriku,TRULY_MISSING,True,
42-dnya-vo-mrake,TRULY_MISSING,True,
takie-muzhchiny-dlya-vseh,TRULY_MISSING,True,
spuskovoy-kryuchok,TRULY_MISSING,True,
reemigranty,TRULY_MISSING,True,
chelovek,TRULY_MISSING,True,
notr-dam-v-ogne,TRULY_MISSING,True,
na-gorkom-opyte-3,TRULY_MISSING,True,
vstrecha-vypusknikov,TRULY_MISSING,True,
vse-eto-ne-ya,TRULY_MISSING,True,
hip-hop-schelkunchik,TRULY_MISSING,True,
fastfud,TRULY_MISSING,True,
do-zavtra,TRULY_MISSING,True,
korol-lahiri,TRULY_MISSING,True,
perevospitanie,TRULY_MISSING,True,
cheddi-eys,TRULY_MISSING,True,
ya-ne-v-odinochestve,TRULY_MISSING,True,
proch-3,TRULY_MISSING,True,
leyklends,TRULY_MISSING,True,
gotovmen,TRULY_MISSING,True,
sanni-2,TRULY_MISSING,True,
aptekar-melhior-prizrak,TRULY_MISSING,True,
pasadina,TRULY_MISSING,True,
dorogoy-natan-spasibo-salma,TRULY_MISSING,True,
kazhdyy-den-v-kaymuki,TRULY_MISSING,True,
a-gde-zhe-santa,TRULY_MISSING,True,
kapo-voshozhdenie-k-vlasti,TRULY_MISSING,True,
den-kogda-ty-menya-nashel,TRULY_MISSING,True,
perepleteniya,TRULY_MISSING,True,
davlenie-2,TRULY_MISSING,True,
chto-sluchilos-s-moey-sestroy,TRULY_MISSING,True,
troe-staryh-druzey-2,TRULY_MISSING,True,
pastor-torn-pohot-ploti,TRULY_MISSING,True,
koroleva-zapada,TRULY_MISSING,True,
bank-dharavi,TRULY_MISSING,True,
lyubov-i-igry,TRULY_MISSING,True,
uidzha-smertelnye-kanikuly,TRULY_MISSING,True,
kristian,TRULY_MISSING,True,
zachem-zhdat,TRULY_MISSING,True,
upadok-mira,TRULY_MISSING,True,
vysota-8000-futov,TRULY_MISSING,True,
vosmoy-otdel,TRULY_MISSING,True,
sladkiy-ukus-chernoy-vdovy,TRULY_MISSING,True,
deti-zheleznoy-dorogi-vozvraschayutsya,TRULY_MISSING,True,
dobro-pozhalovat-violeta,TRULY_MISSING,True,
film,TRULY_MISSING,True,
sezon-rasplaty,TRULY_MISSING,True,
sdelano-v-malakanange,TRULY_MISSING,True,
larri-i-mogila-v-sosnovom-lesu,TRULY_MISSING,True,
brat-4,TRULY_MISSING,True,
raz-i-navsegda-2,TRULY_MISSING,True,
otravlennye-strely,TRULY_MISSING,True,
lunnyy-zamok,TRULY_MISSING,True,
vtoroe-prishestvie-kumira,TRULY_MISSING,True,
svalivay-esli-smozhesh,TRULY_MISSING,True,
voronka-film-antologiya,TRULY_MISSING,True,
krepost-greha,TRULY_MISSING,True,
proklyatie-plasticheskogo-hirurga-2,TRULY_MISSING,True,
zasuha,TRULY_MISSING,True,
poceluy-zla,TRULY_MISSING,True,
nichego-ne-sluchilos,TRULY_MISSING,True,
pulishich,TRULY_MISSING,True,
piraty-vo-vremeni,TRULY_MISSING,True,
golyy-plotnik,TRULY_MISSING,True,
temnye-vremena-annigilyaciya,TRULY_MISSING,True,
sofi-i-seriynye-ubiycy,TRULY_MISSING,True,
posle-pandemii,TRULY_MISSING,True,
zlodei-velli-vyu,TRULY_MISSING,True,
nikamma,TRULY_MISSING,True,
krasotka-na-nervah,TRULY_MISSING,True,
bolshaya-igra-5,TRULY_MISSING,True,
semret,TRULY_MISSING,True,
nayti-ee,TRULY_MISSING,True,
greh-amishey,TRULY_MISSING,True,
byvshaya-lyubov-2,TRULY_MISSING,True,
madappuli-edinaya,TRULY_MISSING,True,
izvraschennaya-lyubov,TRULY_MISSING,True,
nevesta-iz-ameriki,TRULY_MISSING,True,
erinii,TRULY_MISSING,True,
ohota-za-otravoy-udar-molnii,TRULY_MISSING,True,
ballada-o-drakah,TRULY_MISSING,True,
zagnannyy-v-ugol,TRULY_MISSING,True,
mumiya-voskreshenie-2,TRULY_MISSING,True,
zhenskiy-faktor,TRULY_MISSING,True,
grehi-roditeley,TRULY_MISSING,True,
zemlya-vnutri,TRULY_MISSING,True,
lyubov-v-nasledstvo,TRULY_MISSING,True,
brikety,TRULY_MISSING,True,
ubiystva-v-bolcano,TRULY_MISSING,True,
stavka-na-lyubov,TRULY_MISSING,True,
drakon-oruzhie-boga,TRULY_MISSING,True,
chastota-straha,TRULY_MISSING,True,
dorogoy-palach,TRULY_MISSING,True,
brodyaga-2,TRULY_MISSING,True,
poslednee-rodeo,TRULY_MISSING,True,
zhnec-2,TRULY_MISSING,True,
lozh-vo-spasenie-2,TRULY_MISSING,True,
bezdna-avaddona,TRULY_MISSING,True,
udushe-3,TRULY_MISSING,True,
timbilding,TRULY_MISSING,True,
dvadva,TRULY_MISSING,True,
dovolno-neplohoy-den,TRULY_MISSING,True,
braytvud,TRULY_MISSING,True,
simp,TRULY_MISSING,True,
odnazhdy-v-gollichude,TRULY_MISSING,True,
rozhdennyy-vo-sne,TRULY_MISSING,True,
v-pogone-za-mechtoy-2,TRULY_MISSING,True,
mister-franklin,TRULY_MISSING,True,
dvoynaya-zhizn-zheniha,TRULY_MISSING,True,
dvenadcat-kanunov-rozhdestva,TRULY_MISSING,True,
nyanki-2,TRULY_MISSING,True,
sobrano-s-lyubovyu,TRULY_MISSING,True,
dzhess-sama-po-sebe,TRULY_MISSING,True,
v-nashi-dni,TRULY_MISSING,True,
druzya-detstva,TRULY_MISSING,True,
v-poiskah-himii,TRULY_MISSING,True,
chandramukhi-2,TRULY_MISSING,True,
esche-odin-sposob-umeret,TRULY_MISSING,True,
odinokiy-soldat,TRULY_MISSING,True,
vse-ili-nichego-4,TRULY_MISSING,True,
propavshie-pisma-do-luny-i-obratno,TRULY_MISSING,True,
poezdka-v-arendu,TRULY_MISSING,True,
krovnaya-klyatva,TRULY_MISSING,True,
gorod-prizrak-amerikanskiy-terror,TRULY_MISSING,True,
final-3,TRULY_MISSING,True,
esh-bogatyh,TRULY_MISSING,True,
totalnyy-bos,TRULY_MISSING,True,
pohischenie-v-grand-kanone,TRULY_MISSING,True,
kolay,TRULY_MISSING,True,
gravidam,TRULY_MISSING,True,
otdam-v-zlye-ruki,TRULY_MISSING,True,
sissi-i-ya,TRULY_MISSING,True,
plany-na-vecher-pyatnicy,TRULY_MISSING,True,
goryachaya-tema,TRULY_MISSING,True,
neozhidannost-2,TRULY_MISSING,True,
idealnoe-nesovpadenie,TRULY_MISSING,True,
starosta-derevni,TRULY_MISSING,True,
tri-dnya-rozhdeniya,TRULY_MISSING,True,
poveshannaya-devushka,TRULY_MISSING,True,
pogruzhenie-v-bezdnu,TRULY_MISSING,True,
nichego-neponyatno,TRULY_MISSING,True,
smertelnaya-zaputannost,TRULY_MISSING,True,
kak-slozhno-govorit-proschay,TRULY_MISSING,True,
vidimost-2,TRULY_MISSING,True,
zavoevanie-andalusii,TRULY_MISSING,True,
kletka-duha-2,TRULY_MISSING,True,
99,TRULY_MISSING,True,
bestseller-3,TRULY_MISSING,True,
duh-zloby,TRULY_MISSING,True,
horoshie-parni-finishiruyut-poslednimi,TRULY_MISSING,True,
veteran-3,TRULY_MISSING,True,
dom-dlya-korolevskogo-serdca,TRULY_MISSING,True,
11-11-2,TRULY_MISSING,True,
lyubov-vne-sofitov,TRULY_MISSING,True,
posledniy-vagon,TRULY_MISSING,True,
greyvz,TRULY_MISSING,True,
vyzhit-v-gaze,TRULY_MISSING,True,
mister-bons-3-syn-bonsa,TRULY_MISSING,True,
nichego-ne-proishodit-italiya,TRULY_MISSING,True,
volshebnye-pokroviteli-esche-volshebnee,TRULY_MISSING,True,
spasibo-i-dobroy-nochi-istoriya-bon-jovi,TRULY_MISSING,True,
kvartal-181,TRULY_MISSING,True,
v-pogone-za-prizrakom,TRULY_MISSING,True,
advokatskoe-byuro-battalya,TRULY_MISSING,True,
sluchaynaya-vstrecha,TRULY_MISSING,True,
geroy-6,TRULY_MISSING,True,
yarkiy-period-rascveta,TRULY_MISSING,True,
razdel-mira,TRULY_MISSING,True,
bog-i-salsa,TRULY_MISSING,True,
rudi,TRULY_MISSING,True,
monrealskiy-sindrom,TRULY_MISSING,True,
malchishnik-v-tyurme,TRULY_MISSING,True,
bez-maski,TRULY_MISSING,True,
soobschenie-o-pohischenii,TRULY_MISSING,True,
doktor-ekstaz,TRULY_MISSING,True,
v-vogue-90e,TRULY_MISSING,True,
akulya-zavod,TRULY_MISSING,True,
vseyadnye-puteshestvie-edy,TRULY_MISSING,True,
vzglyad-v-buduschee,TRULY_MISSING,True,
traektoriya,TRULY_MISSING,True,
den-materi-otmenyaetsya,TRULY_MISSING,True,
rozhdestvenskoe-priklyuchenie-belosnezhki,TRULY_MISSING,True,
strast-obman-i-izmena,TRULY_MISSING,True,
shuty-slavy,TRULY_MISSING,True,
lyubov-na-vsyu-zhizn,TRULY_MISSING,True,
nebesnye-raskaty,TRULY_MISSING,True,
koroli-kuinstauna,TRULY_MISSING,True,
zamuzh-za-byvshego,TRULY_MISSING,True,
vozvraschenie-v-striptiz,TRULY_MISSING,True,
horoshie-kompanii,TRULY_MISSING,True,
zhazhda-krovi-2,TRULY_MISSING,True,
mama-govorila,TRULY_MISSING,True,
my-uzhe-vzroslye,TRULY_MISSING,True,
moy-otec-geroy,TRULY_MISSING,True,
zov-krovi-2,TRULY_MISSING,True,
seychas-ili-nikogda-2,TRULY_MISSING,True,
perestroyka-vnutri-kluba-monreal-kanadiens,TRULY_MISSING,True,
plan-uroka,TRULY_MISSING,True,
beginki,TRULY_MISSING,True,
podarok-sudby-2,TRULY_MISSING,True,
follover,TRULY_MISSING,True,
nepopravimaya-utrata,TRULY_MISSING,True,
ispoved-supergeroya,TRULY_MISSING,True,
bezzaschitnye,TRULY_MISSING,True,
so-stertoy-pamyatyu,TRULY_MISSING,True,
zhizn-banditov,TRULY_MISSING,True,
rozhdestvo-v-amitiville,TRULY_MISSING,True,
roy-3,TRULY_MISSING,True,
noch-zodiaka,TRULY_MISSING,True,
bezymyannyy-i-dinamit,TRULY_MISSING,True,
semya-prevyshe-vsego,TRULY_MISSING,True,
pisatel-hudozhnik-pirat-korol,TRULY_MISSING,True,
odnocentovyy-vor,TRULY_MISSING,True,
dzhungli-3,TRULY_MISSING,True,
kukla-3,TRULY_MISSING,True,
demon-ravana,TRULY_MISSING,True,
ernhardt,TRULY_MISSING,True,
kubok-shesti-naciy-polnyy-kontakt,TRULY_MISSING,True,
raspilennyy,TRULY_MISSING,True,
hlopkovyy-hvost,TRULY_MISSING,True,
6-6-66-za-predelami-raya,TRULY_MISSING,True,
noch-topora,TRULY_MISSING,True,
konec-lagerya-krovi,TRULY_MISSING,True,
macheha-2-2,TRULY_MISSING,True,
dolgaya-noch-padenie-duche,TRULY_MISSING,True,
odin-iz-sta,TRULY_MISSING,True,
na-pereferii,TRULY_MISSING,True,
aldnoa-zero-fragmenty-dozhdya-predposlednyaya-istina,TRULY_MISSING,True,
roza-alabamy,TRULY_MISSING,True,
plohaya-nyanya-2,TRULY_MISSING,True,
dzhuking,TRULY_MISSING,True,
po-ushi-v-etom,TRULY_MISSING,True,
rozhdestvenskiy-princ,TRULY_MISSING,True,
mancikert-1071-y,TRULY_MISSING,True,
zaschitnik-9,TRULY_MISSING,True,
linii-uskolzaniya,TRULY_MISSING,True,
geroy-odnazhdy,TRULY_MISSING,True,
lovec-kroshek,TRULY_MISSING,True,
krovavaya-igra,TRULY_MISSING,True,
direktor,TRULY_MISSING,True,
razoblachenie-2,TRULY_MISSING,True,
posledniy-chelovek-na-zemle,TRULY_MISSING,True,
acharya,TRULY_MISSING,True,
pesn-ubiyc,TRULY_MISSING,True,
nedotepy,TRULY_MISSING,True,
ulybka-4,TRULY_MISSING,True,
proekt-neny,TRULY_MISSING,True,
korolevskoe-rozhdestvo-na-ldu,TRULY_MISSING,True,
tabletka,TRULY_MISSING,True,
dve-storony-propasti,TRULY_MISSING,True,
ubit-smollsa,TRULY_MISSING,True,
ustroim-rozhdestvo-2,TRULY_MISSING,True,
udivitelnye-istorii-uzhasov-roktapussi,TRULY_MISSING,True,
ne-poymi-gde,TRULY_MISSING,True,
vsegda-est-zavtra,TRULY_MISSING,True,
tayny-bezuprechnoy-chistoty-opasnoe-zadanie,TRULY_MISSING,True,
alfa-samec,TRULY_MISSING,True,
u-lin-obschestvo,TRULY_MISSING,True,
posledniy-den-moey-zhizni,TRULY_MISSING,True,
prosnis-2,TRULY_MISSING,True,
chemodan-ubiyca-istoriya-melani-makguayr,TRULY_MISSING,True,
prizrak-blekvella-7,TRULY_MISSING,True,
zakrytoe-obschestvo,TRULY_MISSING,True,
programma-moshenniki-sekty-i-pohischeniya,TRULY_MISSING,True,
plata-za-izmenu,TRULY_MISSING,True,
vechernee-shou-odinokie-dushi,TRULY_MISSING,True,
domashniy-yeti,TRULY_MISSING,True,
rebenok-ot-tebya,TRULY_MISSING,True,
rozhdestvo-v-grinbrayer,TRULY_MISSING,True,
ya-vse-ravno-tebya-lyublyu,TRULY_MISSING,True,
galereya-disney-kniga-boby-fetta,TRULY_MISSING,True,
tihaya-noch-4,TRULY_MISSING,True,
v-poiskah-nee,TRULY_MISSING,True,
mezh-dvuh-domov,TRULY_MISSING,True,
kartikeya-2,TRULY_MISSING,True,
vampirus,TRULY_MISSING,True,
spasibo,TRULY_MISSING,True,
vdavi-pedal-v-pol,TRULY_MISSING,True,
super-zyat,TRULY_MISSING,True,
na-puti,TRULY_MISSING,True,
mini-zlatan-i-lyubimyy-dyadyushka,TRULY_MISSING,True,
klyuch-k-armageddonu,TRULY_MISSING,True,
evangelie,TRULY_MISSING,True,
tykvennaya-nora,TRULY_MISSING,True,
ohota-na-vedm,TRULY_MISSING,True,
moczin-taynaya-grobnica,TRULY_MISSING,True,
archi-2,TRULY_MISSING,True,
smena,TRULY_MISSING,True,
potustoronnee-3,TRULY_MISSING,True,
evreyskiy-sovet,TRULY_MISSING,True,
devushka-s-vilkoy,TRULY_MISSING,True,
ple-ple-pleyady-voshozhdenie-v-teni,TRULY_MISSING,True,
rules-of-the-game,TRULY_MISSING,True,
kak-vse-isportit,TRULY_MISSING,True,
bratya-po-komnate,TRULY_MISSING,True,
banditskiy-gorod,TRULY_MISSING,True,
ochnis,TRULY_MISSING,True,
utopiya-2,TRULY_MISSING,True,
festival-trubadurov,TRULY_MISSING,True,
to-chto-ostaetsya-posle-nas,TRULY_MISSING,True,
suschiy-grad,TRULY_MISSING,True,
nazad-v-stranu-chudes,TRULY_MISSING,True,
lihachi,TRULY_MISSING,True,
razluchennye,TRULY_MISSING,True,
viruman,TRULY_MISSING,True,
predvidenie,TRULY_MISSING,True,
auditor,TRULY_MISSING,True,
zimniy-dvorec-2,TRULY_MISSING,True,
nesmotrya-ni-na-chto-2,TRULY_MISSING,True,
elektroson,TRULY_MISSING,True,
ya-prismotryu-za-toboy,TRULY_MISSING,True,
dom-reykerov,TRULY_MISSING,True,
moya-krov-zakipaet-ryadom-s-toboy,TRULY_MISSING,True,
vse-pod-kontrolem,TRULY_MISSING,True,
iskrenne-vashe-rozhdestvo-2,TRULY_MISSING,True,
kurortnyy-roman,TRULY_MISSING,True,
zhizn-rominy,TRULY_MISSING,True,
sluchaynyy-zvonok,TRULY_MISSING,True,
devushka-kastet,TRULY_MISSING,True,
devushka-zontik,TRULY_MISSING,True,
prestupleniya-vo-vremeni,TRULY_MISSING,True,
kvazi,TRULY_MISSING,True,
zima-gryaduschaya,TRULY_MISSING,True,
besstrashnaya-troica,TRULY_MISSING,True,
baza-eho,TRULY_MISSING,True,
kvartira-v-amitiville,TRULY_MISSING,True,
lomaya-beskonechnost,TRULY_MISSING,True,
dyavol-britanskiy-sekretnyy-agent,TRULY_MISSING,True,
maksimum-pravdy,TRULY_MISSING,True,
gumraah,TRULY_MISSING,True,
destini-obretaet-sudbu,TRULY_MISSING,True,
zhazhda-3,TRULY_MISSING,True,
spisok-poceluev,TRULY_MISSING,True,
odnazhdy-zvezda,TRULY_MISSING,True,
konvulsii,TRULY_MISSING,True,
kak-spravitsya-s-razbitym-serdcem,TRULY_MISSING,True,
vikingi-zhazhda-krovi,TRULY_MISSING,True,
iz-zavtrashnego-dnya,TRULY_MISSING,True,
yad-meduzy,TRULY_MISSING,True,
terapiya-travmy-psihoz,TRULY_MISSING,True,
poteryannaya-strana,TRULY_MISSING,True,
daysuke-dzigen,TRULY_MISSING,True,
kosmicheskiy-shattl-kolumbiya-posledniy-polet,TRULY_MISSING,True,
semya-eto-navsegda,TRULY_MISSING,True,
mrak-2,TRULY_MISSING,True,
aptekar-melhior-doch-palacha,TRULY_MISSING,True,
osleplenie,TRULY_MISSING,True,
deyzi-2,TRULY_MISSING,True,
pushki-edema,TRULY_MISSING,True,
poterya-2,TRULY_MISSING,True,
molodaya-zhena,TRULY_MISSING,True,
klub-chetverg,TRULY_MISSING,True,
ograblenie-po-shvedski,TRULY_MISSING,True,
predstoyaschii-marshrut,TRULY_MISSING,True,
posvyaschennye,TRULY_MISSING,True,
bhola-shankar,TRULY_MISSING,True,
sinam,TRULY_MISSING,True,
razgovor,TRULY_MISSING,True,
pudra-2,TRULY_MISSING,True,
proklyatie-krovavoy-meri-2,TRULY_MISSING,True,
nayti-sebya,TRULY_MISSING,True,
toksichnost-2,TRULY_MISSING,True,
mir-fantaziy,TRULY_MISSING,True,
nedomonogamiya,TRULY_MISSING,True,
film-vselennaya-olivera,TRULY_MISSING,True,
revolyuciya-iks,TRULY_MISSING,True,
cerkov-tmy,TRULY_MISSING,True,
hilma,TRULY_MISSING,True,
rol-sem,TRULY_MISSING,True,
spring-leyks,TRULY_MISSING,True,
intermedium,TRULY_MISSING,True,
tihaya-noch-fatalnaya-noch,TRULY_MISSING,True,
leto-nasiliya,TRULY_MISSING,True,
lyubov-na-rifah,TRULY_MISSING,True,
rayskaya-ptashka,TRULY_MISSING,True,
kriticheskaya-zona,TRULY_MISSING,True,
koshmarnyy-konkurs,TRULY_MISSING,True,
podderzhka,TRULY_MISSING,True,
strana-zhenschin,TRULY_MISSING,True,
mir-na-ladoni,TRULY_MISSING,True,
orlya,TRULY_MISSING,True,
galateya,TRULY_MISSING,True,
v-okruzhenii,TRULY_MISSING,True,
tebe-ne-sbezhat-ot-menya,TRULY_MISSING,True,
kiska-iz-bednogo-rayona,TRULY_MISSING,True,
poslannyy-nebesami,TRULY_MISSING,True,
ekstrasensornye-videniya,TRULY_MISSING,True,
dyavol-iz-sabderi,TRULY_MISSING,True,
otel-s-prizrakami,TRULY_MISSING,True,
krasnaya-nadezhda,TRULY_MISSING,True,
svobodnoe-vremya,TRULY_MISSING,True,
obmanschik-kapitan-kid,TRULY_MISSING,True,
migel-hochet-dratsya,TRULY_MISSING,True,
vrazhdebnye-izmereniya,TRULY_MISSING,True,
tigr-nagesvara-rao,TRULY_MISSING,True,
ne-sdvigay-s-mesta-moyu-goru,TRULY_MISSING,True,
o-gnev-lyubvi,TRULY_MISSING,True,
portret-czyanhu-reki-i-ozera-5,TRULY_MISSING,True,
strannyy-sluchay-normalnosti,TRULY_MISSING,True,
moloko,TRULY_MISSING,True,
posudomoyschik,TRULY_MISSING,True,
koroli-los-andzhelesa,TRULY_MISSING,True,
rozhdestvo-v-otele-holli-dey,TRULY_MISSING,True,
horoshie-manery,TRULY_MISSING,True,
kafe-lyubvi,TRULY_MISSING,True,
mladshiy-brat-2,TRULY_MISSING,True,
dni-kotoryh-ne-bylo,TRULY_MISSING,True,
avrora-4,TRULY_MISSING,True,
ruki-proch-ot-moego-otca,TRULY_MISSING,True,
vklad-v-rozhdestvo,TRULY_MISSING,True,
lesnaya-strana,TRULY_MISSING,True,
rodina-2,TRULY_MISSING,True,
parallelnye-miry-psihodelicheskaya-istoriya-lyubvi,TRULY_MISSING,True,
zriteli,TRULY_MISSING,True,
sunita,TRULY_MISSING,True,
lyubov-bez-granic,TRULY_MISSING,True,
vozvraschaya-rozhdestvo-domoy,TRULY_MISSING,True,
svadba-na-gaiti,TRULY_MISSING,True,
muzik-tigr-v-lesu,TRULY_MISSING,True,
izgoi-2,TRULY_MISSING,True,
banel-i-adama,TRULY_MISSING,True,
v-mode-lyubov,TRULY_MISSING,True,
pomogi-mne,TRULY_MISSING,True,
battlboks,TRULY_MISSING,True,
bolotnyy-chelovek,TRULY_MISSING,True,
kakoy-to-endi,TRULY_MISSING,True,
imya-lyubov,TRULY_MISSING,True,
dur,TRULY_MISSING,True,
komanda-pobediteley,TRULY_MISSING,True,
chernye-glaza,TRULY_MISSING,True,
vopros-lyubvi,TRULY_MISSING,True,
agnostik,TRULY_MISSING,True,
amsterdam,TRULY_MISSING,True,
nikogda-ne-govori-nikogda-3,TRULY_MISSING,True,
nasha-rozhdestvenskaya-svadba,TRULY_MISSING,True,
do-vstrechi-v-shotlandii,TRULY_MISSING,True,
utkatar,TRULY_MISSING,True,
vkus-hvaly,TRULY_MISSING,True,
krutye-menty-3,TRULY_MISSING,True,
zlodey-4,TRULY_MISSING,True,
pohischenie-14-dney-vyzhivaniya,TRULY_MISSING,True,
noch-zhatvy,TRULY_MISSING,True,
vanda-i-salli,TRULY_MISSING,True,
bandy-lagosa,TRULY_MISSING,True,
absolyutnoe-gospodstvo,TRULY_MISSING,True,
ditya-5,TRULY_MISSING,True,
marisol,TRULY_MISSING,True,
ubiyca-6,TRULY_MISSING,True,
lyudskie-resursy,TRULY_MISSING,True,
marginaly,TRULY_MISSING,True,
ubiyca-0-proishozhdenie-zla,TRULY_MISSING,True,
smert-ili-son,TRULY_MISSING,True,
vozvraschaya-rozhdestvo,TRULY_MISSING,True,
grezy-nayavu,TRULY_MISSING,True,
pozhiraya-nebesa,TRULY_MISSING,True,
petuh-2,TRULY_MISSING,True,
svobodnye-dengi,TRULY_MISSING,True,
vykup-docheri,TRULY_MISSING,True,
paragon-2,TRULY_MISSING,True,
zatmenie-4,TRULY_MISSING,True,
ubiystvennyy-kasting,TRULY_MISSING,True,
banda-polumesyaca,TRULY_MISSING,True,
svadba-mechty-2,TRULY_MISSING,True,
falshivaya-lyubov-razvod-na-dengi,TRULY_MISSING,True,
nesmolkayuschiy-shum,TRULY_MISSING,True,
detektiv-yagodichki,TRULY_MISSING,True,
ne-bespokoit-4,TRULY_MISSING,True,
roman-v-egipte,TRULY_MISSING,True,
vyzhzhennaya-zemlya-2,TRULY_MISSING,True,
bolshie-malchiki,TRULY_MISSING,True,
prostye-veschi,TRULY_MISSING,True,
ne-odin-doma,TRULY_MISSING,True,
na-volnah-very,TRULY_MISSING,True,
bionika,TRULY_MISSING,True,
odnoklassnicy,TRULY_MISSING,True,
banda-olsena-operaciya-krik,TRULY_MISSING,True,
malenkaya-semeynaya-drama,TRULY_MISSING,True,
potryasayuschee-rozhdestvo-2,TRULY_MISSING,True,
ni-slova,TRULY_MISSING,True,
tyurma-v-andah,TRULY_MISSING,True,
nasha-skromnaya-svadba,TRULY_MISSING,True,
a-zatem-prileteli-kozodoi,TRULY_MISSING,True,
peggi,TRULY_MISSING,True,
ne-bez-greha,TRULY_MISSING,True,
plennik-rassveta,TRULY_MISSING,True,
sakura-voyna-mirov-film,TRULY_MISSING,True,
maykl-2,TRULY_MISSING,True,
oregon,TRULY_MISSING,True,
poka-ne-stemneet,TRULY_MISSING,True,
druzya-aykacu-iskryaschayasya-zhemchuzhina,TRULY_MISSING,True,
algeya-bog-boli,TRULY_MISSING,True,
brodyachie-psy-2,TRULY_MISSING,True,
lyubov-v-klubah-dyma,TRULY_MISSING,True,
legenda-o-dzheke-i-diane,TRULY_MISSING,True,
emmanuel-iz-amitivilya,TRULY_MISSING,True,
mir-gde-my-poteryalis,TRULY_MISSING,True,
tri-syschika-nasledie-drakona,TRULY_MISSING,True,
beshenye-koshki,TRULY_MISSING,True,
domrabotnica,TRULY_MISSING,True,
znamenitost-3,TRULY_MISSING,True,
podpiska-na-lyubov,TRULY_MISSING,True,
ekskursiya-3,TRULY_MISSING,True,
nemec,TRULY_MISSING,True,
blich-dzhamp-festa-2004,TRULY_MISSING,True,
vechnyy-bessmertnyy-nebosvod-3,TRULY_MISSING,True,
vechnyy-bessmertnyy-nebosvod-2,TRULY_MISSING,True,
vechnyy-bessmertnyy-nebosvod,TRULY_MISSING,True,
a3-vesna-i-leto,TRULY_MISSING,True,
a3-osen-i-zima,TRULY_MISSING,True,
zheleznyy-mirotvorec-vera,TRULY_MISSING,True,
koshachiy-chay-specvypuski,TRULY_MISSING,True,
koshachiy-chay-epizod-5-5,TRULY_MISSING,True,
dzegapeyn-sta,TRULY_MISSING,True,
sumerechnye-krylya,TRULY_MISSING,True,
staryy-krokodil,TRULY_MISSING,True,
pesnya-luny,TRULY_MISSING,True,
volnyy-stil-vechnoe-sorevnovanie-uzy,TRULY_MISSING,True,
pokemon-xy-z-vulkanion-i-mehanicheskaya-magiana,TRULY_MISSING,True,
voskreshenie-nindzya,TRULY_MISSING,True,
vooruzhennye-shkolniki-basket-armiya,TRULY_MISSING,True,
koshachiy-chay-2,TRULY_MISSING,True,
koshachiy-chay,TRULY_MISSING,True,
sobachiy-chay,TRULY_MISSING,True,
vindariya,TRULY_MISSING,True,
vpered-2,TRULY_MISSING,True,
hameleon-4,TRULY_MISSING,True,
tanec-mechey-cvetochnyy-krug-zimnie-cvety,TRULY_MISSING,True,
iskry-nad-bruklinom,TRULY_MISSING,True,
malibu-moya-mechta-tvoya-mechta,TRULY_MISSING,True,
druzya-2,TRULY_MISSING,True,
gde-chert-ne-smozhet-tam-baba-pomozhet-2,TRULY_MISSING,True,
blizko-k-tebe,TRULY_MISSING,True,
volchica,TRULY_MISSING,True,
kamera-hraneniya,TRULY_MISSING,True,
pust-techet-reka,TRULY_MISSING,True,
otorvy,TRULY_MISSING,True,
u-kazhdogo-svoe-prednaznachenie,TRULY_MISSING,True,
miloserdie-3,TRULY_MISSING,True,
holodnoe-kopirovanie,TRULY_MISSING,True,
tehnobratya,TRULY_MISSING,True,
rasplata-14,TRULY_MISSING,True,
starik-dzhekson,TRULY_MISSING,True,
primernoe-vozhdenie,TRULY_MISSING,True,
krovavyy-lager-666-chast-2-izgnanie-klouna,TRULY_MISSING,True,
teddi-mne-skazal,TRULY_MISSING,True,
pogonya-za-nadezhdoy,TRULY_MISSING,True,
nikogda-ne-sdavaysya-2,TRULY_MISSING,True,
pryanaya-tykva,TRULY_MISSING,True,
ubiystvo-v-osobnyake-blektorn,TRULY_MISSING,True,
cvet-nastroeniya-zelenyy,TRULY_MISSING,True,
vozhdenie-v-netrezvom-vide-i-semnadcatiletnie,TRULY_MISSING,True,
ya-mogu,TRULY_MISSING,True,
murashki-3,TRULY_MISSING,True,
bessonnica-posle-shkoly,TRULY_MISSING,True,
tryasina,TRULY_MISSING,True,
chto-budet-zavtra,TRULY_MISSING,True,
sumerki-ischeznovenie-nika-brandreta,TRULY_MISSING,True,
anu,TRULY_MISSING,True,
sekrety-izumrudnogo-i-belogo-chast-pervaya,TRULY_MISSING,True,
milaya-romanticheskaya-komediya,TRULY_MISSING,True,
magiya-baryg,TRULY_MISSING,True,
pobeg-8,TRULY_MISSING,True,
neopoznannyy-incident,TRULY_MISSING,True,
dusha-4,TRULY_MISSING,True,
mesto-kostey,TRULY_MISSING,True,
morrison,TRULY_MISSING,True,
vystrel-martini,TRULY_MISSING,True,
puli-2,TRULY_MISSING,True,
sestry-v-begah,TRULY_MISSING,True,
pora-za-podvigi-geroy,TRULY_MISSING,True,
malchik-iz-niotkuda,TRULY_MISSING,True,
podozrevaemyy-ubiystvo-zhana-sharlya-de-menezesa,TRULY_MISSING,True,
strah-4,TRULY_MISSING,True,
chasovoy-2,TRULY_MISSING,True,
korolevskaya-semya-2,TRULY_MISSING,True,
anaon,TRULY_MISSING,True,
orel-i-chervyak,TRULY_MISSING,True,
rasseyannost,TRULY_MISSING,True,
neotvratimyy-put,TRULY_MISSING,True,
proklyatie-rapuncel-2,TRULY_MISSING,True,
cvetok-moego-serdca,TRULY_MISSING,True,
200-funtov-krasoty-2,TRULY_MISSING,True,
momo-v-dubai,TRULY_MISSING,True,
pervyy-den-na-vole,TRULY_MISSING,True,
rita-2,TRULY_MISSING,True,
taynoe-iskusstvo-chelovecheskogo-poleta,TRULY_MISSING,True,
bliny,TRULY_MISSING,True,
istoriya-uzhasov-2,TRULY_MISSING,True,
zolushka-na-karibah,TRULY_MISSING,True,
vstret-menya-v-parizhe,TRULY_MISSING,True,
nochnye-kopy,TRULY_MISSING,True,
s-dnem-rozhdeniya-2,TRULY_MISSING,True,
kapitan-5,TRULY_MISSING,True,
akvalang,TRULY_MISSING,True,
durnoe-vliyanie-3,TRULY_MISSING,True,
druzya-do-groba-2,TRULY_MISSING,True,
krovavyy-ionann,TRULY_MISSING,True,
soderzhanka-ubiyca,TRULY_MISSING,True,
po-sosedski-2,TRULY_MISSING,True,
kung-fu-princessa,TRULY_MISSING,True,
dom-dlya-prazdnikov,TRULY_MISSING,True,
indigo,TRULY_MISSING,True,
prazdnichnyy-povorot,TRULY_MISSING,True,
nochnye-vstrechi,TRULY_MISSING,True,
osada-3,TRULY_MISSING,True,
noch-straha-2,TRULY_MISSING,True,
tretya-figura,TRULY_MISSING,True,
nachinayuschaya-zhenschina-rezhisser,TRULY_MISSING,True,
schepotka-portugalii,TRULY_MISSING,True,
papa-ili-mama,TRULY_MISSING,True,
stavka,TRULY_MISSING,True,
avtostopschica,TRULY_MISSING,True,
cvetok,TRULY_MISSING,True,
kak-ona-poymala-ubiycu,TRULY_MISSING,True,
perelomnyy-moment-6,TRULY_MISSING,True,
plemya-dzhudovo,TRULY_MISSING,True,
svyataya-svekrov,TRULY_MISSING,True,
ubit-otchima,TRULY_MISSING,True,
sygrat-v-yaschik-2,TRULY_MISSING,True,
reyni-storms,TRULY_MISSING,True,
smert-na-granice,TRULY_MISSING,True,
bhagavant-kesari,TRULY_MISSING,True,
vecher-lyubvi,TRULY_MISSING,True,
vizit-papy-rimskogo,TRULY_MISSING,True,
dobrye-lyudi-iz-orfan-ridzh,TRULY_MISSING,True,
v-pogone-za-festivalem-sandens,TRULY_MISSING,True,
va-bank-ili-kak-ograbit-stranu-vo-vremya-pandemii,TRULY_MISSING,True,
santimetr,TRULY_MISSING,True,
eda-dlya-dushi,TRULY_MISSING,True,
sova-v-centre-goroda,TRULY_MISSING,True,
on-nikogda-ne-uhodil,TRULY_MISSING,True,
v-nuzhnom-meste-v-nuzhnoe-vremya,TRULY_MISSING,True,
luchshie-dni-3,TRULY_MISSING,True,
duh-kukly,TRULY_MISSING,True,
mister-rozhdestvo-2,TRULY_MISSING,True,
glava-desyataya,TRULY_MISSING,True,
shag-k-lyubvi,TRULY_MISSING,True,
boga-zdes-net,TRULY_MISSING,True,
zdes,TRULY_MISSING,True,
direktrisa,TRULY_MISSING,True,
zakusochnaya-golodnogo-prizraka,TRULY_MISSING,True,
plamya-spichki-2-zaliv-lunada,TRULY_MISSING,True,
sayen-doroga-pustyni,TRULY_MISSING,True,
gintama-v-kino-baragaki,TRULY_MISSING,True,
noch-naglyh-parazitov,TRULY_MISSING,True,
odnazhdy-my-pogovorim-ob-etom,TRULY_MISSING,True,
agilan-korol-indiyskogo-okeana,TRULY_MISSING,True,
atomy,TRULY_MISSING,True,
professionalnaya-podruzhka-nevesty,TRULY_MISSING,True,
sezon-pozharov,TRULY_MISSING,True,
poka-ne-pogasnut-ogni,TRULY_MISSING,True,
chernaya-messa-2,TRULY_MISSING,True,
dar-straha,TRULY_MISSING,True,
tpubnaya-naciya,TRULY_MISSING,True,
opasnoe-nasledstvo,TRULY_MISSING,True,
korolevy-goroda-avtomatov,TRULY_MISSING,True,
kofeynye-voyny,TRULY_MISSING,True,
talisman,TRULY_MISSING,True,
vershina-istinnyh-boevyh-iskusstv,TRULY_MISSING,True,
grecheskiy-recept-lyubvi,TRULY_MISSING,True,
abbatisa,TRULY_MISSING,True,
s-sozhaleniem-na-rassvete,TRULY_MISSING,True,
vymogatelstvo-2,TRULY_MISSING,True,
rannyaya-ptashka,TRULY_MISSING,True,
hraniteli-3,TRULY_MISSING,True,
chto-nravitsya-parnyam,TRULY_MISSING,True,
o-nem-i-o-ney,TRULY_MISSING,True,
beskonechnoe-voskresene,TRULY_MISSING,True,
puteshestvie-vo-vremeni-s-tekiloy,TRULY_MISSING,True,
obstoyatelstva-4,TRULY_MISSING,True,
nichya-zemlya-2,TRULY_MISSING,True,
moy-edinstvennyy-rodstvennik,TRULY_MISSING,True,
ekzorcist-yurskogo-perioda,TRULY_MISSING,True,
sharlotta,TRULY_MISSING,True,
rozhdestvo-v-ksander-poynte,TRULY_MISSING,True,
derzkiy,TRULY_MISSING,True,
buya-hamka,TRULY_MISSING,True,
lyubovnaya-istoriya-vorchuna,TRULY_MISSING,True,
samoe-krutoe-rozhdestvo,TRULY_MISSING,True,
proklyatie-ebigeyl-proktor,TRULY_MISSING,True,
follovery,TRULY_MISSING,True,
igra-v-lozh,TRULY_MISSING,True,
paren-na-rozhdestvo,TRULY_MISSING,True,
vernost-3,TRULY_MISSING,True,
chumovoe-profilirovanie,TRULY_MISSING,True,
ayslin-payns,TRULY_MISSING,True,
takoy-zhe-bezumnyy-kak-ya,TRULY_MISSING,True,
serdce-doliny,TRULY_MISSING,True,
pik-sezona,TRULY_MISSING,True,
my-slishkom-horosho-otnosimsya-k-zhenschinam,TRULY_MISSING,True,
ispoved-4,TRULY_MISSING,True,
nashestvie-muh,TRULY_MISSING,True,
bibi,TRULY_MISSING,True,
porogi-lyubvi,TRULY_MISSING,True,
ray-5,TRULY_MISSING,True,
doroga-v-sumerkah,TRULY_MISSING,True,
perezhit-kinsineru,TRULY_MISSING,True,
zhazhda-zhizni,TRULY_MISSING,True,
palcy,TRULY_MISSING,True,
tayanie-lda,TRULY_MISSING,True,
solovey-iz-bursy,TRULY_MISSING,True,
ispug-3,TRULY_MISSING,True,
brak-po-oshibke-2,TRULY_MISSING,True,
kogda-vse-snova-budet-tak-kak-nikogda-ne-bylo,TRULY_MISSING,True,
prepodobnyy-i-missis-simpson,TRULY_MISSING,True,
akademiya-pana-kleksa,TRULY_MISSING,True,
roman-dvuh-ubiyc,TRULY_MISSING,True,
obnaruzheno-dvizhenie,TRULY_MISSING,True,
bastardy,TRULY_MISSING,True,
nulevoy-chas,TRULY_MISSING,True,
nash-proekt-rozhdestva,TRULY_MISSING,True,
atatyurk-1881-1919-chast-2,TRULY_MISSING,True,
krasnyy-kamaro,TRULY_MISSING,True,
lyubopytnyy-tomas,TRULY_MISSING,True,
dyadya-istoriya-odnogo-muzhchiny,TRULY_MISSING,True,
druzhnaya-komanda,TRULY_MISSING,True,
rokovoy-svidetel,TRULY_MISSING,True,
rouzbad-leyn,TRULY_MISSING,True,
reznya-na-hellouin-1962,TRULY_MISSING,True,
naslednica-3,TRULY_MISSING,True,
bogi-dva-temnaya-storona,TRULY_MISSING,True,
plantaciya-dzhonsa,TRULY_MISSING,True,
razum-telo-duh,TRULY_MISSING,True,
dvoynaya-igra-5,TRULY_MISSING,True,
poslednee-leto-neytana-li,TRULY_MISSING,True,
lyubovnaya-pesnya-uilyama-eych-shou,TRULY_MISSING,True,
pobeg-9,TRULY_MISSING,True,
ugroza-po-sosedstvu,TRULY_MISSING,True,
zagadka-mistera-i,TRULY_MISSING,True,
1915-legenda-o-gurkhah,TRULY_MISSING,True,
vse-o-sekse-2,TRULY_MISSING,True,
vnutrenniy-zver,TRULY_MISSING,True,
esche-odin-makiyazh,TRULY_MISSING,True,
eho-vyzyvaet-deltu,TRULY_MISSING,True,
lyubovnye-igry,TRULY_MISSING,True,
intrizhki-na-storone,TRULY_MISSING,True,
picca-3-mumiya,TRULY_MISSING,True,
dron-3,TRULY_MISSING,True,
vypuskniki-3,TRULY_MISSING,True,
mne-nuzhny-tvoi-glaza,TRULY_MISSING,True,
prizrachnyy-patrul-2,TRULY_MISSING,True,
istorii-strasti-2,TRULY_MISSING,True,
perepoloh-v-gorode-3,TRULY_MISSING,True,
horoshie-predznamenovaniya,TRULY_MISSING,True,
ya-est-yarost,TRULY_MISSING,True,
myagkaya-serdcevina,TRULY_MISSING,True,
bozhestvennyy-znak,TRULY_MISSING,True,
mark-entoni,TRULY_MISSING,True,
v-slepoy-zone,TRULY_MISSING,True,
vstrecha-vypusknikov-2,TRULY_MISSING,True,
kemba,TRULY_MISSING,True,
prizraki-ledi-dzheyn,TRULY_MISSING,True,
semena-2,TRULY_MISSING,True,
chan-mozhet-zabivat,TRULY_MISSING,True,
voyna-prishelcev,TRULY_MISSING,True,
spusk,TRULY_MISSING,True,
dzhapan,TRULY_MISSING,True,
salem,TRULY_MISSING,True,
mister-lapochka,TRULY_MISSING,True,
sosedi-vse-vidyat,TRULY_MISSING,True,
nadezhda-na-spasenie,TRULY_MISSING,True,
letopis-opustoshennogo-boga-gora-linlun-2,TRULY_MISSING,True,
polna-lyubvi,TRULY_MISSING,True,
dolgiy-vystrel,TRULY_MISSING,True,
derevenschina-2,TRULY_MISSING,True,
lolo-i-vnuk,TRULY_MISSING,True,
schenochki-povsyudu,TRULY_MISSING,True,
paku-tana-dzhava,TRULY_MISSING,True,
neonovyy-kaktus,TRULY_MISSING,True,
razvraschennye-i-beznakazannye,TRULY_MISSING,True,
dobro-pozhalovat-v-valentin,TRULY_MISSING,True,
orakul,TRULY_MISSING,True,
prizrachnyy-kot,TRULY_MISSING,True,
ukus-3,TRULY_MISSING,True,
neimuschie,TRULY_MISSING,True,
kak-napisat-pesnyu-o-lyubvi,TRULY_MISSING,True,
zloy-umysel-4,TRULY_MISSING,True,
sredi-zverey,TRULY_MISSING,True,
immortal-siti-rekords,TRULY_MISSING,True,
vosem-glaz,TRULY_MISSING,True,
vkus-lyubvi-2,TRULY_MISSING,True,
zabytyy,TRULY_MISSING,True,
smert-v-kruzhevah,TRULY_MISSING,True,
stella-zhizn,TRULY_MISSING,True,
dvizhuschaya-sila,TRULY_MISSING,True,
chto-delaet-debora,TRULY_MISSING,True,
posledstviya-7,TRULY_MISSING,True,
farfor,TRULY_MISSING,True,
dostavschik-piccy-rik,TRULY_MISSING,True,
dobraya-polovina,TRULY_MISSING,True,
rozhdestvo-v-nyu-houp,TRULY_MISSING,True,
kid-snou,TRULY_MISSING,True,
darla-v-kosmose,TRULY_MISSING,True,
seychas-ili-nikogda-3,TRULY_MISSING,True,
kranti,TRULY_MISSING,True,
pesnya-iz-tmy,TRULY_MISSING,True,
basma,TRULY_MISSING,True,
velikolepie-zhizni,TRULY_MISSING,True,
neopredlennyy,TRULY_MISSING,True,
somnitelnye-namereniya,TRULY_MISSING,True,
schastlivogo-rozhdeniya-s-dnem-rozhdestva,TRULY_MISSING,True,
konserzh-2,TRULY_MISSING,True,
kemping-na-ozere,TRULY_MISSING,True,
noch-proklyatyh,TRULY_MISSING,True,
izmena-koshmar-dlya-zheny,TRULY_MISSING,True,
dolgiy-put-domoy-2,TRULY_MISSING,True,
ryzhaya,TRULY_MISSING,True,
prizraki-pod-kolesom-obozreniya,TRULY_MISSING,True,
amerikanskiy-nikto,TRULY_MISSING,True,
vlyubitsya-v-zimu,TRULY_MISSING,True,
prizrak-blekvella-8,TRULY_MISSING,True,
kolyadka-dlya-dvoih,TRULY_MISSING,True,
andrea-razvoditsya,TRULY_MISSING,True,
mir-otdelno,TRULY_MISSING,True,
prah-v-nebe,TRULY_MISSING,True,
uslovie-vozvrata,TRULY_MISSING,True,
koko-3,TRULY_MISSING,True,
zahvat-6,TRULY_MISSING,True,
ty-ya-i-tot-samyy-gornyy-retrit,TRULY_MISSING,True,
istorii-vegasa-potom-i-krovyu,TRULY_MISSING,True,
detektivy-futo-portret-naezdnika-v-maske-skalla,TRULY_MISSING,True,
morin,TRULY_MISSING,True,
prestupnaya-set-2,TRULY_MISSING,True,
bokser-3,TRULY_MISSING,True,
ee-zvali-mormo,TRULY_MISSING,True,
zakulise-amitvillya,TRULY_MISSING,True,
na-chto-my-idem-radi-lyubvi,TRULY_MISSING,True,
zatmenie-5,TRULY_MISSING,True,
mangkudzhivo-2,TRULY_MISSING,True,
v-svoem-stile,TRULY_MISSING,True,
nevernost-mozhet-byt-fatalnoy,TRULY_MISSING,True,
lyubov-posle-svadby,TRULY_MISSING,True,
otchet-pileckogo,TRULY_MISSING,True,
rozhdestvenskoe-spasenie,TRULY_MISSING,True,
kulinarnaya-vendetta,TRULY_MISSING,True,
telohranitel-7,TRULY_MISSING,True,
kriminalist-sanatan,TRULY_MISSING,True,
zhenschina-pod-scenoy,TRULY_MISSING,True,
krovavoe-zoloto,TRULY_MISSING,True,
vse-schastlivye-semi,TRULY_MISSING,True,
svadba-po-dogovoru,TRULY_MISSING,True,
far-heyven,TRULY_MISSING,True,
bezzhalostnye-bandity,TRULY_MISSING,True,
ulybaysya-poka-ubivaesh,TRULY_MISSING,True,
mister-bigshtaff,TRULY_MISSING,True,
noch-kogda-ya-srazhalsya-s-bogom,TRULY_MISSING,True,
lyubov-spaset-nas,TRULY_MISSING,True,
schastlivo-marianna,TRULY_MISSING,True,
nagget-mertv-rozhdestvenskaya-istoriya,TRULY_MISSING,True,
prakticheski-ray,TRULY_MISSING,True,
priznaniya-u-zateryannogo-ozera,TRULY_MISSING,True,
domashnyaya-baza,TRULY_MISSING,True,
cnou-pes,TRULY_MISSING,True,
bratya-kosaro,TRULY_MISSING,True,
smert-na-treke,TRULY_MISSING,True,
bok-o-bok-4,TRULY_MISSING,True,
penduko,TRULY_MISSING,True,
ubiystvennaya-trenirovka,TRULY_MISSING,True,
hroniki-bluzhdayuschego-svyatogo,TRULY_MISSING,True,
daruma,TRULY_MISSING,True,
hakershi-v-bikini,TRULY_MISSING,True,
pozabottes-o-maye,TRULY_MISSING,True,
moy-drugoy-dzhon,TRULY_MISSING,True,
dikie-glaza-i-zlodey,TRULY_MISSING,True,
nevernyy-vozlyublennyy,TRULY_MISSING,True,
matador-merigold,TRULY_MISSING,True,
lyubovnoe-zele-nomer-10,TRULY_MISSING,True,
bud-so-mnoy-esli-smozhesh,TRULY_MISSING,True,
chempionekst,TRULY_MISSING,True,
proekt-valhalla,TRULY_MISSING,True,
omerzitelnyy-karter,TRULY_MISSING,True,
lyubov-vdohnovlyaet,TRULY_MISSING,True,
boynya-na-uonderlend-avenyu-i-taynaya-istoriya-gollivuda,TRULY_MISSING,True,
raskayanie-3,TRULY_MISSING,True,
kayuschiysya,TRULY_MISSING,True,
celuy-dubina-3-ili-tot-samyy-vozrast-dlya-muzhchiny,TRULY_MISSING,True,
na-svyaschennoy-zemle,TRULY_MISSING,True,
prinimaya-udar,TRULY_MISSING,True,
kakoy-to-drugoy-rayonchik,TRULY_MISSING,True,
vedmy-ubiycy-iz-otkrytogo-kosmosa,TRULY_MISSING,True,
put-moy-put,TRULY_MISSING,True,
kak-ubit-svoego-muzha,TRULY_MISSING,True,
do-posledney-kapli-2,TRULY_MISSING,True,
prah-glatiramera,TRULY_MISSING,True,
poslednyaya-devushka-hellouin,TRULY_MISSING,True,
revolver-lili,TRULY_MISSING,True,
dyavol-na-kampuse-istoriya-larri-reya,TRULY_MISSING,True,
vpered-dzhatt-film-tretiy,TRULY_MISSING,True,
korobka-golovolomok,TRULY_MISSING,True,
pogovori-so-mnoy,TRULY_MISSING,True,
chto-za-skazka,TRULY_MISSING,True,
absolyutno-neprav,TRULY_MISSING,True,
sravnyat-schety,TRULY_MISSING,True,
tayny-eynzli-makgregor-delo-vinodela,TRULY_MISSING,True,
snezhno-s-ottenkom-rozhdestva,TRULY_MISSING,True,
vaazhay,TRULY_MISSING,True,
proklyataya-studiya,TRULY_MISSING,True,
rozhdestvo-lyubov-i-pomadka,TRULY_MISSING,True,
chelovek-kotoryy-ne-lyubit-dozhd,TRULY_MISSING,True,
besshumnyy-flot-bitva-v-tokiyskom-zalive,TRULY_MISSING,True,
aziya,TRULY_MISSING,True,
ten-7,TRULY_MISSING,True,
v-poiskah-vtoroy-polovinki,TRULY_MISSING,True,
krizis-v-amerike,TRULY_MISSING,True,
puli-i-katany,TRULY_MISSING,True,
dobroy-nochi-ogonek,TRULY_MISSING,True,
ne-ubivayte-nyanyu,TRULY_MISSING,True,
mumiya-ubiyca,TRULY_MISSING,True,
ischeznovenie-v-montane,TRULY_MISSING,True,
lyubovnye-protivorechiya,TRULY_MISSING,True,
zvonok-3,TRULY_MISSING,True,
villi-i-ya,TRULY_MISSING,True,
gorod-lyubvi,TRULY_MISSING,True,
pochetnyy-student,TRULY_MISSING,True,
oderzhimost-tancem,TRULY_MISSING,True,
blagouhayuschaya-noch,TRULY_MISSING,True,
znamenitosti,TRULY_MISSING,True,
sluchaynyy-zvonok-kayla,TRULY_MISSING,True,
veloprokat,TRULY_MISSING,True,
chistoe-o,TRULY_MISSING,True,
gorod-pod-nazvaniem-lyubov,TRULY_MISSING,True,
gryaznyy-3-y-rayon-novoe-pokolenie,TRULY_MISSING,True,
kadzhiman-demon-obeschaniy,TRULY_MISSING,True,
portret-czyanhu-reki-i-ozera-4,TRULY_MISSING,True,
vikingi-bitva-naslednikov,TRULY_MISSING,True,
dobratsya-do-narkodilera,TRULY_MISSING,True,
sokraschenie-starikov,TRULY_MISSING,True,
silnyy-voin,TRULY_MISSING,True,
sovety-o-lyubvi,TRULY_MISSING,True,
nastoyaschaya-lyubov-meri-dzhey-blaydzh,TRULY_MISSING,True,
naemnyy-terapevt,TRULY_MISSING,True,
zdes-podayut-lyubov,TRULY_MISSING,True,
koroleva-moey-mechty,TRULY_MISSING,True,
igra-na-doverie,TRULY_MISSING,True,
u-nego-net-sekretov,TRULY_MISSING,True,
pochemu-moya-zhizn-ne-mozhet-byt-romanticheskoy-komediey,TRULY_MISSING,True,
portret-doriana-greya,TRULY_MISSING,True,
skelli,TRULY_MISSING,True,
legenda-o-chupakabrah,TRULY_MISSING,True,
folga,TRULY_MISSING,True,
mest-vikinga,TRULY_MISSING,True,
animaliya-2,TRULY_MISSING,True,
lyubov-slezhka-ubiystvo,TRULY_MISSING,True,
moy-dom-neizvesten,TRULY_MISSING,True,
parni-navek,TRULY_MISSING,True,
bezymyannyy,TRULY_MISSING,True,
v-kromeshnoy-tme,TRULY_MISSING,True,
panika,TRULY_MISSING,True,
tpancmicva,TRULY_MISSING,True,
deva-i-iskorki,TRULY_MISSING,True,
naskolko-glubok-okean,TRULY_MISSING,True,
clishkom-vzpoclyy-dlya-ckazok-2,TRULY_MISSING,True,
sem-sudeb-chhakho,TRULY_MISSING,True,
martingeyl,TRULY_MISSING,True,
octpov-kalbep,TRULY_MISSING,True,
prichina-polyubit-ee-ekstra,TRULY_MISSING,True,
mariya-ya-umirayu,TRULY_MISSING,True,
tainstvennyy-les,TRULY_MISSING,True,
kto-vy-lyudi,TRULY_MISSING,True,
ubiystvo-na-odnu-noch,TRULY_MISSING,True,
akuliy-ekzorcist-2-nesvyatye-vody,TRULY_MISSING,True,
professor,TRULY_MISSING,True,
nochnushka,TRULY_MISSING,True,
chto-sluchilos-na-river-roud-625,TRULY_MISSING,True,
dyavolik-kto-ty,TRULY_MISSING,True,
mirza-chast-1-dzhoker,TRULY_MISSING,True,
plyusy-i-minusy-byt-odinochkoy,TRULY_MISSING,True,
i-prosto-tak-dokumentalnyy-film,TRULY_MISSING,True,
odnazhdy-na-karibah,TRULY_MISSING,True,
skanda-atakuyuschiy,TRULY_MISSING,True,
fyurer-i-rastlitel,TRULY_MISSING,True,
ya-prouchu-svoyu-svekrov-2,TRULY_MISSING,True,
rozhdestvo-v-90-h,TRULY_MISSING,True,
rozhdestvo-v-heppi-hollou,TRULY_MISSING,True,
rozhdestvenskiy-roman,TRULY_MISSING,True,
transmorfery-mehazveri,TRULY_MISSING,True,
sladkaya-letnyaya-lyubov,TRULY_MISSING,True,
kleevaya-lovushka,TRULY_MISSING,True,
rozhdestvo-v-stile-kantri-4,TRULY_MISSING,True,
ohotnik-za-mozgami-novoe-pokolenie,TRULY_MISSING,True,
izgnanie,TRULY_MISSING,True,
odni-nochyu,TRULY_MISSING,True,
nomer-24,TRULY_MISSING,True,
beybleyd-vzryv-iskra,TRULY_MISSING,True,
mech-drakona,TRULY_MISSING,True,
vedma-neudachnica-fuka-i-temnaya-vedma,TRULY_MISSING,True,
vremena-ryukyu-devochka-iz-buduschego-i-drevniy-korol,TRULY_MISSING,True,
gandam-skonstruirovannye-boycy-dnevnik-bitvy,TRULY_MISSING,True,
volshebnaya-kuhnya-velikoy-gerty,TRULY_MISSING,True,
moya-podruzhka-prizrak,TRULY_MISSING,True,
skazochnye-mstiteli,TRULY_MISSING,True,
rebekka,TRULY_MISSING,True,
totto-u-okna,TRULY_MISSING,True,
mgnovenie-lili-specvypusk,TRULY_MISSING,True,
veschanie-snoufilda-nenastoyaschaya-reklama,TRULY_MISSING,True,
ayka-r-16-devstvennaya-missiya,TRULY_MISSING,True,
ayka-zero,TRULY_MISSING,True,
stratos-4-ova,TRULY_MISSING,True,
stratos-4-1-gollandskiy-kren,TRULY_MISSING,True,
van-pis-ostrov-yaichnaya-golova,TRULY_MISSING,True,
bem-stat-chelovekom,TRULY_MISSING,True,
neponyatyy-master-atele-mini-anime,TRULY_MISSING,True,
vzbodrites-poni-horoshenkie-serye,TRULY_MISSING,True,
taho-dzho-2,TRULY_MISSING,True,
plohie-parni-2,TRULY_MISSING,True,
molot-2,TRULY_MISSING,True,
terrornet,TRULY_MISSING,True,
strah-temnoty-2,TRULY_MISSING,True,
izyskannyy-ubiyca,TRULY_MISSING,True,
znakomstvo-s-lyubovyu,TRULY_MISSING,True,
ploschad-tillu,TRULY_MISSING,True,
vosstanie-fayra,TRULY_MISSING,True,
nina-2,TRULY_MISSING,True,
v-korobke,TRULY_MISSING,True,
kukla-salemskoy-vedmy,TRULY_MISSING,True,
v-polete-2,TRULY_MISSING,True,
svoboda-3,TRULY_MISSING,True,
poberezhe-2,TRULY_MISSING,True,
podozrenie-2,TRULY_MISSING,True,
snezhnyy-angel,TRULY_MISSING,True,
nazovi-demona,TRULY_MISSING,True,
47,TRULY_MISSING,True,
yognutaya-semeyka,TRULY_MISSING,True,
sedrik-i-alisiya,TRULY_MISSING,True,
malenkie-ruki,TRULY_MISSING,True,
prekrasnaya-amerika,TRULY_MISSING,True,
vtoraya-zhizn-3,TRULY_MISSING,True,
prodavcy-vody,TRULY_MISSING,True,
vishvam,TRULY_MISSING,True,
vsyakiy-raz-kogda-ya-naedine-s-toboy,TRULY_MISSING,True,
vizgun,TRULY_MISSING,True,
reznya-na-rozhdestvo,TRULY_MISSING,True,
sozdan-dlya-etogo,TRULY_MISSING,True,
baloven-udachi-2,TRULY_MISSING,True,
pomnite-nas,TRULY_MISSING,True,
proklyataya-zemlya,TRULY_MISSING,True,
zasuha-2,TRULY_MISSING,True,
poslerodovoy-period,TRULY_MISSING,True,
rozhdestvo-po-korolevski-2,TRULY_MISSING,True,
gazlayting-ot-muzha-istoriya-morgan-metcer,TRULY_MISSING,True,
prizraki-krasnogo-hrebta,TRULY_MISSING,True,
kadi,TRULY_MISSING,True,
ubiystvo-zheny,TRULY_MISSING,True,
rozhdestvenskiy-otvorot,TRULY_MISSING,True,
vy-vse-umrete,TRULY_MISSING,True,
ubiystvo-na-kraudsorsinge,TRULY_MISSING,True,
igra-v-lyubov-4,TRULY_MISSING,True,
struny-dushi,TRULY_MISSING,True,
voshozhdenie-korolevy,TRULY_MISSING,True,
kogda-v-los-andzhelese-idet-dozhd,TRULY_MISSING,True,
rozuellskoe-bezumie,TRULY_MISSING,True,
svarlivyy-staryy-santa,TRULY_MISSING,True,
zhestokaya-voyna,TRULY_MISSING,True,
rassledovaniya-dzheyn-ubiystvo-v-mozbi,TRULY_MISSING,True,
lyubov-skvoz-vremya-2,TRULY_MISSING,True,
yagnenok,TRULY_MISSING,True,
slishkom-mnogo-rozhdestva,TRULY_MISSING,True,
hokan-brokan-2,TRULY_MISSING,True,
predvestniki-rozhdestva,TRULY_MISSING,True,
plohoy-rezhisser,TRULY_MISSING,True,
pokolenie-ikea,TRULY_MISSING,True,
pimpinero-krov-i-benzin,TRULY_MISSING,True,
obitateli-2,TRULY_MISSING,True,
ray-6,TRULY_MISSING,True,
ohota-12,TRULY_MISSING,True,
idealnoe-rozhdestvo-dlya-kerol,TRULY_MISSING,True,
rassledovaniya-dzheyn-smertelnyy-recept,TRULY_MISSING,True,
idealnyy-pobeg-2,TRULY_MISSING,True,
annulyaciya,TRULY_MISSING,True,
lyubov-i-gordost-2,TRULY_MISSING,True,
boycovskiy-klub-2,TRULY_MISSING,True,
imani,TRULY_MISSING,True,
nevidimyy-boy,TRULY_MISSING,True,
hrustalnoe-ozero,TRULY_MISSING,True,
luchshaya-versiya-lyubvi,TRULY_MISSING,True,
vsepozhirayuschiy-kun-vozvraschenie-mastera,TRULY_MISSING,True,
stoik,TRULY_MISSING,True,
hranitel-2,TRULY_MISSING,True,
50-km-ch,TRULY_MISSING,True,
banditka-nomer-odin,TRULY_MISSING,True,
rozhdestvo-na-cherri-leyn,TRULY_MISSING,True,
vse-chto-mne-nuzhno-na-rozhdestvo,TRULY_MISSING,True,
v-poiskah-toni,TRULY_MISSING,True,
mama-papa-sestra-brat-i-frenk,TRULY_MISSING,True,
pokolenie-romantikov,TRULY_MISSING,True,
chestnyy-kandidat-3,TRULY_MISSING,True,
otel-razbityh-serdce,TRULY_MISSING,True,
elementori,TRULY_MISSING,True,
kak-ograbit-bank-2,TRULY_MISSING,True,
lyubov-na-dunae-celuyuschiesya-zvezdy,TRULY_MISSING,True,
schastlivye-prazdniki-na-cherri-leyn,TRULY_MISSING,True,
voobrazhaemyy-moler,TRULY_MISSING,True,
iz-glubin,TRULY_MISSING,True,
sestry-5,TRULY_MISSING,True,
rozhdestvenskaya-proverka,TRULY_MISSING,True,
vo-imya-proroka,TRULY_MISSING,True,
blyu,TRULY_MISSING,True,
rozhdestvenskaya-mechta,TRULY_MISSING,True,
ver-v-rozhdestvo,TRULY_MISSING,True,
posledniy-bereg,TRULY_MISSING,True,
sleduya-za-dalekoy-zvezdoy,TRULY_MISSING,True,
korol-kalifornii,TRULY_MISSING,True,
inoplanetnaya-lyubov,TRULY_MISSING,True,
inflyuenca,TRULY_MISSING,True,
vse-iz-za-miki,TRULY_MISSING,True,
samaya-prodavaemaya-lyubov,TRULY_MISSING,True,
nulevaya-vina,TRULY_MISSING,True,
drevnie-bogi,TRULY_MISSING,True,
iskuplenie-7,TRULY_MISSING,True,
nochnoy-urozhay,TRULY_MISSING,True,
iskusstvo-byt-schastlivym,TRULY_MISSING,True,
nezvanye-gosti-5,TRULY_MISSING,True,
severnaya-vedma,TRULY_MISSING,True,
zelenaya-sdelka,TRULY_MISSING,True,
duh-krovi,TRULY_MISSING,True,
obmen-telami-3,TRULY_MISSING,True,
v-poiskah-seriynogo-ubiycy-istoriya-redzhiny-smit,TRULY_MISSING,True,
prevratnosti-voyny,TRULY_MISSING,True,
hranitel-3,TRULY_MISSING,True,
vo-imya-gospoda,TRULY_MISSING,True,
torgovlya-na-rozhdestvo,TRULY_MISSING,True,
umro-ayyar-novoe-nachalo,TRULY_MISSING,True,
po-vole-vsevyshnego,TRULY_MISSING,True,
zhenschiny-hotyat-vsego,TRULY_MISSING,True,
kak-prigotovit-sous,TRULY_MISSING,True,
chempion-5,TRULY_MISSING,True,
poslednee-iskuplenie,TRULY_MISSING,True,
47-dney-s-iisusom,TRULY_MISSING,True,
vtorzhenie-v-pravitelstvo,TRULY_MISSING,True,
ty-hochesh-sdohnut-v-indio,TRULY_MISSING,True,
tehasskiy-smerch,TRULY_MISSING,True,
v-komnate-gde-on-zhdet,TRULY_MISSING,True,
s-dvenadcati-do-polunochi,TRULY_MISSING,True,
proshloe-stuchitsya-v-dver,TRULY_MISSING,True,
killington,TRULY_MISSING,True,
utrata-suti,TRULY_MISSING,True,
rozhdestvenskiy-bal-dlya-zolushki,TRULY_MISSING,True,
plan-b-4,TRULY_MISSING,True,
voydi-v-moyu-zhizn,TRULY_MISSING,True,
rozhdestvenskoe-preobrazhenie,TRULY_MISSING,True,
rostovschik,TRULY_MISSING,True,
pozdnyaya-igra,TRULY_MISSING,True,
pyat-rozhdestvenskih-vecherinok,TRULY_MISSING,True,
akter-2,TRULY_MISSING,True,
mest-tancovschicy-rongen,TRULY_MISSING,True,
tron-otmechennyy-bogom-legenda-o-laykesy-i,TRULY_MISSING,True,
skelety-v-shkafu-3,TRULY_MISSING,True,
nikogda-ne-priznavaysya,TRULY_MISSING,True,
rozhdestvo-v-obertke-sudba-lili,TRULY_MISSING,True,
prazdnichnyy-perepoloh-2,TRULY_MISSING,True,
reznya-v-amp-hause,TRULY_MISSING,True,
doroga-v-terzetto,TRULY_MISSING,True,
arze,TRULY_MISSING,True,
chernaya-magiya-2,TRULY_MISSING,True,
rasstrelnaya-komanda,TRULY_MISSING,True,
ty-ya-i-rozhdestvo,TRULY_MISSING,True,
glavnaya-sladkoe-rozhdestvo,TRULY_MISSING,True,
amerikanskiy-otbros,TRULY_MISSING,True,
leha,TRULY_MISSING,True,
doveryat,TRULY_MISSING,True,
valensiya,TRULY_MISSING,True,
astral-vlast-tmy,TRULY_MISSING,True,
priglashenie-4,TRULY_MISSING,True,
krasavica-i-milliarder-bali,TRULY_MISSING,True,
semeynaya-terapiya,TRULY_MISSING,True,
instakult,TRULY_MISSING,True,
rozhdestvo-s-singhami,TRULY_MISSING,True,
oboyma-dlya-stukachey,TRULY_MISSING,True,
agro-drift,TRULY_MISSING,True,
vosem-vidov-na-ozero-biva,TRULY_MISSING,True,
bezumnoe-sostoyanie,TRULY_MISSING,True,
sny-o-tebe-2,TRULY_MISSING,True,
klikbeyt-otpiska,TRULY_MISSING,True,
voennaya-igra,TRULY_MISSING,True,
neraskrytye-dela-misteri-leyn-smert-slushaet,TRULY_MISSING,True,
svoy-chelovek-v-l-a,TRULY_MISSING,True,
obeschanie-krovi,TRULY_MISSING,True,
temnye-perya-tanec-geyshi,TRULY_MISSING,True,
ischu-tebya,TRULY_MISSING,True,
rozhdestvo-v-stile-kantri-5,TRULY_MISSING,True,
rozhdestvenskie-roditeli,TRULY_MISSING,True,
prekrasnye-roditeli,TRULY_MISSING,True,
volny-bezumiya,TRULY_MISSING,True,
rozhdestvenskiy-spisok-zhelaniy,TRULY_MISSING,True,
romeo-i-dzhuleta,TRULY_MISSING,True,
otpusk-po-obmenu-2,TRULY_MISSING,True,
za-lyubov-i-med,TRULY_MISSING,True,
nezabyvaemyy-sezon,TRULY_MISSING,True,
pticy-2,TRULY_MISSING,True,
svidanie-buduschego,TRULY_MISSING,True,
rozhdestvo-v-stile-blyugrass,TRULY_MISSING,True,
bolshe-nikakih-proschaniy,TRULY_MISSING,True,
dolgiy-put-v-mekku,TRULY_MISSING,True,
prichina-rozhdestva,TRULY_MISSING,True,
razrushiteli-3,TRULY_MISSING,True,
noutbuk,TRULY_MISSING,True,
roza-versalya-film,TRULY_MISSING,True,
orango,TRULY_MISSING,True,
schastlivoe-serdce,TRULY_MISSING,True,
politicheski-nekorrektnyy,TRULY_MISSING,True,
arhitektura-lyubvi,TRULY_MISSING,True,
pacany-iz-simi-velli,TRULY_MISSING,True,
on-vidit-tebya-kogda-ty-spish,TRULY_MISSING,True,
vse-poteryannye,TRULY_MISSING,True,
telekinez-2,TRULY_MISSING,True,
dikari-2,TRULY_MISSING,True,
rozhdestvo-otmenyaetsya,TRULY_MISSING,True,
strashnye-skazki-temnyy-strannik,TRULY_MISSING,True,
ceremoniya-vot-vot-nachnetsya,TRULY_MISSING,True,
gercog-ponevole,TRULY_MISSING,True,
empatiya-2,TRULY_MISSING,True,
nasledstvo-2,TRULY_MISSING,True,
pendekar-avang,TRULY_MISSING,True,
medovyy-mesyac-s-mamoy,TRULY_MISSING,True,
rozhdestvenskiy-kvest,TRULY_MISSING,True,
noch-kogda-oni-vernulis-domoy,TRULY_MISSING,True,
smertelnyy-uik-end,TRULY_MISSING,True,
dom-na-ulice-mensfild-2-zlo-po-sosedstvu,TRULY_MISSING,True,
idealnaya-obstanovka,TRULY_MISSING,True,
shkola-dlya-santy,TRULY_MISSING,True,
o-schastlivchiki,TRULY_MISSING,True,
khal-i-kembridzh,TRULY_MISSING,True,
karem-povar-koroley,TRULY_MISSING,True,
strana-nomo,TRULY_MISSING,True,
kostyannoe-lico,TRULY_MISSING,True,
adskiy-uchitel,TRULY_MISSING,True,
spasti-rozhdestvo,TRULY_MISSING,True,
oderzhimaya-6,TRULY_MISSING,True,
obmen-detmi-2,TRULY_MISSING,True,
evropeyskoe-rozhdestvo,TRULY_MISSING,True,
salsa-3,TRULY_MISSING,True,
lyubov-i-dolg,TRULY_MISSING,True,
chelyusti-los-andzhelesa-2-nerest,TRULY_MISSING,True,
mister-dum,TRULY_MISSING,True,
lyubov-vino-i-sol-toskanskiy-roman,TRULY_MISSING,True,
izolyator,TRULY_MISSING,True,
blednyy-kon,TRULY_MISSING,True,
operaciya-omela,TRULY_MISSING,True,
ruki-v-zapeksheysya-krovi,TRULY_MISSING,True,
korporaciya-sestry,TRULY_MISSING,True,
zhal-chto-tebya-zdes-net,TRULY_MISSING,True,
v-poiskah-rozhdestva-2,TRULY_MISSING,True,
missiya-v-portu-seguru,TRULY_MISSING,True,
charuyuschee-volshebstvo,TRULY_MISSING,True,
sprosi-serdce,TRULY_MISSING,True,
lyubovnaya-afera-2,TRULY_MISSING,True,
slushay-vnimatelno,TRULY_MISSING,True,
umeret-ne-prosnuvshis,TRULY_MISSING,True,
rozhdestvo-v-pomeste-plamhill,TRULY_MISSING,True,
dnevnik,TRULY_MISSING,True,
masterskaya-satany,TRULY_MISSING,True,
hrust,TRULY_MISSING,True,
kokainovyy-tarakan,TRULY_MISSING,True,
dom-igr-2,TRULY_MISSING,True,
chto-to-goluboe,TRULY_MISSING,True,
v-poiskah-lyubvi-4,TRULY_MISSING,True,
luchshie-druzya-dlya-vzroslyh,TRULY_MISSING,True,
polyarnye-protivopolozhnosti,TRULY_MISSING,True,
ubiystva-v-star-siti,TRULY_MISSING,True,
ne-vremya-dlya-lyubvi,TRULY_MISSING,True,
vse-na-konu,TRULY_MISSING,True,
tak-sebe-medovyy-mesyac,TRULY_MISSING,True,
retro-terapiya,TRULY_MISSING,True,
nelli-znaet-smertelnaya-pomolvka,TRULY_MISSING,True,
novaya-realnost,TRULY_MISSING,True,
znay-svoe-mesto,TRULY_MISSING,True,
kukolnyy-mir,TRULY_MISSING,True,
rynok,TRULY_MISSING,True,
zvezdnaya-bolezn-2,TRULY_MISSING,True,
igra-lva,TRULY_MISSING,True,
svyaz-princess-rukovodstvo-pervogo-cvetka-fiore-storiya,TRULY_MISSING,True,
zhivaya-lyubov-klub-idolov-starshey-shkoly-nidzigasaki-film,TRULY_MISSING,True,
hotya-ya-vsego-lish-aristokrat-s-lishnim-vesom-no-obretya-vospominaniya-o-svoey-,TRULY_MISSING,True,
malenkaya-nebozhitelnica-chzhiyao,TRULY_MISSING,True,
dobitsya-uspeha,TRULY_MISSING,True,
esh-begi-vlyublyaysya,TRULY_MISSING,True,
v-plenu-slavy,TRULY_MISSING,True,
vse-zakonchitsya-zdes,TRULY_MISSING,True,
slabak,TRULY_MISSING,True,
kanneda,TRULY_MISSING,True,
belkanto-2,TRULY_MISSING,True,
strah-5,TRULY_MISSING,True,
91-ya-ceremoniya-vrucheniya-premii-oskar,TRULY_MISSING,True,
oblik-ubiycy,TRULY_MISSING,True,
steklyannaya-komnata,TRULY_MISSING,True,
etual,TRULY_MISSING,True,
vtorzhenie-mladencev,TRULY_MISSING,True,
podzemele-tokio,TRULY_MISSING,True,
priznanie-kritikov,TRULY_MISSING,True,
tokiyskiy-kovboy,TRULY_MISSING,True,
nash-malysh,TRULY_MISSING,True,
po-naklonnoy,TRULY_MISSING,True,
gostinica-okko-2,TRULY_MISSING,True,
peremotka-vremeni,TRULY_MISSING,True,
proklyatye-v-nizhney-kalifornii,TRULY_MISSING,True,
tayny-zamka,TRULY_MISSING,True,
rodstvennye-uzy,TRULY_MISSING,True,
bezumnyy-tehas,TRULY_MISSING,True,
mahsun-dzhi,TRULY_MISSING,True,
zatumanennyy-razum,TRULY_MISSING,True,
sudba-devochka-volshebnica-illiya-prizmaticheskiy-fantazm,TRULY_MISSING,True,
v-stenah-dvorca,TRULY_MISSING,True,
zhizn-cheloveka-kotoryy-odnazhdy-stanet-mudrym-2,TRULY_MISSING,True,
sudba-velikiy-prikaz-mir-himuro,TRULY_MISSING,True,
vrazhda,TRULY_MISSING,True,
top-gir-amerika,TRULY_MISSING,True,
krovavaya-noch-u-skay,TRULY_MISSING,True,
kolesnica-2,TRULY_MISSING,True,
niko,TRULY_MISSING,True,
ee-portret-2,TRULY_MISSING,True,
zagadka-semeynoy-mediciny-vozvraschenie-domoy,TRULY_MISSING,True,
top-gir-amerika-2,TRULY_MISSING,True,
top-gir-finlyandiya,TRULY_MISSING,True,
tendaberri,TRULY_MISSING,True,
hedlayner,TRULY_MISSING,True,
puteshestvie-na-zapad-carstvo-tmy,TRULY_MISSING,True,
veter-iz-loyana-pogonya-za-prestupnikom,TRULY_MISSING,True,
gospodin-myao,TRULY_MISSING,True,
pokemon-pesn-meloetty-poisk-rynochnyh-yagod,TRULY_MISSING,True,
razgon-specotryad,TRULY_MISSING,True,
konec-lyubvi-3,TRULY_MISSING,True,
puteshestvie-na-zapad-reinkarnaciya-carya-demonov,TRULY_MISSING,True,
novye-bogi-czyan-yan,TRULY_MISSING,True,
pobeg-s-zemli,TRULY_MISSING,True,
kniga-gor-i-morey-proschay-monstr,TRULY_MISSING,True,
gorod-terrakotovyh-voinov,TRULY_MISSING,True,
smertelnye-igry,TRULY_MISSING,True,
vena,TRULY_MISSING,True,
raduzhnoe-more-2,TRULY_MISSING,True,
yuvenilnaya-pesnya-2-chast-2,TRULY_MISSING,True,
uzkaya-doroga-na-dalniy-sever,TRULY_MISSING,True,
zamirayuschiy,TRULY_MISSING,True,
perepute-2,TRULY_MISSING,True,
inadzuma-11-tolko-vpered,TRULY_MISSING,True,
amerikanskiy-vypusknoy,TRULY_MISSING,True,
43-gradusa-severnoy-shiroty,TRULY_MISSING,True,
eto-ne-uchebnaya-trevoga-eto-test,TRULY_MISSING,True,
tehnika-boga-zvezdnyh-boevyh-iskusstv-2,TRULY_MISSING,True,
pohischenie-brillianta,TRULY_MISSING,True,
dragon-kvest-tvoya-istoriya,TRULY_MISSING,True,
amerikanskiy-syr,TRULY_MISSING,True,
erik-laryu,TRULY_MISSING,True,
idealnyy-men-ikyur,TRULY_MISSING,True,
privet-kak-dela,TRULY_MISSING,True,
steklyannyy-kupol,TRULY_MISSING,True,
wixoss-diva-v-pryamom-efire,TRULY_MISSING,True,
drevneyshiy-boevoy-duh,TRULY_MISSING,True,
istinnaya-sila-tysyachi,TRULY_MISSING,True,
pochemu-to-v-moem-dome-poselilas-kunoiti-otaku-specvypuski,TRULY_MISSING,True,
put-koshek-na-vostoke,TRULY_MISSING,True,
tapochek-satany,TRULY_MISSING,True,
vazhna-tolko-lyubov,TRULY_MISSING,True,
dovody-rassudka-2,TRULY_MISSING,True,
gadera,TRULY_MISSING,True,
s-t-a-l-k-e-r-ten-zony,TRULY_MISSING,True,
nas-zastavila-eva,TRULY_MISSING,True,
mezhdu-zemley-i-vodoy,TRULY_MISSING,True,
prishel-uvidel-pobedil,TRULY_MISSING,True,
boevoy-otryad-polnyy-proval-2,TRULY_MISSING,True,
sessionnyy-orkestr-princess,TRULY_MISSING,True,
malenkaya-forma-zhurnal-byuro-elektronnyh-prestupleniy,TRULY_MISSING,True,
krovavyy-pobeg-sbezhat-iz-ada,TRULY_MISSING,True,
vozvraschenie-aykarli,TRULY_MISSING,True,
appalachskiy-pes,TRULY_MISSING,True,
zlodeyka-praym-tayma,TRULY_MISSING,True,
iyanu,TRULY_MISSING,True,
velikie-beglecy,TRULY_MISSING,True,
voshod-luny-2,TRULY_MISSING,True,
prishelec-mumu,TRULY_MISSING,True,
kokon-2,TRULY_MISSING,True,
guvernantka,TRULY_MISSING,True,
martin-skorseze-predstavlyaet-svyatye,TRULY_MISSING,True,
povsednevnaya-zhizn-hosta,TRULY_MISSING,True,
opasnaya-dzheylan,TRULY_MISSING,True,
pryamaya-translyaciya-2,TRULY_MISSING,True,
angelskaya-vera,TRULY_MISSING,True,
mobilnyy-voin-gandam-gquuuuuux,TRULY_MISSING,True,
sad-podsolnuhov,TRULY_MISSING,True,
molochnye-zuby,TRULY_MISSING,True,
silvio,TRULY_MISSING,True,
velikiy-sertau,TRULY_MISSING,True,
kompas-2-0-sistema-analiza-boevogo-promysla,TRULY_MISSING,True,
nepostizhimaya-aharen-2,TRULY_MISSING,True,
sesh-noch,TRULY_MISSING,True,
smertelnyy-uzhin-2,TRULY_MISSING,True,
skazhi-mne-chego-ty-hochesh,TRULY_MISSING,True,
komanda-demarko,TRULY_MISSING,True,
modistka-iz-vengrii,TRULY_MISSING,True,
po-koleno-2,TRULY_MISSING,True,
muhi-2,TRULY_MISSING,True,
narushiteli-pravil,TRULY_MISSING,True,
otvezi-menya-v-banaue,TRULY_MISSING,True,
oruzhie-iskupleniya,TRULY_MISSING,True,
lyubit-kazhduyu-minutu,TRULY_MISSING,True,
trevor,TRULY_MISSING,True,
kopen,TRULY_MISSING,True,
zahvat-mira-kaydzyu,TRULY_MISSING,True,
zaschita-2,TRULY_MISSING,True,
devushki-poni-seraya-zolushka,TRULY_MISSING,True,
moy-starshiy-brat-slishkom-silen,TRULY_MISSING,True,
chernaya-metka-4,TRULY_MISSING,True,
temnyy-dvoreckiy-zelenaya-vedma,TRULY_MISSING,True,
klassicheskie-zvezdy,TRULY_MISSING,True,
obychnyy-roman-v-czyulune,TRULY_MISSING,True,
gilti-gir-stremlenie-dvoynoe-pravlenie,TRULY_MISSING,True,
ubivaya-slizney-trista-let-sama-togo-ne-zametiv-ya-dostigla-maksimalnogo-urovnya,TRULY_MISSING,True,
yayba,TRULY_MISSING,True,
enotiki-bystrogo-reagirovaniya,TRULY_MISSING,True,
razgadyvanie-tayn-posle-uzhina,TRULY_MISSING,True,
poka-poka-zemlya-2,TRULY_MISSING,True,
kuharka-iz-kastamara,TRULY_MISSING,True,
uellvud,TRULY_MISSING,True,
nochnaya-gospozha,TRULY_MISSING,True,
grinders,TRULY_MISSING,True,
adzimu-plyazhnaya-istoriya,TRULY_MISSING,True,
umirat-legko,TRULY_MISSING,True,
tochka-nemo,TRULY_MISSING,True,
obmanutaya,TRULY_MISSING,True,
beybleyd-vzryv-prevoshodstvo,TRULY_MISSING,True,
beybleyd-vzryv-bog,TRULY_MISSING,True,
miru-moe-buduschee,TRULY_MISSING,True,
rok-zhenskaya-skromnost,TRULY_MISSING,True,
osvobozhdenie-3,TRULY_MISSING,True,
duh-vremeni-za-predelami,TRULY_MISSING,True,
animatrica,TRULY_MISSING,True,
dar-dzhessi,TRULY_MISSING,True,
govoryat-ty-pokupaesh-dushi,TRULY_MISSING,True,
byt-blansh-uelbek,TRULY_MISSING,True,
hodyachie-mertvecy-istoki,TRULY_MISSING,True,
trevozhnye-lyudi,TRULY_MISSING,True,
devil-may-cry,TRULY_MISSING,True,
sosednemu-korolevstvu-prodali-svyatuyu-pomolvku-kotoroy-razorvali-iz-za-togo-cht,TRULY_MISSING,True,
tihaya-smert,TRULY_MISSING,True,
taynaya-vecherya,TRULY_MISSING,True,
parusnyy-dom,TRULY_MISSING,True,
daygo-iz-pozharnoy-komandy,TRULY_MISSING,True,
razrazi-menya-grom,TRULY_MISSING,True,
blyuz-oprokinutogo-stakana,TRULY_MISSING,True,
posobie-dlya-yunyh-ledi,TRULY_MISSING,True,
oazis-nastoyaschego,TRULY_MISSING,True,
amerikanskie-istorii-uzhasov-3,TRULY_MISSING,True,
plohoy-senator,TRULY_MISSING,True,
lovec-beysbolnogo-polya,TRULY_MISSING,True,
pokayanie-3,TRULY_MISSING,True,
mulan,TRULY_MISSING,True,
meduza-3,TRULY_MISSING,True,
boevye-roboty-dzinki,TRULY_MISSING,True,
dvoynaya-igra-7,TRULY_MISSING,True,
tennis-9,TRULY_MISSING,True,
boginya-skama,TRULY_MISSING,True,
silnyy-pol,TRULY_MISSING,True,
ot-yelloustouna-do-yosemiti-s-kevinom-kostnerom,TRULY_MISSING,True,
dzhon-ueyn-geysi-zamaskirovannyy-dyavol-2,TRULY_MISSING,True,
ocharovatelnaya-boginya-edy-2,TRULY_MISSING,True,
leto-sammer,TRULY_MISSING,True,
svetloe-nebo,TRULY_MISSING,True,
poteryannye-dushi,TRULY_MISSING,True,
proekt-lyubov,TRULY_MISSING,True,
osedlat-zmeyu,TRULY_MISSING,True,
klinika-doktora-baka,TRULY_MISSING,True,
kopi-carya-solomona-5,TRULY_MISSING,True,
dzheff-boyd-oduhotvoryaetsya,TRULY_MISSING,True,
frenki-5-zvezd,TRULY_MISSING,True,
katalizator,TRULY_MISSING,True,
troica-2,TRULY_MISSING,True,
ne-mogu-otpustit,TRULY_MISSING,True,
dikiy-angel-2,TRULY_MISSING,True,
uzhasy-v-pryamom-efire,TRULY_MISSING,True,
zamuchennye,TRULY_MISSING,True,
brachnyy-osobnyak,TRULY_MISSING,True,
prihlopnut-pikelya,TRULY_MISSING,True,
yasenevyy-les,TRULY_MISSING,True,
pod-shlemom-nasledie-boby-fetta,TRULY_MISSING,True,
chto-sluchilos-brittani-merfi,TRULY_MISSING,True,
ks-mne-v-ass-nuby-nagibatory,TRULY_MISSING,True,
schastlivogo-novogo-goda,TRULY_MISSING,True,
krizis-na-beskonechnyh-zemlyah,TRULY_MISSING,True,
otfutbolennye,TRULY_MISSING,True,
modern-proshlogo-veka,TRULY_MISSING,True,
dzheffri-epshteyn-gryaznyy-bogach,TRULY_MISSING,True,
dobro-pozhalovat-v-yaponiyu-gospozha-elf-mini-anime,TRULY_MISSING,True,
doprosnaya-nomer-odin,TRULY_MISSING,True,
komik-kannibal,TRULY_MISSING,True,
ya-hochu-zhit-na-marse,TRULY_MISSING,True,
zlatovlaska-i-dva-medvedya,TRULY_MISSING,True,
kak-stat-tiranom,TRULY_MISSING,True,
eldritch-ssha,TRULY_MISSING,True,
esche-odin-shans,TRULY_MISSING,True,
kostas,TRULY_MISSING,True,
muzhchina-po-imeni-skott,TRULY_MISSING,True,
detektiv-konan-ova-11-sekretnyy-prikaz-ot-londona,TRULY_MISSING,True,
detektiv-konan-ova-05-cel-kogoro-sekretnoe-rassledovanie,TRULY_MISSING,True,
detektiv-konan-ova-12-chudo-ekskalibura,TRULY_MISSING,True,
dzhoui-pallamino,TRULY_MISSING,True,
zhal-chto-ya-lyublyu-tebya,TRULY_MISSING,True,
ne-day-sebya-sozhrat,TRULY_MISSING,True,
telesnaya-odisseya,TRULY_MISSING,True,
nevernye,TRULY_MISSING,True,
muzhchina-v-begah,TRULY_MISSING,True,
proklyate-taro,TRULY_MISSING,True,
makvey,TRULY_MISSING,True,
zhizn-ne-detskiy-sad-radosti-otcovstva,TRULY_MISSING,True,
skeyt-beskonechnost-ova,TRULY_MISSING,True,
sverhkub,TRULY_MISSING,True,
dublikat-2,TRULY_MISSING,True,
kogda-nas-nikto-ne-vidit,TRULY_MISSING,True,
hell-idet-za-toboy,TRULY_MISSING,True,
buynaya-zrelost,TRULY_MISSING,True,
lyubov-v-olivkovoy-rosche,TRULY_MISSING,True,
korolevstvo-3,TRULY_MISSING,True,
nozhnicy,TRULY_MISSING,True,
utes-myasnika,TRULY_MISSING,True,
voennye-hroniki-hivo,TRULY_MISSING,True,
svadba-v-hemptonse,TRULY_MISSING,True,
nochi-na-poluostrove,TRULY_MISSING,True,
poslednee-zhelanie-dyadi-rufusa,TRULY_MISSING,True,
vystrel-3,TRULY_MISSING,True,
balestra,TRULY_MISSING,True,
kuma-drugaya-zhena,TRULY_MISSING,True,
proekt-super-ruki-2,TRULY_MISSING,True,
sluzhaschiy-kintaro,TRULY_MISSING,True,
vysshaya-shkola-svyatogo-lyuminesa,TRULY_MISSING,True,
velikiy-zevok-istorii,TRULY_MISSING,True,
tainstvennyy-ostrov-pobeditelyu-dostanetsya-vse,TRULY_MISSING,True,
mnozhestvo-granic-fenshen,TRULY_MISSING,True,
perevorot-voennogo-dvizheniya-3,TRULY_MISSING,True,
perevorot-voennogo-dvizheniya-2,TRULY_MISSING,True,
perevorot-voennogo-dvizheniya,TRULY_MISSING,True,
legenda-kontinenta-mechey-2,TRULY_MISSING,True,
fantomy-3,TRULY_MISSING,True,
raskolotaya-bitvoy-sineva-nebes-proishozhdenie,TRULY_MISSING,True,
ohotniki-za-privideniyami-taynoe-sokrovische,TRULY_MISSING,True,
dzheykob-tayler,TRULY_MISSING,True,
ulica-demonov-3,TRULY_MISSING,True,
ulica-demonov-2,TRULY_MISSING,True,
novaya-letopis-voyny-ergayc,TRULY_MISSING,True,
stenbek,TRULY_MISSING,True,
pererozhdenie-muzhchiny-srednih-let-v-doch-dvoryanina-mini,TRULY_MISSING,True,
ten-8,TRULY_MISSING,True,
kasanie-bez-nomera,TRULY_MISSING,True,
ya-vrag-mira-bessmertnyh,TRULY_MISSING,True,
desyatifuntovye-pommi,TRULY_MISSING,True,
pogonya-za-svetom,TRULY_MISSING,True,
barbi-i-tereza-recept-druzhby,TRULY_MISSING,True,
tihaya-planeta,TRULY_MISSING,True,
vkusnyatina,TRULY_MISSING,True,
voshozhdenie-vorona,TRULY_MISSING,True,
aykacu-film,TRULY_MISSING,True,
kulak-severnoy-zvezdy-film,TRULY_MISSING,True,
rayskiy-gorod,TRULY_MISSING,True,
strana-desyati-tysyach-chudes-6,TRULY_MISSING,True,
strana-desyati-tysyach-chudes-4,TRULY_MISSING,True,
strana-desyati-tysyach-chudes-3,TRULY_MISSING,True,
semeynyy-biznes-novyy-orlean,TRULY_MISSING,True,
strana-desyati-tysyach-chudes-2,TRULY_MISSING,True,
ne-izdavay-ni-zvuka,TRULY_MISSING,True,
doroga-domoy-2,TRULY_MISSING,True,
neuyazvimyy-malchik,TRULY_MISSING,True,
menya-presleduyut-prizraki-2,TRULY_MISSING,True,
predatel-3,TRULY_MISSING,True,
odnazhdy-v-stambule,TRULY_MISSING,True,
gorod-seltiks,TRULY_MISSING,True,
silneyshaya-prokachka,TRULY_MISSING,True,
shvedka-kerolayn,TRULY_MISSING,True,
shpionskiy-zaliv,TRULY_MISSING,True,
horoshenkoe-lekarstvo-devochki-volshebnicy-2,TRULY_MISSING,True,
kayryu-i-pochtalon,TRULY_MISSING,True,
korotkaya-zhizn,TRULY_MISSING,True,
tri-podrugi,TRULY_MISSING,True,
dvoynaya-ekspoziciya,TRULY_MISSING,True,
hak-podarok,TRULY_MISSING,True,
padshie-synovya,TRULY_MISSING,True,
30-letniy-malysh,TRULY_MISSING,True,
smert-na-kanikulah,TRULY_MISSING,True,
ruki-vverh,TRULY_MISSING,True,
holodnyy-koshelek,TRULY_MISSING,True,
zolotoy-golos,TRULY_MISSING,True,
trapeciya,TRULY_MISSING,True,
kuhnya-2,TRULY_MISSING,True,
tihie,TRULY_MISSING,True,
malenkiy-gorodok-bolshaya-istoriya,TRULY_MISSING,True,
bogart-zhizn-prihodit-mgnovenno,TRULY_MISSING,True,
toksichnyy-gorod-2,TRULY_MISSING,True,
gora-smerti,TRULY_MISSING,True,
aktivirovannyy-chelovek,TRULY_MISSING,True,
zolotoy-dvor-zimnie-novogodnie-pozhelaniya,TRULY_MISSING,True,
volny-2,TRULY_MISSING,True,
van-pis-teatr-mugivary,TRULY_MISSING,True,
ya-nevenka,TRULY_MISSING,True,
ubiystva-v-foks-hollou-igrovaya-ploschadka-seriynogo-ubiycy,TRULY_MISSING,True,
ledokol,TRULY_MISSING,True,
ramayana-legenda-o-careviche-rame,TRULY_MISSING,True,
puteshestviya-change,TRULY_MISSING,True,
odin-iz-otvergnutyh-izgoy-5,TRULY_MISSING,True,
bananya-tainstvennye-druzya,TRULY_MISSING,True,
volche-leto,TRULY_MISSING,True,
signal-trevogi,TRULY_MISSING,True,
duhi-reyndzhery,TRULY_MISSING,True,
sadovnichestvo-v-gross-poynte,TRULY_MISSING,True,
krutye-devchonki,TRULY_MISSING,True,
suho,TRULY_MISSING,True,
po-vetru-ot-markizskih-ostrovov,TRULY_MISSING,True,
pochemu-ty-ulybaeshsya,TRULY_MISSING,True,
eda-lyubov-i-london,TRULY_MISSING,True,
prosto-skazhi-mne-chto-lyubish-menya,TRULY_MISSING,True,
vladyki-nebes,TRULY_MISSING,True,
tayna-imperatora-devyati-nebes-5,TRULY_MISSING,True,
horoshenkoe-lekarstvo-ty-i-idol,TRULY_MISSING,True,
ya-velikiy-bog,TRULY_MISSING,True,
nevozmozhnye-zhivotnye,TRULY_MISSING,True,
replikator,TRULY_MISSING,True,
kvisling-2,TRULY_MISSING,True,
tigry-ohota-na-brakonerov,TRULY_MISSING,True,
devara-chast-1,TRULY_MISSING,True,
beshenstvo-3,TRULY_MISSING,True,
demonizirovannye,TRULY_MISSING,True,
vechera-s-koshkoy-2,TRULY_MISSING,True,
tradicii-kuhni-duhov,TRULY_MISSING,True,
hroniki-nebesnoy-stolicy,TRULY_MISSING,True,
bitva-za-tron,TRULY_MISSING,True,
krutoy-ravi-kumar,TRULY_MISSING,True,
semya-6,TRULY_MISSING,True,
reznya-v-kinoteatre,TRULY_MISSING,True,
for-poynts,TRULY_MISSING,True,
smert-nakanune-svadby,TRULY_MISSING,True,
neozhidannyy-valentin,TRULY_MISSING,True,
s-toboy-v-buduschem,TRULY_MISSING,True,
ukus-realnosti-rassledovanie-hanny-svensen,TRULY_MISSING,True,
hameleon-5,TRULY_MISSING,True,
bart-bagalzbi-i-dzhin-iz-musornogo-baka,TRULY_MISSING,True,
svideteli-3,TRULY_MISSING,True,
mesto-54,TRULY_MISSING,True,
korol-demonov-poteryavshiy-svoyu-rabotu,TRULY_MISSING,True,
ubiystva-pod-omeloy,TRULY_MISSING,True,
ulika-3,TRULY_MISSING,True,
neznakomcy-3,TRULY_MISSING,True,
devushka-inflyuensera,TRULY_MISSING,True,
vyshibala-4,TRULY_MISSING,True,
pauchonok-ili-bezumneyshaya-istoriya-iz-kogda-libo-raskazannyh,TRULY_MISSING,True,
moya-geroyskaya-akademiya-ty-sleduyuschiy,TRULY_MISSING,True,
yuan-lun-3,TRULY_MISSING,True,
yuan-lun-2,TRULY_MISSING,True,
zhivuschiy-pod-nami,TRULY_MISSING,True,
razvraschennye,TRULY_MISSING,True,
razum-demona,TRULY_MISSING,True,
babki,TRULY_MISSING,True,
v-pogone-za-reytingom,TRULY_MISSING,True,
bear-grills-ohota-na-znamenitostey,TRULY_MISSING,True,
bekki-2,TRULY_MISSING,True,
shest-dney-v-avguste,TRULY_MISSING,True,
horoshie-i-plohie-veschi,TRULY_MISSING,True,
york-oboroten,TRULY_MISSING,True,
svet-lukki,TRULY_MISSING,True,
vetnam-voyna-izmenivshaya-ameriku,TRULY_MISSING,True,
kto-tebya-znaet,TRULY_MISSING,True,
ubiystvennaya-nyanya,TRULY_MISSING,True,
temnyy-match,TRULY_MISSING,True,
nit,TRULY_MISSING,True,
odnazhdy-v-medovyy-mesyac,TRULY_MISSING,True,
glubokoe-more,TRULY_MISSING,True,
bezymyannye-strashilki-2,TRULY_MISSING,True,
anonimnye-lyubovniki,TRULY_MISSING,True,
podsnezhniki,TRULY_MISSING,True,
romantika-skazochnoy-strany,TRULY_MISSING,True,
vy-serdechno-priglasheny,TRULY_MISSING,True,
novyy-den,TRULY_MISSING,True,
vihr-4-boec-very,TRULY_MISSING,True,
dorogoy-zvezd-6,TRULY_MISSING,True,
eto-ne-ya,TRULY_MISSING,True,
chelovecheskaya-spyachka,TRULY_MISSING,True,
greys-2,TRULY_MISSING,True,
plata-krovyu,TRULY_MISSING,True,
odinochestvo-v-venecii,TRULY_MISSING,True,
moya-reinkarnaciya-v-otome-igre-v-kachestve-glavnoy-zlodeyki-film,TRULY_MISSING,True,
ley-ap-levoy-rukoy-2,TRULY_MISSING,True,
ley-ap-levoy-rukoy,TRULY_MISSING,True,
rokbottom,TRULY_MISSING,True,
devochka-elektropribor,TRULY_MISSING,True,
raspredelennaya-opeka,TRULY_MISSING,True,
sidzhin-6,TRULY_MISSING,True,
dorogaya-keyt,TRULY_MISSING,True,
izolyaciya-3,TRULY_MISSING,True,
kvadrant,TRULY_MISSING,True,
plachuschie-pervocvety,TRULY_MISSING,True,
yaschik-apokalipsisa,TRULY_MISSING,True,
krasnaya-loshad,TRULY_MISSING,True,
medaka-kuroiva-ne-ponimaet-moey-privlekatelnosti,TRULY_MISSING,True,
vetrenica,TRULY_MISSING,True,
koroleva-imperii-zolotoy-vek-magii,TRULY_MISSING,True,
gorod-svyatogo-valentina,TRULY_MISSING,True,
my-volki,TRULY_MISSING,True,
lozhe-iz-gvozdey,TRULY_MISSING,True,
prostite-my-vse-mertvy,TRULY_MISSING,True,
stanovlenie-bogom,TRULY_MISSING,True,
sidzhin-5,TRULY_MISSING,True,
sidzhin-4,TRULY_MISSING,True,
sidzhin-3,TRULY_MISSING,True,
nezvanyy-gost-6,TRULY_MISSING,True,
dryannaya-ryba,TRULY_MISSING,True,
slepaya-zona,TRULY_MISSING,True,
vladychica-ozera-legenda-ob-ozere-ronkonkoma,TRULY_MISSING,True,
s-chistogo-lista-otnyne-i-navsegda,TRULY_MISSING,True,
agent-dzheyn-zhenschina-s-missiey,TRULY_MISSING,True,
propavshie-pisma-2,TRULY_MISSING,True,
molitva-plotnika,TRULY_MISSING,True,
plan-pomolvki,TRULY_MISSING,True,
v-lyubom-sluchae-ya-vlyublyus-v-tebya,TRULY_MISSING,True,
zvezdy-i-shtormy,TRULY_MISSING,True,
menyayuschiy-igru,TRULY_MISSING,True,
ubeyte-zhokeya,TRULY_MISSING,True,
uchenik-karty,TRULY_MISSING,True,
lazurnoe-nasledie-prefektura-dunnin,TRULY_MISSING,True,
vyrazhay-sebya,TRULY_MISSING,True,
u-ee-nog,TRULY_MISSING,True,
trigger-schaste,TRULY_MISSING,True,
holm-psov,TRULY_MISSING,True,
snayper-poslednyaya-bitva,TRULY_MISSING,True,
krovavaya-poezdka-ubiystva-v-noch-ravnodenstviya,TRULY_MISSING,True,
kop-priyatel,TRULY_MISSING,True,
den-blagodareniya-v-amitiville-2,TRULY_MISSING,True,
cyganskaya-luna,TRULY_MISSING,True,
glavnyy-geroy,TRULY_MISSING,True,
asaf,TRULY_MISSING,True,
gassal,TRULY_MISSING,True,
kassino-na-ostrove-iskya,TRULY_MISSING,True,
afaziya,TRULY_MISSING,True,
korobka-2,TRULY_MISSING,True,
bog-ne-umer-my-verim-v-boga,TRULY_MISSING,True,
pandazavr,TRULY_MISSING,True,
naveki,TRULY_MISSING,True,
rankor,TRULY_MISSING,True,
naslednica-i-master,TRULY_MISSING,True,
rassledovaniya-avrory-tigarden-urok-ubiystva,TRULY_MISSING,True,
rozhdestvenskoe-pivo,TRULY_MISSING,True,
predannaya-lyubov,TRULY_MISSING,True,
zemlya-krasivoy-lyubvi,TRULY_MISSING,True,
arkadiya-3,TRULY_MISSING,True,
vina-4,TRULY_MISSING,True,
10-dney-lyubopytnogo-cheloveka,TRULY_MISSING,True,
poslednyaya-stavka,TRULY_MISSING,True,
na-perepute-2,TRULY_MISSING,True,
gryaznye-zhivotnye,TRULY_MISSING,True,
siluet-ampir,TRULY_MISSING,True,
pozhiratel-tel,TRULY_MISSING,True,
antikrizisnye-mery,TRULY_MISSING,True,
sapozhnica-bez-sapog,TRULY_MISSING,True,
razrushitelnoe-deystvie-vremeni-2,TRULY_MISSING,True,
chelovek-muskul-2-2,TRULY_MISSING,True,
ya-dal-klyatvu,TRULY_MISSING,True,
prirozhdennyy-povelitel,TRULY_MISSING,True,
garlem,TRULY_MISSING,True,
prekrasnoe-puteshestvie-kuromi-2,TRULY_MISSING,True,
protokol-7,TRULY_MISSING,True,
yuvenilnaya-pesnya-4,TRULY_MISSING,True,
univer-s-privideniyami-3,TRULY_MISSING,True,
zembilli,TRULY_MISSING,True,
dolg-zhizni,TRULY_MISSING,True,
aladzha,TRULY_MISSING,True,
v-teni-2,TRULY_MISSING,True,
vozvraschenie-v-ray,TRULY_MISSING,True,
besstyzhie-zal-pozora,TRULY_MISSING,True,
skazaniya-o-demonah-i-bogah-7,TRULY_MISSING,True,
skazaniya-o-demonah-i-bogah-6,TRULY_MISSING,True,
skazaniya-o-demonah-i-bogah-5,TRULY_MISSING,True,
monolog-maomao-2,TRULY_MISSING,True,
narkobiznes,TRULY_MISSING,True,
dva-shefa-i-svadebnyy-tort,TRULY_MISSING,True,
hu-he-yao-shi-lu,TRULY_MISSING,True,
tvoya-vina,TRULY_MISSING,True,
kartochnye-boi-avangarda-svyataya-zet-delyuks,TRULY_MISSING,True,
vernost-4,TRULY_MISSING,True,
minuta-kaydzyu-nomer-vosem,TRULY_MISSING,True,
hanako-prizrak-s-vneklassnymi-istoriyami-chast-2,TRULY_MISSING,True,
chernaya-shelkovica,TRULY_MISSING,True,
kanikuly-4,TRULY_MISSING,True,
farmagiya,TRULY_MISSING,True,
dobro-pozhalovat-v-yaponiyu-gospozha-elf,TRULY_MISSING,True,
na-vyzove,TRULY_MISSING,True,
akvarion-mif-ob-emociyah,TRULY_MISSING,True,
smena-peredach,TRULY_MISSING,True,
ubiystvo-na-bortu,TRULY_MISSING,True,
lovushka-dlya-prizrakov-2,TRULY_MISSING,True,
idealnyy-podarok-dlya-lii,TRULY_MISSING,True,
sozdatel-magii-kak-sozdat-volshebstvo-v-drugom-mire,TRULY_MISSING,True,
isyura-2,TRULY_MISSING,True,
ura-mechte-ave-mujica,TRULY_MISSING,True,
cvety-budut-cvesti,TRULY_MISSING,True,
bezymyannaya-pamyat-2,TRULY_MISSING,True,
semeynaya-yurfirma,TRULY_MISSING,True,
vedi-sebya-prilichno,TRULY_MISSING,True,
klyatva-volshebnika,TRULY_MISSING,True,
pererodivshis-aristokratom-neudachnikom-ya-potratil-vse-svoe-svobodnoe-vremya-ch,TRULY_MISSING,True,
moy-schastlivyy-brak-2,TRULY_MISSING,True,
ya-velikiy-bog-3,TRULY_MISSING,True,
siniy-ekzorcist-vsya-noch,TRULY_MISSING,True,
ukradennye-pocelui,TRULY_MISSING,True,
nebesno-goluboy-gibrid,TRULY_MISSING,True,
mav-lav-alternativa-2,TRULY_MISSING,True,
letuchie-mediki,TRULY_MISSING,True,
po-skolzkoy-dorozhke,TRULY_MISSING,True,
naoborot,TRULY_MISSING,True,
grisayya-prizrachnyy-kurok,TRULY_MISSING,True,
perevorot-voennogo-dvizheniya-5,TRULY_MISSING,True,
pomyvashki-s-hinako-i-hieko,TRULY_MISSING,True,
cunami-gonka-so-vremenem,TRULY_MISSING,True,
nepriznannyy-shkoloy-vladyka-demonov-silneyshiy-vladyka-demonov-v-istorii-postup,TRULY_MISSING,True,
harizmatichnye-ubiycy,TRULY_MISSING,True,
lik,TRULY_MISSING,True,
moy-schastlivyy-brak-forma-moego-schastya,TRULY_MISSING,True,
bezotvetstvennyy-kapitan-taylor-ova-3,TRULY_MISSING,True,
ya-zhdu-kogda-morskoy-briz-obnimet-tebya,TRULY_MISSING,True,
lyubov-v-tvoih-glazah,TRULY_MISSING,True,
blagorodnaya-zhenschina,TRULY_MISSING,True,
mesto-pod-solncem-4,TRULY_MISSING,True,
liven,TRULY_MISSING,True,
ya-monstr-s-klassa-begemot-no-menya-pereputali-s-kotom-i-ya-zhivu-u-elfiyki-kak-,TRULY_MISSING,True,
ferma-4,TRULY_MISSING,True,
prosti-menya-otec,TRULY_MISSING,True,
pochti-chto-ray,TRULY_MISSING,True,
plohoy-paren-3,TRULY_MISSING,True,
poezdka-4,TRULY_MISSING,True,
povest-ob-anhe-chast-2,TRULY_MISSING,True,
tvorcheskiy-podhod-hamidashi,TRULY_MISSING,True,
gody-studenchestva,TRULY_MISSING,True,
bezdomnyy,TRULY_MISSING,True,
advent,TRULY_MISSING,True,
rozhdestvenskiy-kovboy,TRULY_MISSING,True,
razgovory-o-sverhestestvennom-v-gorodke-inyan,TRULY_MISSING,True,
lyubi-menya-tak-kak-ya,TRULY_MISSING,True,
silnyy-zapadnyy-veter,TRULY_MISSING,True,
novyy-mobilnyy-voin-gandam-dubl-ve-beskonechnyy-vals,TRULY_MISSING,True,
svyatilische-3,TRULY_MISSING,True,
lish-potomu-chto-tvoe-serdce-znaet-moe,TRULY_MISSING,True,
davay-moya-milaya,TRULY_MISSING,True,
dvoynaya-liniya-zhizni,TRULY_MISSING,True,
tusklyy-svet-vo-tme,TRULY_MISSING,True,
solnce-utopayuschee-v-zvezdah,TRULY_MISSING,True,
prichiny-tvoey-nenavisti,TRULY_MISSING,True,
krov-drakona-lev,TRULY_MISSING,True,
nauka-vlyublyatsya,TRULY_MISSING,True,
krov-drakona-lebed,TRULY_MISSING,True,
krov-drakona-nosorog,TRULY_MISSING,True,
leto-lyubvi,TRULY_MISSING,True,
ubiyca-ne-innyan,TRULY_MISSING,True,
krov-drakona-byk,TRULY_MISSING,True,
krov-drakona-tigr,TRULY_MISSING,True,
rozhdenie-pervoy-lyubvi,TRULY_MISSING,True,
tainstvennye-skazki-chananya,TRULY_MISSING,True,
ya-ne-mogu-poymat-kota,TRULY_MISSING,True,
ischezayuschaya-lyubov,TRULY_MISSING,True,
sekretnaya-fan-missiya,TRULY_MISSING,True,
bessmertnye-izgnannye-v-smutnye-vremena,TRULY_MISSING,True,
osen-v-moem-serdce-tayskaya-versiya,TRULY_MISSING,True,
telohranitelnica,TRULY_MISSING,True,
teleport-2,TRULY_MISSING,True,
moya-snoubordistka,TRULY_MISSING,True,
lyubov-obezyany-i-sobaki,TRULY_MISSING,True,
zaklyatie-luny,TRULY_MISSING,True,
obzhigayuschaya-igra-v-lyubov,TRULY_MISSING,True,
lyubov-ne-budet-zhdat,TRULY_MISSING,True,
demon-iz-chananya,TRULY_MISSING,True,
zamok-iz-peska-4,TRULY_MISSING,True,
smyatenie-chuvstv-2,TRULY_MISSING,True,
moy-nenaglyadnyy-mafiozi,TRULY_MISSING,True,
moy-lyubimyy-vrag-3,TRULY_MISSING,True,
fakfa-kiri-i-dao,TRULY_MISSING,True,
sdavaysya-kapitan-han,TRULY_MISSING,True,
malenkaya-amerika,TRULY_MISSING,True,
taynaya-zhizn-zhivotnyh,TRULY_MISSING,True,
ulozhennye,TRULY_MISSING,True,
duh-dvorca,TRULY_MISSING,True,
krov-za-krov-3,TRULY_MISSING,True,
banda-3,TRULY_MISSING,True,
obychnye-no-osobennye,TRULY_MISSING,True,
nesokrushimyy-predok-puti-mecha,TRULY_MISSING,True,
tanec-na-snegu,TRULY_MISSING,True,
portrety,TRULY_MISSING,True,
neraskrytye-dela,TRULY_MISSING,True,
vremeni-budet-dostatochno,TRULY_MISSING,True,
taynyy-brak,TRULY_MISSING,True,
eto-prosto-razvod,TRULY_MISSING,True,
vampir-i-mstitel,TRULY_MISSING,True,
vozlyublennye-2,TRULY_MISSING,True,
stezya-krasavicy,TRULY_MISSING,True,
bitlz-64,TRULY_MISSING,True,
vozrozhdenie-feniksa-2,TRULY_MISSING,True,
nevidimyy-3,TRULY_MISSING,True,
dinastiya-shakira-pashi-chudesa-i-skandaly,TRULY_MISSING,True,
tri-mudreca-i-malchik,TRULY_MISSING,True,
rozhdestvo-v-obertke-vozvraschenie-olivii-2,TRULY_MISSING,True,
finishnaya-cherta-2,TRULY_MISSING,True,
dzhentri-chau-protiv-monstrov,TRULY_MISSING,True,
rozhdestvenskaya-gonka,TRULY_MISSING,True,
ne-po-uchebniku,TRULY_MISSING,True,
more-alchnosti,TRULY_MISSING,True,
iskusstvo-vosmi-konechnostey,TRULY_MISSING,True,
kanun-rozhdestva-v-millers-poynt,TRULY_MISSING,True,
pylayuschaya-reka,TRULY_MISSING,True,
pochemu-u-16-letnego-seyi-net-devushki,TRULY_MISSING,True,
kadetskoe-rozhdestvo-princessy,TRULY_MISSING,True,
dostoevskiy,TRULY_MISSING,True,
saudovskaya-professionalnaya-liga-novyy-start,TRULY_MISSING,True,
romanticheskaya-istoriya-yan-chzhi,TRULY_MISSING,True,
finskiy-papa,TRULY_MISSING,True,
medlenno,TRULY_MISSING,True,
dostuchatsya-do-tebya-3,TRULY_MISSING,True,
bangkokskie-istorii-lyubvi-nevozmozhno-ne-vlyubitsya,TRULY_MISSING,True,
zimnie-kanikuly,TRULY_MISSING,True,
kak-proklyatie-nebes,TRULY_MISSING,True,
tokiyskaya-prachechnaya-samoobsluzhivaniya,TRULY_MISSING,True,
bolshoy-krasivyy-dom,TRULY_MISSING,True,
moy-menedzher,TRULY_MISSING,True,
lyubov-pridi,TRULY_MISSING,True,
lyubov-i-dolg-2,TRULY_MISSING,True,
layk,TRULY_MISSING,True,
serdce-patapi,TRULY_MISSING,True,
dinazenon-film,TRULY_MISSING,True,
milyy-domashniy-brak,TRULY_MISSING,True,
koordinaty-lyubvi,TRULY_MISSING,True,
ukroschenie-chertovki,TRULY_MISSING,True,
magazinchik-vedmy,TRULY_MISSING,True,
geniy,TRULY_MISSING,True,
holding,TRULY_MISSING,True,
korolevskaya-nevestka,TRULY_MISSING,True,
izmenchivaya-luna,TRULY_MISSING,True,
ostrov-palma,TRULY_MISSING,True,
mezhdu-druzhboy-i-lyubovyu,TRULY_MISSING,True,
samyy-udachlivyy-v-mire-2,TRULY_MISSING,True,
moya-lyubimaya-zlodeyka,TRULY_MISSING,True,
proekt-obolschenie,TRULY_MISSING,True,
krasavica-kampusa,TRULY_MISSING,True,
rozy-i-brillianty,TRULY_MISSING,True,
dnevnik-vozvrascheniya,TRULY_MISSING,True,
geroy-shi-chuvstvuet-sebya-odinokim,TRULY_MISSING,True,
strastnaya-zhenschina,TRULY_MISSING,True,
parfayt-tik,TRULY_MISSING,True,
volshebnaya-maska,TRULY_MISSING,True,
vspominay-ha-ri-2,TRULY_MISSING,True,
klin-klinom-3,TRULY_MISSING,True,
vspominay-ha-ri,TRULY_MISSING,True,
dolg-pamyati-videokollekciya,TRULY_MISSING,True,
opasnaya-lyubov-3,TRULY_MISSING,True,
moy-paren-ne-hochet-blizosti-so-mnoy,TRULY_MISSING,True,
krepost-na-gore,TRULY_MISSING,True,
pyatero-3,TRULY_MISSING,True,
moy-paren-vampir,TRULY_MISSING,True,
kogda-plachut-cikady,TRULY_MISSING,True,
boginya-marinovannoy-rybki,TRULY_MISSING,True,
ya-nikogda-ne-slyshal-chtoby-razvedennye-lyudi-byli-populyarny,TRULY_MISSING,True,
uh-ty-vash-malenkiy-harakter,TRULY_MISSING,True,
davayte-potyanem,TRULY_MISSING,True,
neveroyatnoe-deystvie,TRULY_MISSING,True,
moy-paren-rusal,TRULY_MISSING,True,
lzhec,TRULY_MISSING,True,
lazurnoe-nasledie-2,TRULY_MISSING,True,
myshinyy-ray,TRULY_MISSING,True,
zabavnyy-mertvec,TRULY_MISSING,True,
malchik-general,TRULY_MISSING,True,
vladyka-demonov,TRULY_MISSING,True,
zagadka-genov-lisy-2,TRULY_MISSING,True,
zagadka-genov-lisy,TRULY_MISSING,True,
petlya-atitana,TRULY_MISSING,True,
prosnites-ron-burgundi-poteryannyy-film,TRULY_MISSING,True,
58-ya-ezhegodnaya-ceremoniya-vrucheniya-premii-toni,TRULY_MISSING,True,
zoopark-zhelaniy,TRULY_MISSING,True,
oderzhimost-11,TRULY_MISSING,True,
tetra-vaal,TRULY_MISSING,True,
zubnaya-feya-3,TRULY_MISSING,True,
50-hudshih-filmov,TRULY_MISSING,True,
pik-boevyh-iskusstv,TRULY_MISSING,True,
povelitel-vseh-mirov,TRULY_MISSING,True,
vydayuschiesya-zveri-final,TRULY_MISSING,True,
vechera-s-koshkoy-3,TRULY_MISSING,True,
kriminalnoe-chtivo-v-mgnovenie-oka-retrospektiva-k-10-letiyu,TRULY_MISSING,True,
momenty-ovaciy,TRULY_MISSING,True,
citroen-c4-alive-with-technology,TRULY_MISSING,True,
nikogda-ne-pozdno-3,TRULY_MISSING,True,
providenie,TRULY_MISSING,True,
providenie-2,TRULY_MISSING,True,
edinstvennyy-vladyka-mira-2,TRULY_MISSING,True,
kapitan-buduschee-bolshaya-gonka-po-solnechnoy-sisteme,TRULY_MISSING,True,
neizvestnaya-tayna-m-nayta-shyamalana,TRULY_MISSING,True,
bessmertie-desyatiletnee-soglashenie,TRULY_MISSING,True,
v-poiskah-hayp-boya,TRULY_MISSING,True,
puteshestvie-na-zapad-bezumnyy-korol,TRULY_MISSING,True,
chudesnoe-horoshenkoe-lekarstvo,TRULY_MISSING,True,
moe-prosvetlenie-beskonechno,TRULY_MISSING,True,
volshebnyy-mir-zakoldovannoy-elly,TRULY_MISSING,True,
the-monday-night-war-wwe-raw-vs-wcw-nitro,TRULY_MISSING,True,
tna-impact-wrestling,TRULY_MISSING,True,
helter-skelter,TRULY_MISSING,True,
gwen-stefani-feat-eve-rich-girl,TRULY_MISSING,True,
wwe-korolevskaya-bitva,TRULY_MISSING,True,
hakuoki-sladkaya-shkolnaya-zhizn,TRULY_MISSING,True,
zaymite-svoi-pozicii,TRULY_MISSING,True,
v-horoshey-forme,TRULY_MISSING,True,
zelenaya-sliva,TRULY_MISSING,True,
svadba-s-vladykoy-carstva-teney,TRULY_MISSING,True,
strast-mechnika,TRULY_MISSING,True,
parikmaher-esino,TRULY_MISSING,True,
nevernyy-suprug,TRULY_MISSING,True,
segodnya-imperatrica-ne-prinimaet,TRULY_MISSING,True,
noch-predatelstva,TRULY_MISSING,True,
malenkaya-drakonica,TRULY_MISSING,True,
davay-srazhatsya,TRULY_MISSING,True,
blagoslovennaya-nevesta,TRULY_MISSING,True,
lyubov-v-nashih-serdcah,TRULY_MISSING,True,
enco-2,TRULY_MISSING,True,
zaryadka-dlya-aleksandra,TRULY_MISSING,True,
detektiv-konan-pentagramma-na-million-dollarov,TRULY_MISSING,True,
ostrov-lyubvi-2,TRULY_MISSING,True,
magicheskiy-produktovyy-magazin,TRULY_MISSING,True,
velikiy-zaschitnik,TRULY_MISSING,True,
fransua-tryuffo-avtobiografiya,TRULY_MISSING,True,
noch-kogda-ya-stala-zhivotnym-3,TRULY_MISSING,True,
donni-darko-dnevnik-proizvodstva,TRULY_MISSING,True,
devushki-poni-slavnoe-derbi-nachalo-novoy-ery,TRULY_MISSING,True,
drevniy-lekar-v-sovremennom-gorode,TRULY_MISSING,True,
dobro-pozhalovat-domoy-princessa,TRULY_MISSING,True,
obnazhennaya-primadonna,TRULY_MISSING,True,
old-street,TRULY_MISSING,True,
76-ya-ceremoniya-vrucheniya-premii-oskar,TRULY_MISSING,True,
lyubov-vo-sne,TRULY_MISSING,True,
obyatiya-temnoy-nochyu,TRULY_MISSING,True,
pepsi-commercial-we-will-rock-you,TRULY_MISSING,True,
britney-spears-my-prerogative,TRULY_MISSING,True,
snova-14-lyublyu-tebya-dve-tysyachi-raz,TRULY_MISSING,True,
malchiki-i-devochki-2,TRULY_MISSING,True,
wwe-restlmaniya-20,TRULY_MISSING,True,
voron-bezdonnaya-tma,TRULY_MISSING,True,
priglashenie-5,TRULY_MISSING,True,
magazinchik-vedmy-snova-otkryt,TRULY_MISSING,True,
silnye-odinochki,TRULY_MISSING,True,
nevesta-s-raskrashennoy-kozhey,TRULY_MISSING,True,
mest-materi,TRULY_MISSING,True,
malenkaya-svaha-imperatora-demonov,TRULY_MISSING,True,
populyarnaya-muzyka-iz-vittuly,TRULY_MISSING,True,
kot-v-sapogah-na-dikom-zapade,TRULY_MISSING,True,
slepoe-pyatno,TRULY_MISSING,True,
ya-tak-tebya-lyublyu,TRULY_MISSING,True,
zverinyy-ostrov-sokrovisch,TRULY_MISSING,True,
idealnaya-devushka,TRULY_MISSING,True,
garri-potter-volshebniki-vypechki,TRULY_MISSING,True,
imperator-van-gon,TRULY_MISSING,True,
ten-bashni,TRULY_MISSING,True,
tainstvennyy-sad-4,TRULY_MISSING,True,
lyubov-brak-razvod,TRULY_MISSING,True,
falshivomonetchik-3,TRULY_MISSING,True,
sladkiy-zapah-opasnosti,TRULY_MISSING,True,
totemnoe-nasekomoe,TRULY_MISSING,True,
skazka-o-beloy-zmee,TRULY_MISSING,True,
soyuz-drakona-i-feniksa,TRULY_MISSING,True,
vrag-poselivshiysya-v-serdce,TRULY_MISSING,True,
mificheskie-zveri-3,TRULY_MISSING,True,
chansya-veyyan,TRULY_MISSING,True,
skazaniya-ob-unichtozhenii-demonov,TRULY_MISSING,True,
pozhaluysta-ne-poddavaytes-iskusheniyu,TRULY_MISSING,True,
gospozha-i-ee-nalozhniki,TRULY_MISSING,True,
ego-serdce-betsya,TRULY_MISSING,True,
serdechnye-tovarischi,TRULY_MISSING,True,
glavnaya-gospozha,TRULY_MISSING,True,
cvobodnyy,TRULY_MISSING,True,
britney-spears-everytime,TRULY_MISSING,True,
britney-spears-toxic,TRULY_MISSING,True,
moya-lyubimaya-koshechka,TRULY_MISSING,True,
layner-0011-adskiy-pes-transformiruysya,TRULY_MISSING,True,
kobra-4,TRULY_MISSING,True,
nenaydennaya-lyubov,TRULY_MISSING,True,
parni-iz-treylerparka-rozhdestvenskiy-specvypusk,TRULY_MISSING,True,
eminem-like-toy-soldiers,TRULY_MISSING,True,
malenkiy-remi-i-ego-slavnyy-pes-kapi,TRULY_MISSING,True,
lyupen-iii-pilotnyy-film,TRULY_MISSING,True,
skazki-andersena,TRULY_MISSING,True,
puteshestvie-na-zapad-4,TRULY_MISSING,True,
arabskie-nochi-priklyucheniya-sindbada-2,TRULY_MISSING,True,
ochen-splyuschennoe-rozhdestvo,TRULY_MISSING,True,
eminem-just-lose-it,TRULY_MISSING,True,
d12-my-band,TRULY_MISSING,True,
maroon-5-this-love,TRULY_MISSING,True,
letom,TRULY_MISSING,True,
neobhodimyy-cvet,TRULY_MISSING,True,
moguschestvennye-ucheniki,TRULY_MISSING,True,
imperator-dao,TRULY_MISSING,True,
moy-brat-budet-vstrechatsya-vmesto-menya,TRULY_MISSING,True,
vozvrat-deneg,TRULY_MISSING,True,
gwen-stefani-what-you-waiting-for,TRULY_MISSING,True,
pozhaluysta-brat-podozhdi,TRULY_MISSING,True,
lyubov-pod-bokom,TRULY_MISSING,True,
vy-sogreete-etu-lyubov,TRULY_MISSING,True,
novoe-puteshestvie-na-zapad,TRULY_MISSING,True,
zagadochnoe-ubiystvo-mertvyh,TRULY_MISSING,True,
u-etih-parney-yavnye-problemy,TRULY_MISSING,True,
strastnoe-zhelanie,TRULY_MISSING,True,
doroga-greha-2-cena-iskupleniya,TRULY_MISSING,True,
doroga-greha,TRULY_MISSING,True,
vostochnaya-izgorod,TRULY_MISSING,True,
luna-vlyublennaya-v-zvezdy,TRULY_MISSING,True,
cvetuschaya-lyubov,TRULY_MISSING,True,
byvshiy-paren-stal-moim-bossom,TRULY_MISSING,True,
moy-sladkiy-vrag,TRULY_MISSING,True,
bill-beyli-polutroll,TRULY_MISSING,True,
voiny-shaolinya,TRULY_MISSING,True,
ya-znayu-chto-lyublyu-tebya,TRULY_MISSING,True,
nevesta-mehanik,TRULY_MISSING,True,
velikolepnaya-yn-su,TRULY_MISSING,True,
malchiki-v-nebe-2,TRULY_MISSING,True,
myahyallya-v-moskve,TRULY_MISSING,True,
rammstein-mein-teil,TRULY_MISSING,True,
glavnyy-geroy-pozhaluysta-ne-podhodi,TRULY_MISSING,True,
ingmar-bergman-3-dokumentalnyh-filma-mari-nyurered-o-kino-teatre-fore-i-zhizni,TRULY_MISSING,True,
ne-tak-horosh-general-kotoryy-podaril-mne-lyubov,TRULY_MISSING,True,
terrakotovyy-voin,TRULY_MISSING,True,
britni-spirs-zhivoy-koncert-v-mayami,TRULY_MISSING,True,
a-vot-i-lyubov,TRULY_MISSING,True,
boevaya-inversiya,TRULY_MISSING,True,
v-poiskah-bessmertiya,TRULY_MISSING,True,
kolco-rubi,TRULY_MISSING,True,
ne-v-silah-obmanut-sudbu,TRULY_MISSING,True,
krovavaya-boynya,TRULY_MISSING,True,
greshnaya-lyubov-sredi-voln,TRULY_MISSING,True,
chetyre-vnuchki,TRULY_MISSING,True,
dom-v-kotorom-zhivet-lyubov,TRULY_MISSING,True,
oborotni-iz-malenkoy-derevushki,TRULY_MISSING,True,
romanticheskiy-shtrih,TRULY_MISSING,True,
dve-lyubvi,TRULY_MISSING,True,
muzhchina-s-lyubovyu-k-milym-veschichkam,TRULY_MISSING,True,
moy-napolovinu-paren,TRULY_MISSING,True,
lyubov-zdes-zapreschena,TRULY_MISSING,True,
pozhaluysta-ne-presleduy-menya,TRULY_MISSING,True,
opasnaya-lyubov-4,TRULY_MISSING,True,
lyubovnoe-zele-2,TRULY_MISSING,True,
moy-shumnyy-dom-s-privideniyami,TRULY_MISSING,True,
chzhan-chzhen-rasskazyvaet-istorii,TRULY_MISSING,True,
anomalii-posledniy-sezon,TRULY_MISSING,True,
anomalii-3,TRULY_MISSING,True,
anomalii-2,TRULY_MISSING,True,
anomalii,TRULY_MISSING,True,
tyazhelaya-zima,TRULY_MISSING,True,
bessmertnye-bogini,TRULY_MISSING,True,
vpered-brat,TRULY_MISSING,True,
te-kto-sleduyut-za-toboy,TRULY_MISSING,True,
privet-protivnik-po-debatam,TRULY_MISSING,True,
fermer-aristokrat-2,TRULY_MISSING,True,
istina,TRULY_MISSING,True,
final-kotoryy-my-iskali,TRULY_MISSING,True,
kompaniya-buduschego,TRULY_MISSING,True,
svadebnaya-molniya,TRULY_MISSING,True,
moy-kosmicheskiy-korabl,TRULY_MISSING,True,
shkolnyy-krasavchik,TRULY_MISSING,True,
chuzhaya-zhizn-moego-serdca,TRULY_MISSING,True,
chto-plohogo-v-upravlenii-ekskavatorom,TRULY_MISSING,True,
v-moey-supersile-net-smysla,TRULY_MISSING,True,
silneyshaya-sekta-vseh-vremen,TRULY_MISSING,True,
nebo-dlya-odnoy-zvezdy,TRULY_MISSING,True,
put-k-nebu,TRULY_MISSING,True,
moya-derevenskaya-lyubov,TRULY_MISSING,True,
kogot-garudy,TRULY_MISSING,True,
zyat-2,TRULY_MISSING,True,
zvezdy-vdali-ot-menya,TRULY_MISSING,True,
zvezdy-ansamblya-doroga-k-shou,TRULY_MISSING,True,
zveropolis,TRULY_MISSING,True,
zolushka-i-svoenravnye-parni-2,TRULY_MISSING,True,
zolotoe-yabloko,TRULY_MISSING,True,
zolotoe-bozhestvo-5,TRULY_MISSING,True,
zloy-gorod,TRULY_MISSING,True,
zloveschaya-zhena,TRULY_MISSING,True,
zhutkiy-vtornik,TRULY_MISSING,True,
zhurnal-sestry,TRULY_MISSING,True,
zhizn-za-tebya-otdam,TRULY_MISSING,True,
zhizn-v-detalyah-2,TRULY_MISSING,True,
zhizn-segodnya,TRULY_MISSING,True,
zhizn-kak-son,TRULY_MISSING,True,
zhivu-s-ubiycey-moey-materi,TRULY_MISSING,True,
zhestokie-umy-ubiycy-na-plenke,TRULY_MISSING,True,
zhenskie-sekrety-serial-2016,TRULY_MISSING,True,
zhenschina-korolya,TRULY_MISSING,True,
zhenis-na-mne-moy-zlyden-lord,TRULY_MISSING,True,
zhena-za-dengi-2,TRULY_MISSING,True,
zhena-za-dengi,TRULY_MISSING,True,
zhena-levsha,TRULY_MISSING,True,
zhemchuzhnye-zerna,TRULY_MISSING,True,
zheltyy-2,TRULY_MISSING,True,
zheltye-botinki-serial-2012,TRULY_MISSING,True,
zheleznoe-carstvo,TRULY_MISSING,True,
zhelaniya-grustnoy-devushki,TRULY_MISSING,True,
zelenaya-planeta-3,TRULY_MISSING,True,
zdravstvuy-moya-lyubov,TRULY_MISSING,True,
zdravstvuy-enn-chto-bylo-do-zelenyh-krysh,TRULY_MISSING,True,
zdes-zhivet-zlo-govorit-ubiyca,TRULY_MISSING,True,
zazhgi-scenu-film,TRULY_MISSING,True,
zavoevatel,TRULY_MISSING,True,
zastryavshiy,TRULY_MISSING,True,
zarabatyvay-dengi-chtoby-stat-korolem-2,TRULY_MISSING,True,
zapretnaya-zona-uroven-x,TRULY_MISSING,True,
zapiski-o-poiskah-duhov-drakon-yuzhnogo-morya,TRULY_MISSING,True,
zapisi-ob-odnom-pocelue,TRULY_MISSING,True,
zapisi-o-magii-2,TRULY_MISSING,True,
zapisi-chenen-u-o-zahvate-demonov,TRULY_MISSING,True,
zapah-vospominaniy,TRULY_MISSING,True,
zapah-sunduka,TRULY_MISSING,True,
zanox,TRULY_MISSING,True,
zamysel-krasavicy-2,TRULY_MISSING,True,
zamuzhnyaya-zhenschina-2,TRULY_MISSING,True,
zamuzh-za-mrak,TRULY_MISSING,True,
zamuzh-za-millionera-serial-2005-2006,TRULY_MISSING,True,
zamok-vedmy-serial-2015-2016,TRULY_MISSING,True,
zametki-yatogame-4,TRULY_MISSING,True,
zametki-yatogame-3,TRULY_MISSING,True,
zametki-yatogame-2,TRULY_MISSING,True,
zakusochnaya-basue,TRULY_MISSING,True,
zakonnaya-zhena-2,TRULY_MISSING,True,
zakon-morya,TRULY_MISSING,True,
zakon-dyavola,TRULY_MISSING,True,
zaklinatel-kudzyaku-ova-1,TRULY_MISSING,True,
zaklinanie-vremeni,TRULY_MISSING,True,
zagadochnaya-istoriya-natali-greys,TRULY_MISSING,True,
zagadochnaya-devyatka,TRULY_MISSING,True,
zagadki-magicheskoy-akademii-2,TRULY_MISSING,True,
zadira-3,TRULY_MISSING,True,
za-chertoy-devyati-nebes,TRULY_MISSING,True,
yuvenilnaya-pesnya-3,TRULY_MISSING,True,
yuvenilnaya-pesnya-2-chast-1,TRULY_MISSING,True,
yunye-titany-vpered-protiv-yunyh-titanov-2019,TRULY_MISSING,True,
yunye-titany-vpered-kosmicheskiy-dzhem-2021,TRULY_MISSING,True,
yunye-prestupniki,TRULY_MISSING,True,
yo-gabba-gabbaland-serial-2024,TRULY_MISSING,True,
yn-hi-serial-2013-2014,TRULY_MISSING,True,
yeah-yeah-yeahs-sacrilege,TRULY_MISSING,True,
yazyk-nezhnosti-2,TRULY_MISSING,True,
yarkoe-vremya-2,TRULY_MISSING,True,
yarkaya-luna-struyascheesya-plamya-2,TRULY_MISSING,True,
yaksha-vechnaya-lyubov,TRULY_MISSING,True,
ya-znayu-chto-lyublyu-tebya-2,TRULY_MISSING,True,
ya-zastavil-million-daosov-revet-ot-zlosti,TRULY_MISSING,True,
ya-v-svoem-ume,TRULY_MISSING,True,
ya-uzhe-tam-byla,TRULY_MISSING,True,
ya-stal-uchitelem-v-shkole-monstrov,TRULY_MISSING,True,
ya-stal-bessmertnym-s-pomoschyu-klaviatury,TRULY_MISSING,True,
ya-spryatal-tebya-v-svoem-serdce,TRULY_MISSING,True,
ya-sleduyu-za-romantikoy,TRULY_MISSING,True,
ya-seryy,TRULY_MISSING,True,
ya-selin-dion,TRULY_MISSING,True,
ya-polyubil-tebya-odnazhdy,TRULY_MISSING,True,
ya-otkroyu-tebe-taynu,TRULY_MISSING,True,
ya-ne-mogu-vpisatsya-v-etot-mir,TRULY_MISSING,True,
ya-mini-serial-2017,TRULY_MISSING,True,
ya-i-mister-pravilnyy,TRULY_MISSING,True,
ya-guantanamo,TRULY_MISSING,True,
ya-est-grut,TRULY_MISSING,True,
ya-donachu-chtoby-prokachatsya-do-boevogo-imperatora,TRULY_MISSING,True,
ya-budu-s-toboy,TRULY_MISSING,True,
ya-britni-dzhin,TRULY_MISSING,True,
ya-bolshe-ne-devushka-serial-2016,TRULY_MISSING,True,
xopa,TRULY_MISSING,True,
wwe-zal-slavy,TRULY_MISSING,True,
wwe-tls-stoly-lestnicy-i-stulya,TRULY_MISSING,True,
wwe-ekstremalnye-pravila,TRULY_MISSING,True,
wwe-ad-v-kletke,TRULY_MISSING,True,
wrestlemania-xl,TRULY_MISSING,True,
world-of-warcraft-rasplata-2019,TRULY_MISSING,True,
world-of-warcraft-novyy-dom-2019,TRULY_MISSING,True,
world-of-warcraft-bescheste-2018,TRULY_MISSING,True,
winx-club-serial-2022,TRULY_MISSING,True,
wham-2023,TRULY_MISSING,True,
watashi-no-shitai-wo-sagashite-kudasai,TRULY_MISSING,True,
vzryvnye-kotyata,TRULY_MISSING,True,
vysshee,TRULY_MISSING,True,
vysokomernaya-ledi,TRULY_MISSING,True,
vysokiy-udar-serial-2006-2012,TRULY_MISSING,True,
vysokiy-muzey-nizkiy-muzey,TRULY_MISSING,True,
vypusk-07-serial-2023,TRULY_MISSING,True,
vyhoda-net,TRULY_MISSING,True,
vybyvshaya-2,TRULY_MISSING,True,
vurhiz-po-sledu-zverya,TRULY_MISSING,True,
vtoraya-smert,TRULY_MISSING,True,
vsya-pravda-o-medvedyah-spokoynoy-nochi-belyy-2016,TRULY_MISSING,True,
vstrechayte-semyu-pingvinov,TRULY_MISSING,True,
vsemoguschaya-magiya-svyatoy-2,TRULY_MISSING,True,
vsemoguschaya-lavochka-lyubvi,TRULY_MISSING,True,
vselennaya-zombi-serial-2023,TRULY_MISSING,True,
vse-ostalnye-sgoryat,TRULY_MISSING,True,
vse-o-moey-seme-serial-2008-2009,TRULY_MISSING,True,
vremya-umirat,TRULY_MISSING,True,
vremya-s-toboy,TRULY_MISSING,True,
vremya-priklyucheniy-dalekie-zemli,TRULY_MISSING,True,
vremya-lyubit-2,TRULY_MISSING,True,
vrata-vremeni,TRULY_MISSING,True,
vrag-serdca,TRULY_MISSING,True,
vrag-lyubvi,TRULY_MISSING,True,
vpered-o-dzha-ren-serial-2012-2013,TRULY_MISSING,True,
vpered-missis-go-serial-2011-2012,TRULY_MISSING,True,
vozvraschenie-na-planetu-obezyan,TRULY_MISSING,True,
vozvraschaysya-su-e,TRULY_MISSING,True,
vozmozhno-kogda-nibud,TRULY_MISSING,True,
voyti-v-sad,TRULY_MISSING,True,
voyna-cvetov-3,TRULY_MISSING,True,
vosstavshiy-protiv-neba,TRULY_MISSING,True,
vosstavshaya-iz-pepla-3,TRULY_MISSING,True,
voskreshenie-buddy,TRULY_MISSING,True,
voshozhdenie-charodeya,TRULY_MISSING,True,
voshodyaschiy-udar-2,TRULY_MISSING,True,
voshodyaschiy-udar,TRULY_MISSING,True,
voshod-marvel-zheleznoe-serdce-tv-2019,TRULY_MISSING,True,
voshod-marvel-v-pogone-za-prizrakami-tv-2019,TRULY_MISSING,True,
voshod-marvel-operaciya-shuri-2019,TRULY_MISSING,True,
voshod-marvel-igra-s-ognem-tv-2019,TRULY_MISSING,True,
voshod-marvel-bitva-grupp-2019,TRULY_MISSING,True,
volshebniki-za-predelami-veyverli-pleys,TRULY_MISSING,True,
volshebnik-voin-orfen-3,TRULY_MISSING,True,
volny-zhizni-2,TRULY_MISSING,True,
volk-8,TRULY_MISSING,True,
voleybol-bitva-na-musornoy-svalke-2024-2,TRULY_MISSING,True,
volchica-i-pryanosti-torgovec-vstrechaet-mudruyu-volchicu,TRULY_MISSING,True,
volche-serdce-lin-lun,TRULY_MISSING,True,
voinstvennyy-bog-asura,TRULY_MISSING,True,
vo-vse-tyazhkie-mini-epizody,TRULY_MISSING,True,
vo-vremeni,TRULY_MISSING,True,
vnutri-mozga-billa-rasshifrovka-billa-geytsa,TRULY_MISSING,True,
vlyublen-v-tebya,TRULY_MISSING,True,
vlyublen-v-koshku,TRULY_MISSING,True,
vlyubitsya-v-uchenogo,TRULY_MISSING,True,
vliyanie-2,TRULY_MISSING,True,
vladyka-haosa,TRULY_MISSING,True,
vladyka-duhovnogo-mecha,TRULY_MISSING,True,
vladyka-demonov-2,TRULY_MISSING,True,
vkus-karri,TRULY_MISSING,True,
vivat-mushketery-2018,TRULY_MISSING,True,
vituber-ya-stala-populyarnoy-posle-togo-kak-zabyla-vyklyuchit-strim,TRULY_MISSING,True,
vitrazhi,TRULY_MISSING,True,
viski-artura,TRULY_MISSING,True,
vinovnye-serial-2023,TRULY_MISSING,True,
viktor-brintc,TRULY_MISSING,True,
vidoizmenennyy-uglerod-vosstanovlennyy,TRULY_MISSING,True,
veter-loyana,TRULY_MISSING,True,
vershina-3,TRULY_MISSING,True,
velikolepnyy-shpion-serial-2009,TRULY_MISSING,True,
velikolepnyy-brak,TRULY_MISSING,True,
velikolepnaya-2,TRULY_MISSING,True,
velikiy-uzurpator,TRULY_MISSING,True,
velikiy-terim,TRULY_MISSING,True,
velikiy-pravitel-3,TRULY_MISSING,True,
velikiy-iz-brodyachih-psov-zver,TRULY_MISSING,True,
velikiy-blyuz,TRULY_MISSING,True,
velikany-planety-serial-2023,TRULY_MISSING,True,
velichayshie-ogrableniya-v-istorii-s-pirsom-brosnanom,TRULY_MISSING,True,
vek-drakonov,TRULY_MISSING,True,
vedomstvo-bolshaya-medvedica-imperii-sun,TRULY_MISSING,True,
vechnoe-carstvo-bogov,TRULY_MISSING,True,
vechnocvetuschaya-sakura,TRULY_MISSING,True,
vechnaya-lyubov-serial-2023,TRULY_MISSING,True,
vechnaya-lyubov-4,TRULY_MISSING,True,
vavilon-5-doroga-domoy-2023,TRULY_MISSING,True,
van-pis-pismo-ot-poklonnika,TRULY_MISSING,True,
van-pis-ostrov-rybolyudey,TRULY_MISSING,True,
van-pis-epizod-choppera-plyus-zimnee-cvetenie-chudesnaya-sakura,TRULY_MISSING,True,
v-zavyazke,TRULY_MISSING,True,
v-puh-i-prah,TRULY_MISSING,True,
v-poiskah-tmy-chast-3,TRULY_MISSING,True,
v-ozhidanii-vesny,TRULY_MISSING,True,
v-nadezhnyh-rukah-2,TRULY_MISSING,True,
v-moem-rodnom-gorode-est-vozlyublennyy,TRULY_MISSING,True,
v-drugom-mire-so-smartfonom-2,TRULY_MISSING,True,
v-dobryy-put-2023,TRULY_MISSING,True,
v-centre-vnimaniya-serial-2008,TRULY_MISSING,True,
v-begah-velikaya-missiya,TRULY_MISSING,True,
uzy-sudby,TRULY_MISSING,True,
uznik-vremeni-2,TRULY_MISSING,True,
uzhas-v-hay-dezert-3-pozharnyy-dozor,TRULY_MISSING,True,
uzhas-danvicha-i-drugie-rasskazy-g-f-lavkrafta,TRULY_MISSING,True,
uvidish-vo-sne,TRULY_MISSING,True,
uvazhaemoe-proshloe,TRULY_MISSING,True,
utrachennye-vospominaniya,TRULY_MISSING,True,
ustarevshiy-2020,TRULY_MISSING,True,
usavich,TRULY_MISSING,True,
upravlyayuschiy,TRULY_MISSING,True,
uniciklist,TRULY_MISSING,True,
unesi-menya-na-lunu-2-sezon,TRULY_MISSING,True,
umirayuschiy-detektiv,TRULY_MISSING,True,
ulybnis-ton-he,TRULY_MISSING,True,
ultramen-final,TRULY_MISSING,True,
ulichnaya-magiya-devida-bleyna-2,TRULY_MISSING,True,
ulica-cocomelon,TRULY_MISSING,True,
ukrotitel-duhovnyh-pitomcev,TRULY_MISSING,True,
ugasshie-svetovye-gody,TRULY_MISSING,True,
ufc-229-khabib-vs-mcgregor,TRULY_MISSING,True,
udivitelnye-prishelcy-2019,TRULY_MISSING,True,
udar-krovi-iii,TRULY_MISSING,True,
udar-krovi-ii,TRULY_MISSING,True,
udar-3,TRULY_MISSING,True,
ubiystvo-v-mahime,TRULY_MISSING,True,
ubiystva-v-stiltaune-mini-serial-2023,TRULY_MISSING,True,
ubiystva-v-mire-playboy,TRULY_MISSING,True,
ubezhische-istorii-o-vyzhivanii-v-alpah,TRULY_MISSING,True,
u-menya-problema,TRULY_MISSING,True,
u-istokov-morya,TRULY_MISSING,True,
tysyacha-let-lyubvi-serial-2003,TRULY_MISSING,True,
tysyacha-let-lyubvi,TRULY_MISSING,True,
tyan-bao-padenie-demonov-2,TRULY_MISSING,True,
ty-zhivotnoe-2020,TRULY_MISSING,True,
ty-zhe-lyubish-mamochku-udary-kotoroy-byut-po-ploschadi-dvoynym-uronom-ova,TRULY_MISSING,True,
ty-krasiva-serial-2015-2016,TRULY_MISSING,True,
ty-dolzhen-verit,TRULY_MISSING,True,
tvoya-lovushka-2,TRULY_MISSING,True,
tvin-piks-vyrezannye-sceny,TRULY_MISSING,True,
tureckiy-detektiv,TRULY_MISSING,True,
tufelki-dlya-zolushki-serial-2002,TRULY_MISSING,True,
tuber,TRULY_MISSING,True,
truelove,TRULY_MISSING,True,
troynoy-pryzhok-serial-2009,TRULY_MISSING,True,
tropiko,TRULY_MISSING,True,
tropiki,TRULY_MISSING,True,
tropicheskie-ostrova,TRULY_MISSING,True,
tridcat-shest-vsadnikov,TRULY_MISSING,True,
tridcat-devyat,TRULY_MISSING,True,
tri-zhizni-tri-mira-lichnyy-dnevnik,TRULY_MISSING,True,
tri-zhizni,TRULY_MISSING,True,
trepeschuschie-vospominaniya-ova-2,TRULY_MISSING,True,
toskana-2,TRULY_MISSING,True,
toprak-i-fidan,TRULY_MISSING,True,
top-gir-avstraliya,TRULY_MISSING,True,
tokio-vavilon,TRULY_MISSING,True,
to-kak-ty-siyaesh,TRULY_MISSING,True,
timeless-2013-le-film,TRULY_MISSING,True,
time-is-illmatic,TRULY_MISSING,True,
three-days-grace-live-at-the-palace-2008,TRULY_MISSING,True,
the-woods-are-real,TRULY_MISSING,True,
the-weeknd-feat-tyler-the-creator-here-we-go-again-lyric-version,TRULY_MISSING,True,
the-office-superfan-episodes,TRULY_MISSING,True,
the-making-of-derek,TRULY_MISSING,True,
the-killers-mr-brightside,TRULY_MISSING,True,
the-grammy-nominations-concert-live-countdown-to-music-s-biggest-night,TRULY_MISSING,True,
the-finellis-movie,TRULY_MISSING,True,
the-ballad-of-davy-crockett,TRULY_MISSING,True,
teylor-svift-protiv-skutera-brauna-vrazhda,TRULY_MISSING,True,
terminator-zero-2,TRULY_MISSING,True,
terapist,TRULY_MISSING,True,
tenor,TRULY_MISSING,True,
ten-nebes,TRULY_MISSING,True,
ten-dobrodeteli,TRULY_MISSING,True,
temnyy-dvoreckiy-shkola-internat,TRULY_MISSING,True,
temnaya-zvezda-mir-h-r-gigera,TRULY_MISSING,True,
tehnoroid-sverhrazum,TRULY_MISSING,True,
tehnika-boga-zvezdnyh-boevyh-iskusstv,TRULY_MISSING,True,
tayuschie-snezhinki-2,TRULY_MISSING,True,
tayuschie-snezhinki,TRULY_MISSING,True,
taynyy-dom-serial-2022,TRULY_MISSING,True,
taynyy-chelovek-serial-2020-2021,TRULY_MISSING,True,
taynye-sozdateli-korolevy-2,TRULY_MISSING,True,
tayny-zvezdnyh-iskusstv,TRULY_MISSING,True,
tayny-vinogradnoy-lozy,TRULY_MISSING,True,
tayny-sta-semey-hronika-strannyh-del,TRULY_MISSING,True,
tayni-daymond-vozvraschaetsya-v-shkolu-2020,TRULY_MISSING,True,
taynaya-zhizn-sobak,TRULY_MISSING,True,
tayna-obmanutogo-serdca,TRULY_MISSING,True,
tayna-imperatora-devyati-nebes-3-2,TRULY_MISSING,True,
tayna-imperatora-devyati-nebes-3,TRULY_MISSING,True,
tavava-po-ponedelnikam-2,TRULY_MISSING,True,
tasukecu,TRULY_MISSING,True,
tanec-imperii,TRULY_MISSING,True,
tancy-s-pticami,TRULY_MISSING,True,
tancuya-s-toboy-na-ostrie-klinka-2,TRULY_MISSING,True,
tamayura,TRULY_MISSING,True,
takaya-smeshnaya-yunost,TRULY_MISSING,True,
tak-molody,TRULY_MISSING,True,
tainstvennyy-dzhoker,TRULY_MISSING,True,
t-p-bon,TRULY_MISSING,True,
syn-maminoy-podrugi,TRULY_MISSING,True,
sy-ten,TRULY_MISSING,True,
svyaz-princess-povtornoe-pogruzhenie-2,TRULY_MISSING,True,
svyatoy-predok,TRULY_MISSING,True,
svadebnyy-persik,TRULY_MISSING,True,
suschestvo-4,TRULY_MISSING,True,
supernovichok,TRULY_MISSING,True,
supernatural-the-long-road-home,TRULY_MISSING,True,
supermodeli-mini-serial-2023,TRULY_MISSING,True,
super-bowl-xlvi-halftime-show,TRULY_MISSING,True,
super-belki,TRULY_MISSING,True,
sumasshedshiy-veter,TRULY_MISSING,True,
sudba-dopolnenie-posledniy-vyzov-na-bis-2,TRULY_MISSING,True,
sudba-7,TRULY_MISSING,True,
sudba-6,TRULY_MISSING,True,
sudba-5,TRULY_MISSING,True,
sudba-4,TRULY_MISSING,True,
styd-italiya-serial-2018,TRULY_MISSING,True,
straykbolnyy-klub,TRULY_MISSING,True,
strategiya-krasavicy-2,TRULY_MISSING,True,
strana-tainstvennyh-sokrovisch,TRULY_MISSING,True,
stolknovenie-mirov,TRULY_MISSING,True,
stokgolmskiy-blekaut,TRULY_MISSING,True,
stiv-makkuin-chelovek-i-gonschik,TRULY_MISSING,True,
sting-live-in-berlin,TRULY_MISSING,True,
stich,TRULY_MISSING,True,
stenoboy,TRULY_MISSING,True,
steklyannyy-gorod-serial-2008-2009,TRULY_MISSING,True,
stazher-z,TRULY_MISSING,True,
stanovlenie-bogom-2,TRULY_MISSING,True,
spread,TRULY_MISSING,True,
spoy-nemnogo-garmonii,TRULY_MISSING,True,
spisok-nechisti-2,TRULY_MISSING,True,
spasibo-serial-2007,TRULY_MISSING,True,
spasi-semyu-serial-2015,TRULY_MISSING,True,
spasateli-gavayev,TRULY_MISSING,True,
sparta,TRULY_MISSING,True,
sovy-ohotyatsya-nochyu,TRULY_MISSING,True,
sovremennaya-lyubov-3,TRULY_MISSING,True,
sovetskie-dzhinsy,TRULY_MISSING,True,
sotnya-lzhi,TRULY_MISSING,True,
sosednyaya-komnata,TRULY_MISSING,True,
sosedi-5,TRULY_MISSING,True,
sos-spasi-menya-serial-2014,TRULY_MISSING,True,
sopernichestvo-v-otele-2,TRULY_MISSING,True,
sopernicheskaya-lyubov,TRULY_MISSING,True,
sobranie-v-golove-katariny-2,TRULY_MISSING,True,
sobiratel-bozhestvennogo,TRULY_MISSING,True,
sobachya-eda,TRULY_MISSING,True,
snova-leti-serial-2021,TRULY_MISSING,True,
snova-15-serial-2022-2024,TRULY_MISSING,True,
snezhnaya-ballada-2,TRULY_MISSING,True,
smeshnaya-devchonka-mini-serial-2015,TRULY_MISSING,True,
smert-i-vozvraschenie-supermena-2019,TRULY_MISSING,True,
sluchaynaya-lyubov-5,TRULY_MISSING,True,
sluchaynaya-lyubov-4,TRULY_MISSING,True,
slovo-chesti-2,TRULY_MISSING,True,
slishkom-mnogo-povarov,TRULY_MISSING,True,
slipknot-the-devil-in-i,TRULY_MISSING,True,
slepoy-3,TRULY_MISSING,True,
slava-yunosti,TRULY_MISSING,True,
slava-koroley-velichie,TRULY_MISSING,True,
sladkiy-trepet-serdca-serial-2011,TRULY_MISSING,True,
slabyy-pyatitysyacheletniy-drakon-vegetarianec-2,TRULY_MISSING,True,
skubi-du-shalost-ili-sladost-2022,TRULY_MISSING,True,
skubi-du-i-proklyate-demona-skorosti-2016,TRULY_MISSING,True,
skryvaya-nashu-mamu,TRULY_MISSING,True,
skrytoe-plamya-svechi,TRULY_MISSING,True,
skorpion-2,TRULY_MISSING,True,
skazka-o-roze,TRULY_MISSING,True,
skazka-o-peple,TRULY_MISSING,True,
skazka-fei,TRULY_MISSING,True,
skazka-dlya-tebya-serial-2023,TRULY_MISSING,True,
skazaniya-eternii,TRULY_MISSING,True,
skazanie-ob-obruchalnyh-kolcah,TRULY_MISSING,True,
skazanie-o-pastuhe-bogov,TRULY_MISSING,True,
skazanie-o-demonah-sakury-skazanie-o-sinsengumi-ova,TRULY_MISSING,True,
sissi-molodaya-imperatrica-2,TRULY_MISSING,True,
sirena-vyzhit-na-ostrove-serial-2023,TRULY_MISSING,True,
siren-2,TRULY_MISSING,True,
sipahi-2,TRULY_MISSING,True,
sinie-miburo,TRULY_MISSING,True,
sinhron,TRULY_MISSING,True,
simpsony-znakomyatsya-s-bochelli-v-felis-navidad-2022,TRULY_MISSING,True,
simpsony-dobro-pozhalovat-v-klub-2022,TRULY_MISSING,True,
signal-serdca-kitay-7,TRULY_MISSING,True,
sia-elastic-heart,TRULY_MISSING,True,
shturmovye-vedmy-501-y-otryad-podnimaetsya-v-nebo-film,TRULY_MISSING,True,
shpiony-v-dikoy-prirode,TRULY_MISSING,True,
shpiony-mafii,TRULY_MISSING,True,
shpion-v-snegah,TRULY_MISSING,True,
shou-povarov,TRULY_MISSING,True,
shou-limmi,TRULY_MISSING,True,
shorsi,TRULY_MISSING,True,
shkolnyy-patrul,TRULY_MISSING,True,
shkola-monstrov-film-tv-2022,TRULY_MISSING,True,
shivrayancha-chhava,TRULY_MISSING,True,
ship-lyubvi,TRULY_MISSING,True,
shiny,TRULY_MISSING,True,
shestimestnaya-palata,TRULY_MISSING,True,
shestero-detey,TRULY_MISSING,True,
shest-lyubovnyh-istoriy-mini-serial-2018,TRULY_MISSING,True,
sherohovatyy-mir,TRULY_MISSING,True,
shef-hua,TRULY_MISSING,True,
shani-dev-serial-2016-2018,TRULY_MISSING,True,
shah-i-mat-2,TRULY_MISSING,True,
shag-za-shagom-k-lyubvi-2,TRULY_MISSING,True,
shadrak,TRULY_MISSING,True,
sezon-ohoty-zov-prirody,TRULY_MISSING,True,
sezon-lyubvi-2,TRULY_MISSING,True,
seul-1945,TRULY_MISSING,True,
serj-tankian-elect-the-dead-symphony,TRULY_MISSING,True,
serdce-vetra,TRULY_MISSING,True,
serdce-lda-i-plameni-2,TRULY_MISSING,True,
serdce-k-serdcu,TRULY_MISSING,True,
sen-ben-o,TRULY_MISSING,True,
semya-vtorogo-klassa,TRULY_MISSING,True,
semya-kardashyan,TRULY_MISSING,True,
semya-idet-serial-2015,TRULY_MISSING,True,
semya-altynsoy,TRULY_MISSING,True,
semnadcat,TRULY_MISSING,True,
semeyka-gepardov-i-ya,TRULY_MISSING,True,
sem-smertnyh-grehov-chetyre-vsadnika-apokalipsisa-2,TRULY_MISSING,True,
selskaya-krasavica,TRULY_MISSING,True,
selenkay,TRULY_MISSING,True,
selena-gomes-moy-razum-i-ya,TRULY_MISSING,True,
sela-i-piki,TRULY_MISSING,True,
sekrety-zhizni,TRULY_MISSING,True,
sekrety-kozhi,TRULY_MISSING,True,
sekret-serial-2000,TRULY_MISSING,True,
sedmoy-killer-5,TRULY_MISSING,True,
sedmoy-killer-4,TRULY_MISSING,True,
sedmaya-zapadnaya-ulica-marsa,TRULY_MISSING,True,
sdelaem-svoyu-kruzhku-2,TRULY_MISSING,True,
schenyachya-lyubov,TRULY_MISSING,True,
schastlivy-navsegda-3,TRULY_MISSING,True,
saymon-amstell-onemenie-dushi,TRULY_MISSING,True,
sandzyuro,TRULY_MISSING,True,
samyy-udachlivyy-v-mire,TRULY_MISSING,True,
samyy-silnyy-volshebnik-armii-povelitelya-demonov-okazalsya-chelovekom,TRULY_MISSING,True,
samurai-epohi-meydzi-1874,TRULY_MISSING,True,
samora,TRULY_MISSING,True,
samoe-schastlivoe-vremya-nashey-zhizni-serial-2020,TRULY_MISSING,True,
samadhi-chast-1-mayya-illyuziya-obosoblennogo-sebya,TRULY_MISSING,True,
salatnik-chudakov,TRULY_MISSING,True,
sakura-voyna-mirov,TRULY_MISSING,True,
sakura-novaya-voyna-mirov,TRULY_MISSING,True,
saharnoe-leto,TRULY_MISSING,True,
saga-o-vinlande-2,TRULY_MISSING,True,
saga-o-hardakrah,TRULY_MISSING,True,
s-teh-por-kak-poyavilas-krasnaya-luna,TRULY_MISSING,True,
s-segodnyashnego-dnya-ya-tebya-lyublyu-serial-2015,TRULY_MISSING,True,
s-pervogo-udara-zaryazhay-ka,TRULY_MISSING,True,
s-nachala-ova,TRULY_MISSING,True,
rynok-rabov,TRULY_MISSING,True,
run-bts,TRULY_MISSING,True,
rumi,TRULY_MISSING,True,
rukovodstvo-soten-demonov-4,TRULY_MISSING,True,
rozy-i-pistolety-2,TRULY_MISSING,True,
rozovyy-brilliant,TRULY_MISSING,True,
rozhdestvenskoe-zhelanie-angely,TRULY_MISSING,True,
rozhdenie-kitaro,TRULY_MISSING,True,
ron-kamonohasi-nevmenyaemyy-detektiv-2,TRULY_MISSING,True,
romantichnyy-zlodey-serial-2023,TRULY_MISSING,True,
roman-pod-prikrytiem-2,TRULY_MISSING,True,
roman-kak-u-koshki-s-sobakoy-serial-2018,TRULY_MISSING,True,
roga-satany,TRULY_MISSING,True,
robodok-sozdanie-robokopa-mini-serial-2023,TRULY_MISSING,True,
roadkill,TRULY_MISSING,True,
river-of-ghosts,TRULY_MISSING,True,
risovaya-lyubov-2,TRULY_MISSING,True,
rinkay,TRULY_MISSING,True,
riki-dzherveys-sverhestestvennoe,TRULY_MISSING,True,
rik-i-morti-anime,TRULY_MISSING,True,
ridley,TRULY_MISSING,True,
richard-herring-usy-gitlera,TRULY_MISSING,True,
rianna-777,TRULY_MISSING,True,
rezbol-basketbol-v-rezervacii,TRULY_MISSING,True,
reyting-korolya-sunduk-s-sokrovischami-muzhestva,TRULY_MISSING,True,
reyndzher-pokemon-put-sveta,TRULY_MISSING,True,
rendel-cycle-of-revenge,TRULY_MISSING,True,
redzhep-ivedik-4,TRULY_MISSING,True,
real-madrid-do-konca-serial-2023,TRULY_MISSING,True,
re-zero-pereryv-s-nulya-3,TRULY_MISSING,True,
razgovory-s-ubiycey-zapisi-dzhona-ueyna-geysi,TRULY_MISSING,True,
razgadka-tayny-proschanie-s-bolshim-vzryvom,TRULY_MISSING,True,
rassledovaniya-na-mayorke,TRULY_MISSING,True,
rassledovaniya-dzheyn-stavki-vysoki,TRULY_MISSING,True,
ranma-1-2-2024,TRULY_MISSING,True,
ran-devochka-telepat,TRULY_MISSING,True,
ramy-youssef-more-feelings,TRULY_MISSING,True,
rammstein-ohne-dich,TRULY_MISSING,True,
rammstein-in-amerika,TRULY_MISSING,True,
rammstein-deutschland,TRULY_MISSING,True,
rammstein-auslnder,TRULY_MISSING,True,
rammstein-amerika,TRULY_MISSING,True,
ramennaya-ryzhego-kota,TRULY_MISSING,True,
rakon,TRULY_MISSING,True,
raduga-v-nashey-pamyati,TRULY_MISSING,True,
radost-zhizni,TRULY_MISSING,True,
radi-docherey,TRULY_MISSING,True,
rabotayuschie-mamy,TRULY_MISSING,True,
rabotayuschie-mamochki,TRULY_MISSING,True,
pyat-velikih-vorov,TRULY_MISSING,True,
puzyri-2,TRULY_MISSING,True,
puteshestvie-odinokogo-geroya-2,TRULY_MISSING,True,
puteshestvie-lyubvi,TRULY_MISSING,True,
puteshestvie-6,TRULY_MISSING,True,
put-ustlannyy-cvetami,TRULY_MISSING,True,
put-lyubvi-hadzhi-bayram-veli,TRULY_MISSING,True,
put-beylina,TRULY_MISSING,True,
pustota-4,TRULY_MISSING,True,
pustogolovaya-vedma-2,TRULY_MISSING,True,
puniru-milaya-sliz,TRULY_MISSING,True,
pticy-bez-krylev,TRULY_MISSING,True,
ptica-kotoraya-ne-plachet,TRULY_MISSING,True,
provozhayuschaya-v-posledniy-put-friren-magiya-2,TRULY_MISSING,True,
protivostoyanie-svyatogo,TRULY_MISSING,True,
protivostoyanie-7,TRULY_MISSING,True,
prostye-dni-2,TRULY_MISSING,True,
proshu-proscheniya,TRULY_MISSING,True,
proschay-moy-dorogoy-kramer,TRULY_MISSING,True,
propavshie-zhenschiny-shosse-20,TRULY_MISSING,True,
propavshaya-5,TRULY_MISSING,True,
prokuror-9-go-otdela,TRULY_MISSING,True,
proklyatyy-dom-2,TRULY_MISSING,True,
proishozhdenie-treh-zhizney,TRULY_MISSING,True,
prodyuser,TRULY_MISSING,True,
produktovyy-magazin-bogini,TRULY_MISSING,True,
prodolzhenie-sleduet-2,TRULY_MISSING,True,
prodavec-fantaziy,TRULY_MISSING,True,
prizrachnyy-mech-padayuschey-zvezdy,TRULY_MISSING,True,
privet-moya-shumnaya-mp3-versiya,TRULY_MISSING,True,
privet-moya-devushka,TRULY_MISSING,True,
privet-menya-zovut-saori,TRULY_MISSING,True,
prishelcy-vzglyad-iznutri,TRULY_MISSING,True,
princessa-shpionka-ukrotitel-korony-2-oblichitelnye-otzyvy,TRULY_MISSING,True,
princessa-pozhaluysta-pomni,TRULY_MISSING,True,
princessa-poludemon,TRULY_MISSING,True,
princessa-nirvana,TRULY_MISSING,True,
princessa-bez-korony,TRULY_MISSING,True,
princ-rusalka,TRULY_MISSING,True,
princ-lyagushonok-2,TRULY_MISSING,True,
princ-lyagushonok,TRULY_MISSING,True,
prigorodnye-kriki-mini-serial-2023,TRULY_MISSING,True,
pridvornye-segodnya,TRULY_MISSING,True,
prezident-devyatogo-klassa-2,TRULY_MISSING,True,
prevzoyti-bogov-chernye-voyska-2,TRULY_MISSING,True,
prestupnik-velikobritaniya,TRULY_MISSING,True,
prestupnik-ispaniya,TRULY_MISSING,True,
prestupleniya-strasti-bolshe-nikakih-ubiystv,TRULY_MISSING,True,
prelestnyy-fayrbol,TRULY_MISSING,True,
prekrasnyy-brak-2,TRULY_MISSING,True,
prekrasnye-dni,TRULY_MISSING,True,
prekrasnee-zvezdnogo-neba-2,TRULY_MISSING,True,
preimuschestvo-pri-rozhdenii,TRULY_MISSING,True,
predannyy,TRULY_MISSING,True,
pravilnaya-lyubov,TRULY_MISSING,True,
pravda-4,TRULY_MISSING,True,
praktikuya-ci-sto-tysyach-let,TRULY_MISSING,True,
pozyvnoy-pchelka-2,TRULY_MISSING,True,
pozvonite-moemu-menedzheru,TRULY_MISSING,True,
pozhimaya-ruku-epizod-13,TRULY_MISSING,True,
pozhaluysta-ne-baluy-menya,TRULY_MISSING,True,
pozhaluysta-bud-neschastnee-menya,TRULY_MISSING,True,
poyavlenie-feniksa,TRULY_MISSING,True,
povest-ob-anhe,TRULY_MISSING,True,
poveliteli-shtorma-stolknovenie-so-zlom,TRULY_MISSING,True,
povelitel-zvezdnyh-drakonov,TRULY_MISSING,True,
povelitel-demonov-2099,TRULY_MISSING,True,
potustoronniy-zloy-monarh,TRULY_MISSING,True,
poteryannaya-zhizn-posledniy-shans-mini-serial-2019,TRULY_MISSING,True,
posledstviya-8,TRULY_MISSING,True,
poslednyaya-remontnaya-masterskaya,TRULY_MISSING,True,
poslednyaya-fantaziya-xv-ardin-prolog,TRULY_MISSING,True,
poslednyaya-fantaziya-7-na-puti-k-ulybke,TRULY_MISSING,True,
posledniy-korol-kresta,TRULY_MISSING,True,
portret-czyanhu-tyangan,TRULY_MISSING,True,
portnoy,TRULY_MISSING,True,
porosyata,TRULY_MISSING,True,
poputnyy-veter-podhvatit-golubogo-vozdushnogo-zmeya,TRULY_MISSING,True,
popalsya,TRULY_MISSING,True,
pomni-o-smerti,TRULY_MISSING,True,
pom-pang-ban,TRULY_MISSING,True,
polunochnyy-udar,TRULY_MISSING,True,
poluchitsya-li-u-nas,TRULY_MISSING,True,
poltora-leta-serial-2014,TRULY_MISSING,True,
polnochnyy-horror-6-nochey-mini-serial-2022,TRULY_MISSING,True,
polet-pticy,TRULY_MISSING,True,
pol-t-goldman,TRULY_MISSING,True,
pokonchit-so-vsemi-voynami-oppengeymer-i-atomnaya-bomba,TRULY_MISSING,True,
pokemon-tainstvennoe-podzemele-finalnoe-priklyuchenie-skvoz-vremya-i-temnotu,TRULY_MISSING,True,
pokemon-hupa-i-bitva-vekov,TRULY_MISSING,True,
pokemon-almaz-i-zhemchug-master-illyuziy-zoroark,TRULY_MISSING,True,
pokemon-almaz-i-zhemchug-arkeus-k-pokoreniyu-vremeni-i-prostranstva,TRULY_MISSING,True,
pokemon-22-myutu-nanosit-otvetnyy-udar-evolyuciya,TRULY_MISSING,True,
pokaz-mod-victoria-s-secret-2013,TRULY_MISSING,True,
poeziya-teney-plamya,TRULY_MISSING,True,
poema-lamii-2021,TRULY_MISSING,True,
podzemele-i-devushka-voin-preodolevayuschaya-granicy,TRULY_MISSING,True,
podsolnuh-2,TRULY_MISSING,True,
pod-pricelom-8,TRULY_MISSING,True,
pochtennyy-yuan,TRULY_MISSING,True,
pochitaemyy-vo-vsem-mire,TRULY_MISSING,True,
pochemu-vse-zabyli-moy-mir,TRULY_MISSING,True,
pobeg-11,TRULY_MISSING,True,
pobeg-10,TRULY_MISSING,True,
po-bratski,TRULY_MISSING,True,
plohie-parni-5,TRULY_MISSING,True,
plohaya-poezdka,TRULY_MISSING,True,
plennica-4,TRULY_MISSING,True,
plastikovyy-okean,TRULY_MISSING,True,
planeta-egipet,TRULY_MISSING,True,
plan-zet,TRULY_MISSING,True,
plamya-yarosti-2,TRULY_MISSING,True,
plamya-voyny-puteshestvuya-v-proshloe,TRULY_MISSING,True,
plamennoe-serdce,TRULY_MISSING,True,
plach-devichey-gruppy-2,TRULY_MISSING,True,
piraty-chernoy-laguny-krovavaya-tropa-roberty,TRULY_MISSING,True,
piraty-bolshe-chem-legenda,TRULY_MISSING,True,
pik-dyavola-2023,TRULY_MISSING,True,
peyzazh-lyubvi,TRULY_MISSING,True,
pete-davidson-turbo-fonzarelli,TRULY_MISSING,True,
pesnya-zhizni,TRULY_MISSING,True,
pesn-o-temnom-gorode,TRULY_MISSING,True,
pervyy-poceluy-5,TRULY_MISSING,True,
pervyy-poceluy-3,TRULY_MISSING,True,
pervyy-bessmertnyy-na-puti-mecha-2,TRULY_MISSING,True,
pervyy-bessmertnyy-na-puti-mecha,TRULY_MISSING,True,
pervaya-lyubov-princa,TRULY_MISSING,True,
personazhi-v-kletke,TRULY_MISSING,True,
persona-solli,TRULY_MISSING,True,
perevorotnyy-sud-prolog,TRULY_MISSING,True,
perevorot-voennogo-dvizheniya-4,TRULY_MISSING,True,
pererozhdenie-v-aristokrata-so-sposobnostyu-analiza-2,TRULY_MISSING,True,
pererozhdenie-bessmertnogo-imperatora,TRULY_MISSING,True,
perepoloh-3,TRULY_MISSING,True,
pegas-2,TRULY_MISSING,True,
patrul-vremeni-bona-2,TRULY_MISSING,True,
pasha-krovavaya-pasha,TRULY_MISSING,True,
parizhskie-furii,TRULY_MISSING,True,
paren-zavtrashnego-dnya,TRULY_MISSING,True,
para-stoletiya,TRULY_MISSING,True,
papa-ukroy-menya,TRULY_MISSING,True,
panic-at-the-disco-emperor-s-new-clothes,TRULY_MISSING,True,
panda-zhret,TRULY_MISSING,True,
padaya-kak-snezhinki,TRULY_MISSING,True,
pachinko-2,TRULY_MISSING,True,
otsutstvuyuschiy-golos,TRULY_MISSING,True,
otschepenec,TRULY_MISSING,True,
otpusk-na-kolesah,TRULY_MISSING,True,
otel-dinozavr-3,TRULY_MISSING,True,
otdelenie-okruga-czyaczyun,TRULY_MISSING,True,
otcovstvo-3,TRULY_MISSING,True,
otchayannyy-2,TRULY_MISSING,True,
otchayannaya-lyubov,TRULY_MISSING,True,
ot-prostogo-cheloveka-do-geroya-razvedchika,TRULY_MISSING,True,
ostryy-nozh,TRULY_MISSING,True,
ostrova-3,TRULY_MISSING,True,
ostrov-sylyan,TRULY_MISSING,True,
ostro-i-sladko,TRULY_MISSING,True,
ostav-posledniy-tanec-mne,TRULY_MISSING,True,
ostav-na-medovyy-mesyac,TRULY_MISSING,True,
ostatsya-v-zhivyh-nedostayuschie-elementy,TRULY_MISSING,True,
ostanovivshiysya,TRULY_MISSING,True,
ostanovit-byvshuyu-zhenu,TRULY_MISSING,True,
osobyy-zakon-romantiki,TRULY_MISSING,True,
osnova-mecha,TRULY_MISSING,True,
osleplyayuschaya-kagari,TRULY_MISSING,True,
oskar-istoriya-gollivuda,TRULY_MISSING,True,
osatanelye,TRULY_MISSING,True,
oruzheynaya-lavka-dlya-ledi-i-dzhentlmenov-ii,TRULY_MISSING,True,
optom-deshevle-3,TRULY_MISSING,True,
operaciya-portugaliya-2-zhizn-v-zamke,TRULY_MISSING,True,
operacin-marea-negra,TRULY_MISSING,True,
oni-prevratili-nas-v-ubiyc,TRULY_MISSING,True,
ona-i-ee-kot,TRULY_MISSING,True,
on-the-run-tour-beyonce-and-jay-z,TRULY_MISSING,True,
ohotniki-za-privideniyami-reanimirovannye-2021,TRULY_MISSING,True,
ohotnik-za-dushami,TRULY_MISSING,True,
ohotnik-h-ohotnik-alaya-illyuziya-2,TRULY_MISSING,True,
ohota-demonicheskogo-korolya-na-svoyu-zhenu-2,TRULY_MISSING,True,
ograblenie-5,TRULY_MISSING,True,
ograbit-mussolini,TRULY_MISSING,True,
ogon-vnutri-nas,TRULY_MISSING,True,
ogon-v-moem-serdce,TRULY_MISSING,True,
odno-bystroe-dvizhenie,TRULY_MISSING,True,
odnazhdy-v-senchhori-serial-2010,TRULY_MISSING,True,
odnazhdy-serial-2006,TRULY_MISSING,True,
odnazhdy-na-kipre,TRULY_MISSING,True,
odin-solnechnyy-den,TRULY_MISSING,True,
odin-korabl-odin-mir,TRULY_MISSING,True,
odin-iz-nas-3,TRULY_MISSING,True,
oderzhimyy-dyavolom-2,TRULY_MISSING,True,
oderbruh-serial-2024,TRULY_MISSING,True,
oceanxplorers,TRULY_MISSING,True,
obyatiya-temnoy-nochyu-2,TRULY_MISSING,True,
obschiy-dom-serial-2019,TRULY_MISSING,True,
obrechennaya-para,TRULY_MISSING,True,
obizhennye-cvety,TRULY_MISSING,True,
obitel-mirazhey-v-oblakah,TRULY_MISSING,True,
obeschayu-tebe,TRULY_MISSING,True,
obeschanie-nebes-serial-2016,TRULY_MISSING,True,
obed-dante-korotkiy-hvost-2017,TRULY_MISSING,True,
o-lesah-i-lyudyah,TRULY_MISSING,True,
nxt-stand-deliver,TRULY_MISSING,True,
nulevoy-edem-2,TRULY_MISSING,True,
nu-ka-ulybnis,TRULY_MISSING,True,
novyy-princ-tennisa-yunosheskiy-chempionat-mira-polufinal,TRULY_MISSING,True,
novyy-princ-tennisa-hetey-protiv-rikkaya-igra-buduschego,TRULY_MISSING,True,
novyy-mir-serial-2021,TRULY_MISSING,True,
novyy-inicial-di-legenda-tretya-beskonechnost-2,TRULY_MISSING,True,
novyy-inicial-di-legenda-pervaya-probuzhdenie-2,TRULY_MISSING,True,
novoe-tokio-myau-myau-2,TRULY_MISSING,True,
novichok-federaly,TRULY_MISSING,True,
nosso-lar-2-os-mensageiros,TRULY_MISSING,True,
norvegiya-3d-dikaya-priroda,TRULY_MISSING,True,
normalno-byt-chuvstvitelnym-serial-2018-2019,TRULY_MISSING,True,
nochnoy-gost-serial-2024,TRULY_MISSING,True,
nochnaya-semka,TRULY_MISSING,True,
noch-zhatvy-2,TRULY_MISSING,True,
noch-komety,TRULY_MISSING,True,
nlo-rassledovanie-neizvestnogo,TRULY_MISSING,True,
nizkourovnevyy-personazh-tomodzaki-vtoraya-stadiya,TRULY_MISSING,True,
nishtyak,TRULY_MISSING,True,
nindzya-v-kletochku-2-2021,TRULY_MISSING,True,
nina-v-korolevstve-zvezd,TRULY_MISSING,True,
nikto-ne-znaet-2,TRULY_MISSING,True,
nikto-krome-tebya-4,TRULY_MISSING,True,
nikomu-ne-govori-serial-2024,TRULY_MISSING,True,
nike-take-it-to-the-next-level,TRULY_MISSING,True,
nikakoy-lichnoy-zhizni,TRULY_MISSING,True,
nijiyon-animation,TRULY_MISSING,True,
nightwish-showtime-storytime,TRULY_MISSING,True,
night-games,TRULY_MISSING,True,
nf8,TRULY_MISSING,True,
nevinnyy-ray,TRULY_MISSING,True,
nevinnyy,TRULY_MISSING,True,
nevidimaya-imperiya-stanovlenie-novogo-mirovogo-poryadka,TRULY_MISSING,True,
nevesta-charodeya-tv-2-chast-2,TRULY_MISSING,True,
nevesta-charodeya-malchik-s-zapada-i-rycar-gornoy-dymki,TRULY_MISSING,True,
neveroyatnoe-s-denom-eykroydom,TRULY_MISSING,True,
neudobnye-pozy,TRULY_MISSING,True,
neudachnaya-parochka-serial-2007,TRULY_MISSING,True,
net-vremeni-na-lyubov,TRULY_MISSING,True,
nesravnennyy-imperator,TRULY_MISSING,True,
nesravnennyy-boevoy-duh,TRULY_MISSING,True,
nesravnennaya,TRULY_MISSING,True,
nesnosnye-prishelcy-zaplyv-s-prepyatstviyami,TRULY_MISSING,True,
nesnosnye-prishelcy-2-2022,TRULY_MISSING,True,
nesmotrya-ni-na-chto-serial-2020-2021,TRULY_MISSING,True,
neprevzoydennyy-na-puti-alhimii,TRULY_MISSING,True,
nepogreshimye-3,TRULY_MISSING,True,
nepogreshimye-2,TRULY_MISSING,True,
nepobedimyy-vlastelin,TRULY_MISSING,True,
neopytnye-mamy,TRULY_MISSING,True,
neonovoe-shosse,TRULY_MISSING,True,
nenasytnyy-berserk-mini-anime,TRULY_MISSING,True,
nemnogo-obmana-tayna-hanny-svensen,TRULY_MISSING,True,
nemnogo-lyubvi-ne-pomeshaet-serial-2013-2014,TRULY_MISSING,True,
nemeckoe-kino-ot-kaligari-do-gitlera,TRULY_MISSING,True,
nemaya-para-2,TRULY_MISSING,True,
nemaya-para,TRULY_MISSING,True,
nelegalnyy-shokolad,TRULY_MISSING,True,
nefritovaya-dinastiya-3,TRULY_MISSING,True,
nefritovaya-dinastiya-2-2,TRULY_MISSING,True,
nefrit-sansary-2,TRULY_MISSING,True,
nedosyagaemye-vlyublennye,TRULY_MISSING,True,
nebesnyy-kamenschik,TRULY_MISSING,True,
nebesa-boevyh-iskusstv,TRULY_MISSING,True,
neal-brennan-crazy-good,TRULY_MISSING,True,
ne-vernost,TRULY_MISSING,True,
ne-tolko-druzhba,TRULY_MISSING,True,
ne-televidenie-a-prosto-koshmar,TRULY_MISSING,True,
ne-srabotalo,TRULY_MISSING,True,
ne-shodi-s-uma-serial-2020,TRULY_MISSING,True,
ne-otpuskay-menya-3,TRULY_MISSING,True,
ne-govori-mame-chto-nyanya-umerla,TRULY_MISSING,True,
ne-boysya-ya-s-toboy,TRULY_MISSING,True,
ne-bespokoy-menya-na-ferme-2,TRULY_MISSING,True,
navstrechu-solnechnomu-svetu-serial-1999,TRULY_MISSING,True,
national-geographic-samye-opasnye-zhivotnye,TRULY_MISSING,True,
nastoyaschaya-zhizn-zhuka,TRULY_MISSING,True,
nashi-19-let,TRULY_MISSING,True,
nasha-planeta,TRULY_MISSING,True,
nasha-pervaya-mirovaya,TRULY_MISSING,True,
nash-zhivoy-mir,TRULY_MISSING,True,
nash-perevodchik,TRULY_MISSING,True,
nash-dozhdlivyy-protokol,TRULY_MISSING,True,
nash-domashniy-arest,TRULY_MISSING,True,
nash-blyuz,TRULY_MISSING,True,
nas-nikogda-ne-razluchit-nerasskazannaya-istoriya-inxs,TRULY_MISSING,True,
narodnye-avtomobili-s-dzheymsom-meem,TRULY_MISSING,True,
narko-2,TRULY_MISSING,True,
naezdnik-v-maske-revays-tayna,TRULY_MISSING,True,
nad-rekoy,TRULY_MISSING,True,
nad-propastyu-vo-rzhi,TRULY_MISSING,True,
na-nare-hana-nare,TRULY_MISSING,True,
na-granice-nebytiya,TRULY_MISSING,True,
my-vstrechaemsya-serial-2002,TRULY_MISSING,True,
my-vse-ploho-umeem-lyubit,TRULY_MISSING,True,
my-mozhem-pozhalet-ob-etom-2024,TRULY_MISSING,True,
muzey-dali,TRULY_MISSING,True,
musasino,TRULY_MISSING,True,
munkar,TRULY_MISSING,True,
muhammad-poslannik-boga,TRULY_MISSING,True,
mozhet-ya-vstrechu-tebya-v-podzemele-5,TRULY_MISSING,True,
moya-zhizn-snyataya-nikolasom-vindingom-refnom,TRULY_MISSING,True,
moya-zhizn-2,TRULY_MISSING,True,
moya-reinkarnaciya-v-otome-igre-v-kachestve-glavnoy-zlodeyki-film-2,TRULY_MISSING,True,
moya-molodost,TRULY_MISSING,True,
moya-lyubov-ne-takaya-adskaya,TRULY_MISSING,True,
moya-lyubimaya-zolushka,TRULY_MISSING,True,
moya-lgunya,TRULY_MISSING,True,
moya-geroyskaya-akademiya-vospominaniya,TRULY_MISSING,True,
moya-dorogaya-sudba,TRULY_MISSING,True,
moya-dorogaya-mama,TRULY_MISSING,True,
moya-derzkaya-zhena,TRULY_MISSING,True,
moya-derevenskaya-lyubov-2,TRULY_MISSING,True,
moy-wechat-svyazan-s-dvorcom-drakonov,TRULY_MISSING,True,
moy-starshiy-brat-slishkom-stabilen,TRULY_MISSING,True,
moy-sosed-macunaga-san,TRULY_MISSING,True,
moy-sosed-ekay-2,TRULY_MISSING,True,
moy-skazochnyy-doktor,TRULY_MISSING,True,
moy-romanticheskiy-osobennyy-recept,TRULY_MISSING,True,
moy-poseydon-2,TRULY_MISSING,True,
moy-otec,TRULY_MISSING,True,
moy-nahalnyy-sosed,TRULY_MISSING,True,
moy-matrilokalnyy-muzh,TRULY_MISSING,True,
moy-malenkiy-poni-puteshestvie-po-raduge-2019,TRULY_MISSING,True,
moy-malenkiy-poni-devochki-iz-ekvestrii-legendy-vechnozelenogo-lesa,TRULY_MISSING,True,
moy-lyubimyy-seul-serial-2008,TRULY_MISSING,True,
moy-hhhhhnyy-roman-mini-serial-2020,TRULY_MISSING,True,
moy-geroicheskiy-muzh-2,TRULY_MISSING,True,
moy-geroicheskiy-muzh,TRULY_MISSING,True,
moy-drug-h-moy-paren-2,TRULY_MISSING,True,
moy-byvshiy-2,TRULY_MISSING,True,
moy-bozhestvennyy-poslannik-2,TRULY_MISSING,True,
moy-boss-svinka,TRULY_MISSING,True,
moy-boss-porosenok,TRULY_MISSING,True,
most-trolley,TRULY_MISSING,True,
morskaya-policiya-specotdel-2,TRULY_MISSING,True,
morskaya-policiya-nachalo,TRULY_MISSING,True,
morskaya-policiya-gavayi,TRULY_MISSING,True,
more-v-korobke,TRULY_MISSING,True,
monstry-sto-tri-milosti-proklyatie-drakona,TRULY_MISSING,True,
monolog-maomao,TRULY_MISSING,True,
molchalivyy-mobius-2,TRULY_MISSING,True,
moi-slishkom-idealnye-synovya-serial-2009,TRULY_MISSING,True,
moi-fantasticheskie-pohorony-mini-serial-2015,TRULY_MISSING,True,
moi-devushki-2,TRULY_MISSING,True,
moey-nevestke-19-let-serial-2004,TRULY_MISSING,True,
mobilnyy-voin-gandam-rekviem-vozmezdiya,TRULY_MISSING,True,
mister-nostalgiya,TRULY_MISSING,True,
mister-lis-i-miss-roza,TRULY_MISSING,True,
mister-chestnost,TRULY_MISSING,True,
mister-bin-na-svadbe,TRULY_MISSING,True,
miss-pravda,TRULY_MISSING,True,
mishka-bossi,TRULY_MISSING,True,
mirovye-vedmy-podnimayutsya-v-nebo,TRULY_MISSING,True,
mirnaya-zhizn-bratev-serial-2017,TRULY_MISSING,True,
mir-vo-vsem-mire,TRULY_MISSING,True,
mir-bessmertnyh,TRULY_MISSING,True,
mini-operaciya-semeyka-edzakura,TRULY_MISSING,True,
milyy-ne-boysya-menya-2,TRULY_MISSING,True,
mikki-maus-i-zateynik,TRULY_MISSING,True,
mificheskiy-duh-hroniki-2,TRULY_MISSING,True,
mi-mi-mi-mishka-2,TRULY_MISSING,True,
mh370-samolet-kotoryy-ischez-mini-serial-2023,TRULY_MISSING,True,
mf-prizrak-2,TRULY_MISSING,True,
mezhdu-mirom-i-mnoy,TRULY_MISSING,True,
metavselennaya-nazad-v-1995-god,TRULY_MISSING,True,
metallica-slayer-megadeth-anthrax-the-big-4-live-from-sofia-bulgaria,TRULY_MISSING,True,
mest-ot-tretego-lica-serial-2022,TRULY_MISSING,True,
mest-nauchivshaya-lyubit,TRULY_MISSING,True,
mest-12,TRULY_MISSING,True,
mertvyy-drug-navsegda,TRULY_MISSING,True,
mertvaya-loshad-2022,TRULY_MISSING,True,
meriya,TRULY_MISSING,True,
menya-zovut-chzhao-u-di,TRULY_MISSING,True,
menya-vygnali-iz-gildii-geroev-potomu-chto-ya-byl-plohim-kompanonom-poetomu-ya-r,TRULY_MISSING,True,
melodiya-lyubvi,TRULY_MISSING,True,
mehmed-sultan-zavoevateley,TRULY_MISSING,True,
mehanicheskie-ruki-2,TRULY_MISSING,True,
megazona-23-ii,TRULY_MISSING,True,
meduza-ne-umeet-plavat-v-nochi-2,TRULY_MISSING,True,
medichi-krestnye-otcy-renessansa-chast-2,TRULY_MISSING,True,
mechty-i-zhizni,TRULY_MISSING,True,
mechta-yunan-2,TRULY_MISSING,True,
mech-zheltogo-imperatora-blednoe-siyanie,TRULY_MISSING,True,
mech-gryaduschego,TRULY_MISSING,True,
mchas-navstrechu-zhizni-i-lyubvi-2,TRULY_MISSING,True,
max-adventures-magilika,TRULY_MISSING,True,
masterskaya-richarda-hammonda,TRULY_MISSING,True,
mastera-mecha-onlayn-alternativnaya-prizrachnaya-pulya-2,TRULY_MISSING,True,
mastera-dueley-pobeda-duelnye-voyny,TRULY_MISSING,True,
master-lda-i-plameni,TRULY_MISSING,True,
massive-attack-feat-young-fathers-voodoo-in-my-blood,TRULY_MISSING,True,
mariya-i-mustafa,TRULY_MISSING,True,
marbelya-serial-2024,TRULY_MISSING,True,
mamy-v-tance,TRULY_MISSING,True,
mama-ya-proshu-tebya-serial-2015-2016,TRULY_MISSING,True,
mama-serial-2015-2016,TRULY_MISSING,True,
mama-prosti-menya,TRULY_MISSING,True,
malyshi-tigryata-reshivshie-zaglyanut-v-gosti,TRULY_MISSING,True,
malchik-pogloschaet-vselennuyu,TRULY_MISSING,True,
mag-blizhnego-boya,TRULY_MISSING,True,
mafiya-ne-mozhet-pravit-mirom,TRULY_MISSING,True,
macheha-4,TRULY_MISSING,True,
lzhec-3,TRULY_MISSING,True,
lyudi-prosto-nichego-ne-delayut,TRULY_MISSING,True,
lyubovnye-uravneniya,TRULY_MISSING,True,
lyubovnica-po-kontraktu,TRULY_MISSING,True,
lyubovnaya-revolyuciya-2,TRULY_MISSING,True,
lyubovnaya-lihoradka-3,TRULY_MISSING,True,
lyubov-vo-sne-2,TRULY_MISSING,True,
lyubov-vlada,TRULY_MISSING,True,
lyubov-v-pamyati,TRULY_MISSING,True,
lyubov-s-pervogo-vkusa,TRULY_MISSING,True,
lyubov-posle-shkoly,TRULY_MISSING,True,
lyubov-podmennoy-princessy,TRULY_MISSING,True,
lyubov-pod-gipnozom-2,TRULY_MISSING,True,
lyubov-ne-kupish,TRULY_MISSING,True,
lyubov-nachavshayasya-so-spora,TRULY_MISSING,True,
lyubov-na-kryshe,TRULY_MISSING,True,
lyubov-murai,TRULY_MISSING,True,
lyubov-korolevskaya-bitva,TRULY_MISSING,True,
lyubov-i-sudba,TRULY_MISSING,True,
lyubov-i-nadezhda,TRULY_MISSING,True,
lyubov-i-hina-specvypusk,TRULY_MISSING,True,
lyubov-heshteg-serial-2021,TRULY_MISSING,True,
lyubov-do-konca,TRULY_MISSING,True,
lyubit-ne-lyubit-5,TRULY_MISSING,True,
lyubi-menya-slovno-nenavidish,TRULY_MISSING,True,
luchshiy-zyat-vseh-vremen-2,TRULY_MISSING,True,
luchshiy-zyat-vseh-vremen,TRULY_MISSING,True,
luchshe-zvonite-solu-predstavlyaet-skolzkiy-dzhimmi,TRULY_MISSING,True,
luchik-sveta-2,TRULY_MISSING,True,
lucha-andegraund,TRULY_MISSING,True,
lozhnye-vyvody-2,TRULY_MISSING,True,
love-on-the-right-course,TRULY_MISSING,True,
love-courage-and-the-battle-of-bushy-run,TRULY_MISSING,True,
lovcy-zvezd-istoki,TRULY_MISSING,True,
lost,TRULY_MISSING,True,
lokalnoe-reshenie-globalnyh-problem,TRULY_MISSING,True,
lobbist-2,TRULY_MISSING,True,
lisy-s-shirmy,TRULY_MISSING,True,
lisichka-svaha-krasnaya-luna-serial,TRULY_MISSING,True,
lil-dicky-earth-2019,TRULY_MISSING,True,
life-of-belle,TRULY_MISSING,True,
li-don-uk-hochet-pogovorit-serial-2019-2020,TRULY_MISSING,True,
leylifer-serial,TRULY_MISSING,True,
letnyaya-pesnya,TRULY_MISSING,True,
letniy-dom-serial-2019,TRULY_MISSING,True,
lestnica-lyubvi-2,TRULY_MISSING,True,
leonardo-ekspo,TRULY_MISSING,True,
legion-blek,TRULY_MISSING,True,
legendarnaya-shkola-tri-zhizni-tri-mira-tao-hua-yuan,TRULY_MISSING,True,
legenda-o-volshebnom-snaryazhenii,TRULY_MISSING,True,
legenda-o-syao-cha,TRULY_MISSING,True,
legenda-o-mastere,TRULY_MISSING,True,
legenda-o-golodnyh-volkah-put-odinokogo-volka,TRULY_MISSING,True,
legenda-o-fey,TRULY_MISSING,True,
legenda-o-cin-2,TRULY_MISSING,True,
legenda-o-chernom-dereve,TRULY_MISSING,True,
legenda-kontinenta-mechey-3,TRULY_MISSING,True,
legenda-kontinenta-mechey,TRULY_MISSING,True,
legenda-iz-glubiny-vekov,TRULY_MISSING,True,
lazurnyy-put-korolevskie-prikazy,TRULY_MISSING,True,
lazurnoe-nasledie,TRULY_MISSING,True,
late-bloomer,TRULY_MISSING,True,
laon-dao,TRULY_MISSING,True,
lana-del-rey-summertime-sadness,TRULY_MISSING,True,
lana-del-rey-ride,TRULY_MISSING,True,
lal-salaam,TRULY_MISSING,True,
la-pasin-turca,TRULY_MISSING,True,
la-casa,TRULY_MISSING,True,
kyubra,TRULY_MISSING,True,
kvoterbek,TRULY_MISSING,True,
kvest-3,TRULY_MISSING,True,
kuyan-malenkiy-pomoschnik-dyavola,TRULY_MISSING,True,
kupchiha-kim-man-dok-serial-2010,TRULY_MISSING,True,
kung-fu-krolik-2019,TRULY_MISSING,True,
kulak-severnoy-zvezdy-rao,TRULY_MISSING,True,
kulak-severnoy-zvezdy-legenda-yurii,TRULY_MISSING,True,
kulak-severnoy-zvezdy-legenda-o-kenshiro,TRULY_MISSING,True,
ku-damm-59,TRULY_MISSING,True,
kto-ubil-ego,TRULY_MISSING,True,
kto-to-iz-nas,TRULY_MISSING,True,
krylo-lebedya,TRULY_MISSING,True,
krugovorot-svetil-2,TRULY_MISSING,True,
krug-izbrannyh,TRULY_MISSING,True,
krovavaya-luna-2,TRULY_MISSING,True,
krosh-dzharmush-rok-n-roll-kak-ustroeny-smeshariki,TRULY_MISSING,True,
kriticheskaya-situaciya-serial-2024,TRULY_MISSING,True,
kristobal-balensiaga-mini-serial-2024,TRULY_MISSING,True,
krestonoscy,TRULY_MISSING,True,
kray-osnovateley,TRULY_MISSING,True,
kratos-pererozhdenie,TRULY_MISSING,True,
krasnye-maki,TRULY_MISSING,True,
krasnaya-shapochka-tyatya,TRULY_MISSING,True,
krasnaya-komnata,TRULY_MISSING,True,
krasavica-voin-seylor-mun-kosmos,TRULY_MISSING,True,
kozha-serial-2024,TRULY_MISSING,True,
kost-madzhina,TRULY_MISSING,True,
kosmicheskiy-linkor-yamato-voskreshenie,TRULY_MISSING,True,
kosmicheskie-priklyucheniya-kobry-taym-drayv,TRULY_MISSING,True,
koshmary-i-mechty,TRULY_MISSING,True,
korolevskie-gonki-franciya,TRULY_MISSING,True,
koroleva-4,TRULY_MISSING,True,
korol-svobodnyh-praktikov,TRULY_MISSING,True,
korol-ognennoy-ohoty-2,TRULY_MISSING,True,
korol-demonov-popytaytes-snova-r,TRULY_MISSING,True,
koreyskiy-aydolmaster-serial-2017,TRULY_MISSING,True,
kontrataka-izgnannogo-uchenika,TRULY_MISSING,True,
konec-morozov-eto-solnce,TRULY_MISSING,True,
koncert-big-bang-3d,TRULY_MISSING,True,
komnata-yn-dzhu-serial-2018-2019,TRULY_MISSING,True,
komandir-karan-saksena,TRULY_MISSING,True,
komanda-iskupleniya,TRULY_MISSING,True,
kohrra,TRULY_MISSING,True,
kogda-nibud-ili-odnazhdy,TRULY_MISSING,True,
kniga-devyati-zvezd,TRULY_MISSING,True,
klyatva-7,TRULY_MISSING,True,
kletka-duha-voploschenie-chast-2,TRULY_MISSING,True,
klassikaloid-2,TRULY_MISSING,True,
kipr-put-k-pobede,TRULY_MISSING,True,
killer-soup,TRULY_MISSING,True,
kid-cudi-mr-rager,TRULY_MISSING,True,
keroro,TRULY_MISSING,True,
kenzo-kenzo-world,TRULY_MISSING,True,
kayna-v-velikom-snezhnom-more,TRULY_MISSING,True,
kastlvaniya-noktyurn,TRULY_MISSING,True,
kasl-2,TRULY_MISSING,True,
karatel-dyavola,TRULY_MISSING,True,
kaplya-nastoyaschey-krovi,TRULY_MISSING,True,
kapitan-marlo,TRULY_MISSING,True,
kank-na-zemle,TRULY_MISSING,True,
kamen-nozhnicy-bumaga,TRULY_MISSING,True,
kak-priruchit-drakona-zhurnal-snogltoga-2019,TRULY_MISSING,True,
kak-hodit-na-svidanie-po-denu-klarku,TRULY_MISSING,True,
kak-goroshinka-v-struchke-serial-2022,TRULY_MISSING,True,
kaidan-resutoran,TRULY_MISSING,True,
kaginado-2,TRULY_MISSING,True,
k-zvezda-po-sosedstvu-4,TRULY_MISSING,True,
k-svidaniyam-gotova,TRULY_MISSING,True,
k-segodnyashnemu-reysu-net-pretenziy-2,TRULY_MISSING,True,
justice-league-x-rwby-super-heroes-and-huntsmen-part-two,TRULY_MISSING,True,
jeen-yuhs-trilogiya-kane,TRULY_MISSING,True,
izobrazhennaya,TRULY_MISSING,True,
izbrannyy-bogami-2,TRULY_MISSING,True,
izbranie-bozhestva-2,TRULY_MISSING,True,
izbranie-bozhestva,TRULY_MISSING,True,
it-s-a-good-day-to-die,TRULY_MISSING,True,
istrebitel-demonov-gora-natagumo,TRULY_MISSING,True,
istoriya-zolotogo-shelkopryada,TRULY_MISSING,True,
istoriya-vselennoy,TRULY_MISSING,True,
istoriya-s-lodkoy-mini-serial-2023,TRULY_MISSING,True,
istoriya-odnoy-semi-2,TRULY_MISSING,True,
istoriya-o-devushke-kotoraya-ne-mogla-stat-volshebnicey,TRULY_MISSING,True,
istoriya-bessmertnogo-mechnika-tayi,TRULY_MISSING,True,
istorii-dinastii-han-ne-otstupat,TRULY_MISSING,True,
istinnaya-krasota,TRULY_MISSING,True,
ispolnitel-zhelaniy-2,TRULY_MISSING,True,
iskra-lyubvi,TRULY_MISSING,True,
iskatel-votomov,TRULY_MISSING,True,
iron-maiden-en-vivo-2012,TRULY_MISSING,True,
irlandskiy-angel,TRULY_MISSING,True,
inzhenernye-idei,TRULY_MISSING,True,
insomnia-serial-2024,TRULY_MISSING,True,
insayder-3,TRULY_MISSING,True,
inkubacionnyy-dnevnik-4,TRULY_MISSING,True,
inicializaciya-zlodeya,TRULY_MISSING,True,
inicial-di-boevaya-stadiya,TRULY_MISSING,True,
indulgenciya-3,TRULY_MISSING,True,
indulgenciya-2,TRULY_MISSING,True,
inadzuma-11-ataka-silneyshey-armii-ogr,TRULY_MISSING,True,
impuls-mira,TRULY_MISSING,True,
improvizirovannoe-ograblenie,TRULY_MISSING,True,
imperskiy-strazh-i-master-mehaniki,TRULY_MISSING,True,
imperiya-zakona-serial-2022,TRULY_MISSING,True,
imperatrica-fuyao,TRULY_MISSING,True,
imperator-dzhungley-tv-3,TRULY_MISSING,True,
imperator-dzhungley-hrabrost-menyaet-buduschee,TRULY_MISSING,True,
imitaciya,TRULY_MISSING,True,
imdzhinskaya-voyna-1592-goda-serial-2016,TRULY_MISSING,True,
illyuziya-solnca,TRULY_MISSING,True,
iisus-hristos-spasitel,TRULY_MISSING,True,
igra-zhelaniy,TRULY_MISSING,True,
igra-rodom-iz-anglii,TRULY_MISSING,True,
igra-na-pamyat,TRULY_MISSING,True,
igra-dyavola,TRULY_MISSING,True,
igra-bezdna,TRULY_MISSING,True,
idolmaster-blestyaschie-cveta-2,TRULY_MISSING,True,
idealnyy-paren-3,TRULY_MISSING,True,
idealnyy-arendator,TRULY_MISSING,True,
idealno-dlya-nee,TRULY_MISSING,True,
i-hear-you,TRULY_MISSING,True,
huzur-sokagi,TRULY_MISSING,True,
hudozhnik-3,TRULY_MISSING,True,
hroniki-zaschity-nebes-i-unichtozheniya-demonov,TRULY_MISSING,True,
hroniki-karen,TRULY_MISSING,True,
hraniteli-vrat,TRULY_MISSING,True,
hranitel-5,TRULY_MISSING,True,
holod-mini-serial-2006,TRULY_MISSING,True,
hodoki-chistilischa,TRULY_MISSING,True,
hidzhran,TRULY_MISSING,True,
hetaliya-mirovye-zvezdy,TRULY_MISSING,True,
help-2015,TRULY_MISSING,True,
heineken-s-the-chase,TRULY_MISSING,True,
heartthrob-nothing-for-you,TRULY_MISSING,True,
hayreddin-barbarosa-ukaz-sultana,TRULY_MISSING,True,
hanako-prizrak-s-vneklassnymi-istoriyami,TRULY_MISSING,True,
hamster-gretel,TRULY_MISSING,True,
hak-kvantum,TRULY_MISSING,True,
gyulizar,TRULY_MISSING,True,
guru-salamandra-i-tenevaya-operaciya-serial-2012,TRULY_MISSING,True,
gto-novogodniy-speshl,TRULY_MISSING,True,
grobnica-bogov,TRULY_MISSING,True,
grehi-moego-otca,TRULY_MISSING,True,
greh-odnoy-materi,TRULY_MISSING,True,
green-day-awesome-as-f-k,TRULY_MISSING,True,
graviti-folz-mezhdu-sosen-tv-2016,TRULY_MISSING,True,
graviti-folz-korotkie-istorii,TRULY_MISSING,True,
gran-mezhdu-nami,TRULY_MISSING,True,
gran-3,TRULY_MISSING,True,
gotovim-s-valkiriyami,TRULY_MISSING,True,
gostya-3,TRULY_MISSING,True,
gospozha-reinkarnaciya-obmanutaya-zhena-mstit-posle-smerti,TRULY_MISSING,True,
gospodin-udacha,TRULY_MISSING,True,
gory-i-okean,TRULY_MISSING,True,
gorodskie-legendy-3,TRULY_MISSING,True,
gornichnye,TRULY_MISSING,True,
gordyy-vladyka-vechnosti,TRULY_MISSING,True,
gordost-oranzhevyh,TRULY_MISSING,True,
gora-svyaschennogo-mecha,TRULY_MISSING,True,
good-times,TRULY_MISSING,True,
goluboglazaya-sonnet,TRULY_MISSING,True,
glubokoe-vliyanie,TRULY_MISSING,True,
glubokaya-lyubov-3,TRULY_MISSING,True,
gloriya-2,TRULY_MISSING,True,
glava-skrytogo-klana,TRULY_MISSING,True,
gigant-serial-2010,TRULY_MISSING,True,
geroy-tancor-muteking,TRULY_MISSING,True,
genii-fotografii,TRULY_MISSING,True,
gekidol,TRULY_MISSING,True,
gde-to-v-kuinse,TRULY_MISSING,True,
garazhane,TRULY_MISSING,True,
galereya-disney-mandalorec,TRULY_MISSING,True,
gaga-chromatica-ball,TRULY_MISSING,True,
gacy-serial-killer-next-door,TRULY_MISSING,True,
furi-kuri-shugeyz,TRULY_MISSING,True,
furi-kuri-granzh,TRULY_MISSING,True,
foo-fighters-live-at-wembley-stadium,TRULY_MISSING,True,
filmy-na-kotoryh-my-vyrosli,TRULY_MISSING,True,
feya-rammaru-ya-pomogu-tvoemu-serdcu,TRULY_MISSING,True,
ferri-serial-serial-2023,TRULY_MISSING,True,
ferhat-i-shirin,TRULY_MISSING,True,
fentazi,TRULY_MISSING,True,
faruk,TRULY_MISSING,True,
fantasmas,TRULY_MISSING,True,
falshivaya-lyubov,TRULY_MISSING,True,
ey-sultan,TRULY_MISSING,True,
evrovidenie-vtoroy-polufinal-2013,TRULY_MISSING,True,
evrovidenie-pervyy-polufinal-2013,TRULY_MISSING,True,
evrovidenie-final-2013,TRULY_MISSING,True,
evanescence-anywhere-but-home,TRULY_MISSING,True,
etot-vampir-postoyanno-umiraet-2,TRULY_MISSING,True,
etot-prekrasnyy-mir,TRULY_MISSING,True,
etot-mir-slishkom-nesovershenen,TRULY_MISSING,True,
eto-tak-trudno-polyubit-snova,TRULY_MISSING,True,
eto-korol-3,TRULY_MISSING,True,
eto-korol,TRULY_MISSING,True,
eto-dengi-serial-2016,TRULY_MISSING,True,
eti-koshmarnye-nasekomye,TRULY_MISSING,True,
eta-devushka,TRULY_MISSING,True,
estafeta,TRULY_MISSING,True,
esli-ty-prosto-schelknesh-palcami,TRULY_MISSING,True,
esli-lyubov-pozovet,TRULY_MISSING,True,
esli-beg-moya-sudba,TRULY_MISSING,True,
esche-raz-vchera,TRULY_MISSING,True,
esche-odin-den-kotoryy-nuzhno-perezhit,TRULY_MISSING,True,
erdem-x-h-m-the-secret-life-of-flowers,TRULY_MISSING,True,
era-yunchzhen,TRULY_MISSING,True,
era-issledovaniya-kosmosa,TRULY_MISSING,True,
eminem-feat-rihanna-love-the-way-you-lie,TRULY_MISSING,True,
elektricheskie-sny-filipa-k-dika,TRULY_MISSING,True,
el-hazard-stranniki,TRULY_MISSING,True,
ekzorcizm-svyatogo-patrika,TRULY_MISSING,True,
eko-iz-sengoku-tysyacha-demonov-haosa,TRULY_MISSING,True,
eho-8,TRULY_MISSING,True,
ego,TRULY_MISSING,True,
ee-zhizn,TRULY_MISSING,True,
ee-imya-zehra,TRULY_MISSING,True,
edinstvo-semi-magov-nebesnaya-biblioteka-i-bagrovyy-povelitel,TRULY_MISSING,True,
edinstvennyy-vladyka-mira,TRULY_MISSING,True,
edinomyshlenniki,TRULY_MISSING,True,
edem-2,TRULY_MISSING,True,
dzhim-geffigan-oderzhimost,TRULY_MISSING,True,
dzheyms-mey-nash-chelovek-v-italii,TRULY_MISSING,True,
dzheyms-akaster-repertuar,TRULY_MISSING,True,
dzhey-i-molchalivyy-bob-irlandeyut-necenzurschina-v-zelenom,TRULY_MISSING,True,
dyshi-3,TRULY_MISSING,True,
dyavolskie-umy,TRULY_MISSING,True,
dyavol-6,TRULY_MISSING,True,
dvulikiy-cvetok-2,TRULY_MISSING,True,
dvulikaya-doch-lo-van-van,TRULY_MISSING,True,
dvoynik-moey-zheny,TRULY_MISSING,True,
dvorik,TRULY_MISSING,True,
dvigayas-dalshe,TRULY_MISSING,True,
dve-materi,TRULY_MISSING,True,
dvadcatiletnie-2,TRULY_MISSING,True,
dvadcat-dvadcat,TRULY_MISSING,True,
durnushka-betti-istoriya-prodolzhaetsya-serial-2024,TRULY_MISSING,True,
druzya-priklyucheniya-medvezhat,TRULY_MISSING,True,
drug-nasha-istoriya-serial-2009,TRULY_MISSING,True,
dropkik-zlogo-duha-konec-veka,TRULY_MISSING,True,
draugu-lazybos,TRULY_MISSING,True,
dostatochno-odnoy-nadezhdy,TRULY_MISSING,True,
dorogie-moi-druzya-serial-2016,TRULY_MISSING,True,
dorogaya-rusalochka,TRULY_MISSING,True,
doroga-k-schastyu,TRULY_MISSING,True,
domovoy-duh-tatami,TRULY_MISSING,True,
dom-v-nasledstvo,TRULY_MISSING,True,
dom-sovy-serial-2024,TRULY_MISSING,True,
dolzhna-priyti-vesna,TRULY_MISSING,True,
dolina-volkov-terror,TRULY_MISSING,True,
dolgiy-put-domoy-3,TRULY_MISSING,True,
dolg-prevyshe-vsego-serial-2010,TRULY_MISSING,True,
doktor-stoun-novyy-mir-chast-2,TRULY_MISSING,True,
doktor-kto-vzhivuyu-sleduyuschiy-doktor,TRULY_MISSING,True,
doktor-chempionov,TRULY_MISSING,True,
dobro-pozhalovat-shibuya-kun,TRULY_MISSING,True,
dobivayas-vershiny,TRULY_MISSING,True,
do-tebya,TRULY_MISSING,True,
do-poslednego-vzdoha-2,TRULY_MISSING,True,
do-i-posle-klinika-plasticheskoy-hirurgii,TRULY_MISSING,True,
dno,TRULY_MISSING,True,
dnevnye-krasavicy-2,TRULY_MISSING,True,
dnevnik-uchitelya-sredney-shkoly,TRULY_MISSING,True,
dnevnik-slabaka-rozhdestvenskaya-lihoradka-2023,TRULY_MISSING,True,
dlya-tebya-bessmertnyy-2,TRULY_MISSING,True,
dlya-serdca-2-drugie-dni-dopolnenie,TRULY_MISSING,True,
dlinnyy-mech-2,TRULY_MISSING,True,
disko-ibica-lokomiya,TRULY_MISSING,True,
dikie-kurochki-i-lyubov,TRULY_MISSING,True,
dikie-cvety-serial-2024,TRULY_MISSING,True,
dhevaprom-laorchan,TRULY_MISSING,True,
devyat-synovey,TRULY_MISSING,True,
devyat-mesyacev-iz-zhizni,TRULY_MISSING,True,
devushki-poni-slavnoe-derbi-2,TRULY_MISSING,True,
devushka-kotoraya-vyplakala-glaza,TRULY_MISSING,True,
devushka-iz-zelenoy-doliny,TRULY_MISSING,True,
devushka-akula,TRULY_MISSING,True,
devichiy-mir,TRULY_MISSING,True,
deti-ulic,TRULY_MISSING,True,
detektivy-starsheklassnicy-iz-sonam-serial-2014-2015,TRULY_MISSING,True,
detektivy-iz-chelsi,TRULY_MISSING,True,
detektivy-2,TRULY_MISSING,True,
detektivnoe-agentstvo-strannost-novye-strannosti,TRULY_MISSING,True,
detektivnoe-agentstvo-li,TRULY_MISSING,True,
detektiv-konan-delo-o-shinichi-i-ran-vospominaniya-tanabaty,TRULY_MISSING,True,
detektiv-konan-10,TRULY_MISSING,True,
desyat-let,TRULY_MISSING,True,
depeche-mode-koncert-v-berline,TRULY_MISSING,True,
depeche-mode-devotional,TRULY_MISSING,True,
deniel-sloss-sociopat,TRULY_MISSING,True,
den-prevrascheniya-v-tebya,TRULY_MISSING,True,
demetri-martin-demetri-deconstructed,TRULY_MISSING,True,
deadly-invitations,TRULY_MISSING,True,
dc-devchonki-supergeroi-mezhgalakticheskie-igry-2017,TRULY_MISSING,True,
day-mne-ruku-lyubov,TRULY_MISSING,True,
davno-ne-videlis-2,TRULY_MISSING,True,
david-bowie-lazarus,TRULY_MISSING,True,
david-bowie-blackstar,TRULY_MISSING,True,
dave-gahan-live-monsters,TRULY_MISSING,True,
davay-vlyubimsya-6-sezon,TRULY_MISSING,True,
data-don-t-sing,TRULY_MISSING,True,
dancing-for-the-devil-the-7m-tiktok-cult,TRULY_MISSING,True,
dan-serdcu,TRULY_MISSING,True,
czyan-czyya-legenda-ob-obozhestvlenii-2,TRULY_MISSING,True,
czy-chuan,TRULY_MISSING,True,
cvety-moey-zhizni,TRULY_MISSING,True,
cvetuschaya-princessa-tensui,TRULY_MISSING,True,
cvetok-kontinenta-2,TRULY_MISSING,True,
comisery,TRULY_MISSING,True,
cirque-du-soleil-kooza,TRULY_MISSING,True,
cin-lo,TRULY_MISSING,True,
chuzhoy-ponedelnik,TRULY_MISSING,True,
chuzhaya,TRULY_MISSING,True,
chumovye-tetki,TRULY_MISSING,True,
chudesnye-dni-serial-2001,TRULY_MISSING,True,
chudesnaya-celitelnica-czyu,TRULY_MISSING,True,
chudesa-luny,TRULY_MISSING,True,
chto-vedet-menya-k-tebe-2023,TRULY_MISSING,True,
chto-ty-delaesh-v-ofise-mini-serial-2022,TRULY_MISSING,True,
chto-s-etoy-semeykoy-serial-2014-2015,TRULY_MISSING,True,
chto-esli-ty-stanesh-moim-bossom,TRULY_MISSING,True,
chosonskaya-policiya-serial-2007-2010,TRULY_MISSING,True,
childish-gambino-this-is-america,TRULY_MISSING,True,
childish-gambino-sober,TRULY_MISSING,True,
chest-semi,TRULY_MISSING,True,
chernobyl-uteryannye-zapisi,TRULY_MISSING,True,
chelovek-muskul-2,TRULY_MISSING,True,
chelovecheskaya-vina,TRULY_MISSING,True,
chelovecheskaya-oshibka,TRULY_MISSING,True,
chastichka-menya,TRULY_MISSING,True,
carpenter-brut-turbo-killer,TRULY_MISSING,True,
carly-rae-jepsen-beach-house,TRULY_MISSING,True,
bychya-akula-3,TRULY_MISSING,True,
buttigiri,TRULY_MISSING,True,
buttigire,TRULY_MISSING,True,
bushuyuschee-plamya,TRULY_MISSING,True,
bunker-7,TRULY_MISSING,True,
bukmeker,TRULY_MISSING,True,
bud-silnoy-kym-sun,TRULY_MISSING,True,
bts-vyzhgi-scenu-serial-2018,TRULY_MISSING,True,
bts-idol,TRULY_MISSING,True,
bts-feat-halsey-boy-with-luv,TRULY_MISSING,True,
bts-fake-love,TRULY_MISSING,True,
bts-bon-voyage,TRULY_MISSING,True,
broud-pik,TRULY_MISSING,True,
broseliand,TRULY_MISSING,True,
bronirovannye-voiny-votomy-predatelstvo,TRULY_MISSING,True,
breyk-poynt-serial-2023-2024,TRULY_MISSING,True,
breyk,TRULY_MISSING,True,
bravo-moey-zhizni,TRULY_MISSING,True,
bratya-ventura-siyayuschaya-krov-serdca-babuina-2023,TRULY_MISSING,True,
bratec-ostav-menya-v-pokoe-2,TRULY_MISSING,True,
bratec-ostav-menya-v-pokoe,TRULY_MISSING,True,
brachnye-uzy-s-semey-amagami,TRULY_MISSING,True,
bozhestvennaya-stopa,TRULY_MISSING,True,
bored,TRULY_MISSING,True,
bolshaya-lyubov-2,TRULY_MISSING,True,
boginya-zhazhdet-igr,TRULY_MISSING,True,
bogatstvo,TRULY_MISSING,True,
bog-voyny-pyati-stihiy-2,TRULY_MISSING,True,
bog-voyny-pyati-stihiy,TRULY_MISSING,True,
boevoy-otryad-polnyy-proval-3,TRULY_MISSING,True,
boevoy-kontinent-rezhisserskaya-versiya,TRULY_MISSING,True,
boevaya-pesn-nebes,TRULY_MISSING,True,
bodrumskaya-skazka,TRULY_MISSING,True,
blek-malayziyskaya-versiya,TRULY_MISSING,True,
blagorodnaya-zhenschina-2,TRULY_MISSING,True,
blagie-znameniya-lokdaun,TRULY_MISSING,True,
bitva-za-chernobyl,TRULY_MISSING,True,
bishunmo,TRULY_MISSING,True,
bir-fetih-lks-kizilelma,TRULY_MISSING,True,
bill-berr-zhal-chto-vy-tak-dumaete,TRULY_MISSING,True,
bi-nachalo-vtoroy-sezon,TRULY_MISSING,True,
bezuprechnyy-mir-film,TRULY_MISSING,True,
beznadezhnaya-lyubov,TRULY_MISSING,True,
bezmolvnyy-dom-2,TRULY_MISSING,True,
beyonc-s-i-am-world-tour,TRULY_MISSING,True,
beyonc-i-am-yours-an-intimate-performance-at-wynn-las-vegas,TRULY_MISSING,True,
betty-s-bad-luck-in-love,TRULY_MISSING,True,
betmen-temnyy-rycar,TRULY_MISSING,True,
betkolesa,TRULY_MISSING,True,
bessmertie-velichestvennye-gory-i-reki,TRULY_MISSING,True,
bessmertie-4,TRULY_MISSING,True,
bessmertie-3,TRULY_MISSING,True,
besshabashnoe-leto,TRULY_MISSING,True,
besposchadnyy-krovavye-vody,TRULY_MISSING,True,
bespodobnyy-boevoy-duh,TRULY_MISSING,True,
bespechnyy-demon,TRULY_MISSING,True,
beskonechnaya-pomolvka-serial-2007-2008,TRULY_MISSING,True,
beskonechnaya-borba,TRULY_MISSING,True,
belgraviya-sleduyuschaya-glava,TRULY_MISSING,True,
belaya-gvozdika,TRULY_MISSING,True,
begu-k-tebe-vo-vremeni-i-prostranstve,TRULY_MISSING,True,
begu-k-tebe-2,TRULY_MISSING,True,
beglyanka-5,TRULY_MISSING,True,
begi-6,TRULY_MISSING,True,
beg-na-meste,TRULY_MISSING,True,
bedovaya-dzheyn,TRULY_MISSING,True,
bashnya-fantaziy-serial-2013,TRULY_MISSING,True,
bashnya-druagi-geroi-uruka-specvypusk,TRULY_MISSING,True,
bashnya-boga-bitva-pri-masterskoy,TRULY_MISSING,True,
bao-chzhen-zagadochnoe-delo-o-nefritovoy-podveske,TRULY_MISSING,True,
banyan-i-malysh-2017,TRULY_MISSING,True,
bananya-vokrug-sveta,TRULY_MISSING,True,
balkanskiy-rubezh,TRULY_MISSING,True,
balansy-byt-kem-to-esche,TRULY_MISSING,True,
bakugan-legendy,TRULY_MISSING,True,
bad-vegan-fame-fraud-fugitives,TRULY_MISSING,True,
aziz-mahmud-al-hyudai-puteshestvie-lyubvi,TRULY_MISSING,True,
aziz,TRULY_MISSING,True,
atropa,TRULY_MISSING,True,
atom-mini-serial-2007,TRULY_MISSING,True,
atatyurk-1881-1919,TRULY_MISSING,True,
astronomicheskie-zametki,TRULY_MISSING,True,
assorti-iz-dragocennyh-kamney-serial-2009-2010,TRULY_MISSING,True,
aromat-lyubvi-serial-2003-2004,TRULY_MISSING,True,
arknayts-moroznaya-pogibel,TRULY_MISSING,True,
arifureta-silneyshiy-remeslennik-v-mire-3,TRULY_MISSING,True,
arifureta-silneyshiy-remeslennik-v-mire-2,TRULY_MISSING,True,
arena-sudby,TRULY_MISSING,True,
ardzhen,TRULY_MISSING,True,
apple-homepod-welcome-home,TRULY_MISSING,True,
anime-makes-me-cum,TRULY_MISSING,True,
anikulapo-prizrak-vozvraschaetsya,TRULY_MISSING,True,
anhela,TRULY_MISSING,True,
angry-birds-tainstvennyy-ostrov,TRULY_MISSING,True,
andante-lyubvi,TRULY_MISSING,True,
ancient-apocalypse,TRULY_MISSING,True,
amerikanskie-istorii-uzhasov,TRULY_MISSING,True,
amerikanskaya-istoriya-sporta,TRULY_MISSING,True,
alternativnyy-mir-el-hazard,TRULY_MISSING,True,
all-elite-wrestling-revolution,TRULY_MISSING,True,
all-elite-wrestling-dynasty,TRULY_MISSING,True,
all-elite-wrestling-battle-of-the-belts-9,TRULY_MISSING,True,
all-access-making-michael-jackson-s-this-is-it,TRULY_MISSING,True,
alfa-samcy,TRULY_MISSING,True,
alan-davies-life-is-pain,TRULY_MISSING,True,
agentstvo-shestoe-chuvstvo,TRULY_MISSING,True,
agata-2022,TRULY_MISSING,True,
agapi,TRULY_MISSING,True,
advokaty-korei,TRULY_MISSING,True,
advokat-po-razvodam-shin,TRULY_MISSING,True,
absolyutnyy-master-boya,TRULY_MISSING,True,
a-yao-lan,TRULY_MISSING,True,
a-vot-i-bessmertnyy-mechnik-2,TRULY_MISSING,True,
a-vot-i-bessmertnyy-mechnik,TRULY_MISSING,True,
a-stranger-in-the-woods,TRULY_MISSING,True,
a-cvetochki-vsegda-posle-serial-2018,TRULY_MISSING,True,
96-ya-ceremoniya-vrucheniya-premii-oskar,TRULY_MISSING,True,
95-ya-ceremoniya-vrucheniya-premii-oskar-2023,TRULY_MISSING,True,
8-lyubovnyy-istoriy-serial-1999-2000,TRULY_MISSING,True,
71-ya-ceremoniya-vrucheniya-premii-zolotoy-globus,TRULY_MISSING,True,
7-semyan-vtoroy-sezon,TRULY_MISSING,True,
65-ya-ceremoniya-vrucheniya-praym-taym-premii-emmi,TRULY_MISSING,True,
50m2,TRULY_MISSING,True,
30-seconds-to-mars-hurricane,TRULY_MISSING,True,
30-seconds-to-mars-a-beautiful-lie,TRULY_MISSING,True,
3-a-klass-s-etogo-momenta-vy-v-zalozhnikah,TRULY_MISSING,True,
29gram,TRULY_MISSING,True,
1864,TRULY_MISSING,True,
109-strannyh-veschey,TRULY_MISSING,True,
100-dney-do-indikara,TRULY_MISSING,True,
007-doroga-k-millionu,TRULY_MISSING,True,
